run_id,timestamp,asset,signal,source,side,entry_price,exit_price,expected_fill,shadow_fill,pnl,pnl_bps,duration,regime
,2026-04-22T03:11:20.442285,ETH,Mean Reversion,paper,long,2375.33,2375.27,2375.33,2375.33,-0.24,-0.2,988,ranging
,2026-04-22T03:11:20.444519,ETH,Mean Reversion,shadow,long,2376.5,2374.53,2375.24,2376.5,-18.3,-108.3,2415,ranging
,2026-04-22T03:11:26.506668,BTC,Mean Reversion,paper,short,77642.87,77647.35,77642.87,77642.87,-0.58,-0.6,3509,trending
,2026-04-22T03:11:26.508973,BTC,Mean Reversion,shadow,short,77656.03,77667.75,77644.46,77656.03,-11.51,-101.5,459,trending
,2026-04-22T03:11:27.519502,ETH,Mean Reversion,paper,short,2375.31,2375.62,2375.31,2375.31,-1.28,-1.3,2633,low_vol
,2026-04-22T03:11:27.520276,ETH,Mean Reversion,shadow,short,2375.46,2375.92,2375.21,2375.46,-11.95,-102.0,748,low_vol
,2026-04-22T03:11:32.052269,BTC,Mean Reversion,paper,short,77650.68,77653.75,77650.68,77650.68,-0.4,-0.4,228,ranging
,2026-04-22T03:11:32.053151,BTC,Mean Reversion,shadow,short,77649.81,77669.85,77646.55,77649.81,-12.58,-102.6,665,ranging
,2026-04-22T03:11:32.553962,ETH,Mean Reversion,paper,long,2375.12,2374.78,2375.12,2375.12,-1.41,-1.4,803,trending
,2026-04-22T03:11:32.554485,ETH,Mean Reversion,shadow,long,2376.8,2374.43,2375.14,2376.8,-19.97,-110.0,3457,trending
,2026-04-22T03:11:35.585919,BTC,Mean Reversion,paper,long,77640.57,77651.23,77640.57,77640.57,1.37,1.4,635,low_vol
,2026-04-22T03:11:35.587527,BTC,Mean Reversion,shadow,long,77689.17,77623.26,77646.55,77689.17,-18.48,-108.5,546,low_vol
,2026-04-22T03:11:44.150923,BTC,Mean Reversion,paper,long,77666.92,77662.01,77666.92,77666.92,-0.63,-0.6,2968,ranging
,2026-04-22T03:11:44.152057,BTC,Mean Reversion,shadow,long,77704.06,77630.32,77653.61,77704.06,-19.49,-109.5,1523,ranging
,2026-04-22T03:11:54.223122,BTC,Mean Reversion,paper,long,77663.99,77664.01,77663.99,77663.99,0.0,0.0,1109,ranging
,2026-04-22T03:11:54.225169,BTC,Mean Reversion,shadow,long,77703.75,77639.23,77662.52,77703.75,-18.3,-108.3,3400,ranging
,2026-04-22T03:12:02.797397,BTC,Mean Reversion,paper,short,77664.0,77651.91,77664.0,77664.0,1.56,1.6,2898,trending
,2026-04-22T03:12:02.799204,BTC,Mean Reversion,shadow,short,77672.15,77688.35,77665.05,77672.15,-12.09,-102.1,2700,trending
,2026-04-22T03:12:03.811303,BTC,Mean Reversion,paper,short,77669.47,77659.97,77669.47,77669.47,1.22,1.2,2089,low_vol
,2026-04-22T03:12:03.812137,BTC,Mean Reversion,shadow,short,77662.8,77688.37,77665.08,77662.8,-13.29,-103.3,3524,low_vol
,2026-04-22T03:12:08.850063,ETH,Mean Reversion,paper,short,2376.03,2375.99,2376.03,2376.03,0.17,0.2,2299,trending
,2026-04-22T03:12:08.851040,ETH,Mean Reversion,shadow,short,2375.82,2376.6,2375.89,2375.82,-13.26,-103.3,1687,trending
,2026-04-22T03:12:11.375756,ETH,Mean Reversion,paper,long,2375.86,2375.8,2375.86,2375.86,-0.25,-0.3,3347,trending
,2026-04-22T03:12:11.376663,ETH,Mean Reversion,shadow,long,2377.24,2375.04,2375.76,2377.24,-19.27,-109.3,1417,trending
,2026-04-22T03:12:13.898349,ETH,Mean Reversion,paper,long,2376.0,2375.48,2376.0,2376.0,-2.19,-2.2,2174,trending
,2026-04-22T03:12:13.899076,ETH,Mean Reversion,shadow,long,2377.59,2374.99,2375.7,2377.59,-20.94,-110.9,920,trending
,2026-04-22T03:12:15.909856,ETH,Mean Reversion,paper,short,2375.76,2375.22,2375.76,2375.76,2.27,2.3,2061,high_vol
,2026-04-22T03:12:15.911460,ETH,Mean Reversion,shadow,short,2375.36,2376.12,2375.4,2375.36,-13.21,-103.2,528,high_vol
,2026-04-22T03:19:43.031945,ETH,Mean Reversion,paper,long,2363.41,2363.76,2363.41,2363.41,1.49,1.5,2057,ranging
,2026-04-22T03:19:43.034100,ETH,Mean Reversion,shadow,long,2364.9,2363.0,2363.7,2364.9,-18.05,-108.1,2356,ranging
,2026-04-22T03:19:51.056423,ETH,Mean Reversion,paper,short,2364.46,2363.73,2364.46,2364.46,3.1,3.1,2860,low_vol
,2026-04-22T03:19:51.058513,ETH,Mean Reversion,shadow,short,2363.87,2364.7,2363.99,2363.87,-13.54,-103.5,439,low_vol
,2026-04-22T03:20:03.098742,ETH,Mean Reversion,paper,long,2363.43,2363.35,2363.43,2363.43,-0.35,-0.4,2658,low_vol
,2026-04-22T03:20:03.099992,ETH,Mean Reversion,shadow,long,2365.57,2363.0,2363.7,2365.57,-20.89,-110.9,2489,low_vol
,2026-04-22T03:20:07.118924,BTC,Mean Reversion,paper,long,77456.39,77454.54,77456.39,77456.39,-0.24,-0.2,2911,high_vol
,2026-04-22T03:20:07.119626,BTC,Mean Reversion,shadow,long,77510.1,77430.48,77453.71,77510.1,-20.27,-110.3,441,high_vol
,2026-04-22T03:20:09.125759,ETH,Mean Reversion,paper,long,2365.29,2365.36,2365.29,2365.29,0.29,0.3,1921,low_vol
,2026-04-22T03:20:09.127109,ETH,Mean Reversion,shadow,long,2367.05,2364.72,2365.43,2367.05,-19.84,-109.8,2791,low_vol
,2026-04-22T03:20:57.275368,BTC,Mean Reversion,paper,long,77457.11,77441.9,77457.11,77457.11,-1.96,-2.0,1414,low_vol
,2026-04-22T03:20:57.278042,BTC,Mean Reversion,shadow,long,77494.05,77430.75,77453.99,77494.05,-18.17,-108.2,3528,low_vol
,2026-04-22T03:21:17.344637,BTC,Mean Reversion,paper,short,77477.31,77462.1,77477.31,77477.31,1.96,2.0,258,high_vol
,2026-04-22T03:21:17.346348,BTC,Mean Reversion,shadow,short,77490.0,77498.67,77475.42,77490.0,-11.12,-101.1,2253,high_vol
,2026-04-22T03:21:33.416757,BTC,Mean Reversion,paper,short,77488.0,77510.65,77488.0,77488.0,-2.92,-2.9,2203,trending
,2026-04-22T03:21:33.417702,BTC,Mean Reversion,shadow,short,77499.87,77521.24,77497.99,77499.87,-12.76,-102.8,2103,trending
,2026-04-22T03:21:43.465245,BTC,Mean Reversion,paper,long,77507.07,77499.47,77507.07,77507.07,-0.98,-1.0,306,high_vol
,2026-04-22T03:21:43.466507,BTC,Mean Reversion,shadow,long,77540.65,77474.5,77497.74,77540.65,-18.53,-108.5,1744,high_vol
,2026-04-22T03:22:11.552229,ETH,Mean Reversion,paper,long,2366.44,2366.94,2366.44,2366.44,2.12,2.1,410,trending
,2026-04-22T03:22:11.553724,ETH,Mean Reversion,shadow,long,2368.34,2365.82,2366.53,2368.34,-20.66,-110.7,3294,trending
,2026-04-22T03:22:23.593609,ETH,Mean Reversion,paper,long,2364.66,2364.84,2364.66,2364.66,0.75,0.8,3181,high_vol
,2026-04-22T03:22:23.594750,ETH,Mean Reversion,shadow,long,2366.51,2364.1,2364.81,2366.51,-20.22,-110.2,2375,high_vol
,2026-04-22T03:22:27.610391,BTC,Mean Reversion,paper,long,77454.05,77453.04,77454.05,77454.05,-0.13,-0.1,2202,ranging
,2026-04-22T03:22:27.611251,BTC,Mean Reversion,shadow,long,77490.87,77415.78,77439.01,77490.87,-19.69,-109.7,1501,ranging
,2026-04-22T03:22:45.664382,BTC,Mean Reversion,paper,long,77454.04,77455.21,77454.04,77454.04,0.15,0.2,783,low_vol
,2026-04-22T03:22:45.665972,BTC,Mean Reversion,shadow,long,77506.6,77428.42,77451.65,77506.6,-20.09,-110.1,778,low_vol
,2026-04-22T03:22:51.688210,BTC,Mean Reversion,paper,long,77467.9,77453.66,77467.9,77467.9,-1.84,-1.8,115,trending
,2026-04-22T03:22:51.689102,BTC,Mean Reversion,shadow,long,77509.57,77438.54,77461.77,77509.57,-19.16,-109.2,758,trending
,2026-04-22T03:23:07.741983,BTC,Mean Reversion,paper,short,77472.77,77490.88,77472.77,77472.77,-2.34,-2.3,868,high_vol
,2026-04-22T03:23:07.743216,BTC,Mean Reversion,shadow,short,77479.61,77500.15,77476.91,77479.61,-12.65,-102.7,1818,high_vol
,2026-04-22T03:23:19.781895,BTC,Mean Reversion,paper,long,77470.99,77447.68,77470.99,77470.99,-3.01,-3.0,1196,trending
,2026-04-22T03:23:19.783588,BTC,Mean Reversion,shadow,long,77520.85,77438.76,77461.99,77520.85,-20.59,-110.6,2731,trending
,2026-04-22T03:23:35.838369,BTC,Mean Reversion,paper,short,77468.95,77461.43,77468.95,77468.95,0.97,1.0,434,low_vol
,2026-04-22T03:23:35.839852,BTC,Mean Reversion,shadow,short,77469.08,77482.72,77459.49,77469.08,-11.76,-101.8,2476,low_vol
,2026-04-22T03:23:49.890873,BTC,Mean Reversion,paper,long,77497.94,77489.18,77497.94,77497.94,-1.13,-1.1,2470,trending
,2026-04-22T03:23:49.892510,BTC,Mean Reversion,shadow,long,77537.62,77459.96,77483.21,77537.62,-20.02,-110.0,2144,trending
,2026-04-22T03:24:09.961735,ETH,Mean Reversion,paper,long,2365.95,2365.76,2365.95,2365.95,-0.79,-0.8,582,high_vol
,2026-04-22T03:24:09.962958,ETH,Mean Reversion,shadow,long,2366.85,2364.88,2365.59,2366.85,-18.35,-108.4,992,high_vol
,2026-04-22T03:24:19.996798,ETH,Mean Reversion,paper,long,2365.97,2366.14,2365.97,2365.97,0.74,0.7,2864,ranging
,2026-04-22T03:24:19.997760,ETH,Mean Reversion,shadow,long,2367.36,2364.99,2365.69,2367.36,-20.05,-110.0,3188,ranging
,2026-04-22T03:24:30.039127,BTC,Mean Reversion,paper,long,77533.24,77537.88,77533.24,77533.24,0.6,0.6,1733,high_vol
,2026-04-22T03:24:30.040241,BTC,Mean Reversion,shadow,long,77569.07,77505.62,77528.88,77569.07,-18.18,-108.2,124,high_vol
,2026-04-22T03:24:36.061139,BTC,Mean Reversion,paper,short,77517.12,77502.09,77517.12,77517.12,1.94,1.9,1989,low_vol
,2026-04-22T03:24:36.062843,BTC,Mean Reversion,shadow,short,77526.88,77537.48,77514.23,77526.88,-11.37,-101.4,2916,low_vol
,2026-04-22T03:24:54.129357,BTC,Mean Reversion,paper,short,77514.89,77506.57,77514.89,77514.89,1.07,1.1,3187,ranging
,2026-04-22T03:24:54.131433,BTC,Mean Reversion,shadow,short,77499.33,77527.72,77504.46,77499.33,-13.66,-103.7,2578,ranging
,2026-04-22T03:25:00.147029,ETH,Mean Reversion,paper,short,2365.09,2365.08,2365.09,2365.09,0.07,0.1,2359,high_vol
,2026-04-22T03:25:00.148954,ETH,Mean Reversion,shadow,short,2365.49,2365.74,2365.03,2365.49,-11.08,-101.1,3298,high_vol
,2026-04-22T03:25:16.197757,BTC,Mean Reversion,paper,long,77523.11,77530.23,77523.11,77523.11,0.92,0.9,1148,trending
,2026-04-22T03:25:16.199540,BTC,Mean Reversion,shadow,long,77563.89,77496.43,77519.68,77563.89,-18.7,-108.7,657,trending
,2026-04-22T03:25:26.235750,BTC,Mean Reversion,paper,long,77521.95,77502.59,77521.95,77521.95,-2.5,-2.5,1916,high_vol
,2026-04-22T03:25:26.237565,BTC,Mean Reversion,shadow,long,77573.87,77494.27,77517.52,77573.87,-20.26,-110.3,2111,high_vol
,2026-04-22T03:25:36.269796,BTC,Mean Reversion,paper,long,77544.53,77543.84,77544.53,77544.53,-0.09,-0.1,2693,low_vol
,2026-04-22T03:25:36.271586,BTC,Mean Reversion,shadow,long,77599.01,77535.57,77558.83,77599.01,-18.18,-108.2,1793,low_vol
,2026-04-22T03:25:54.330781,BTC,Mean Reversion,paper,long,77549.56,77530.44,77549.56,77549.56,-2.46,-2.5,2209,ranging
,2026-04-22T03:25:54.332595,BTC,Mean Reversion,shadow,long,77585.11,77518.05,77541.32,77585.11,-18.64,-108.6,2176,ranging
,2026-04-22T03:25:56.341361,ETH,Mean Reversion,paper,short,2365.9,2365.53,2365.9,2365.9,1.54,1.5,510,trending
,2026-04-22T03:25:56.342391,ETH,Mean Reversion,shadow,short,2365.99,2366.28,2365.57,2365.99,-11.24,-101.2,1604,trending
,2026-04-22T03:26:24.453423,ETH,Mean Reversion,paper,long,2367.14,2367.23,2367.14,2367.14,0.39,0.4,1200,low_vol
,2026-04-22T03:26:24.453996,ETH,Mean Reversion,shadow,long,2368.8,2366.7,2367.41,2368.8,-18.83,-108.8,1109,low_vol
,2026-04-22T04:18:05.405852,BTC,Mean Reversion,paper,long,77487.83,77484.09,77487.83,77487.83,-0.48,-0.5,2413,trending
,2026-04-22T04:18:05.407839,BTC,Mean Reversion,shadow,long,77518.67,77456.37,77479.61,77518.67,-18.04,-108.0,1147,trending
,2026-04-22T04:18:27.505414,BTC,Mean Reversion,paper,long,77487.4,77470.84,77487.4,77487.4,-2.14,-2.1,1984,low_vol
,2026-04-22T04:18:27.507615,BTC,Mean Reversion,shadow,long,77524.55,77452.75,77475.99,77524.55,-19.26,-109.3,1014,low_vol
,2026-04-22T04:18:37.548915,ETH,Mean Reversion,paper,long,2362.31,2361.79,2362.31,2362.31,-2.17,-2.2,3209,high_vol
,2026-04-22T04:18:37.552810,ETH,Mean Reversion,shadow,long,2363.31,2361.14,2361.85,2363.31,-19.2,-109.2,2265,high_vol
,2026-04-22T04:18:47.602364,BTC,Mean Reversion,paper,long,77509.49,77510.91,77509.49,77509.49,0.18,0.2,2214,high_vol
,2026-04-22T04:18:47.603329,BTC,Mean Reversion,shadow,long,77537.92,77472.69,77495.93,77537.92,-18.41,-108.4,359,high_vol
,2026-04-22T04:18:59.667142,ETH,Mean Reversion,paper,long,2362.06,2362.11,2362.06,2362.06,0.19,0.2,1267,low_vol
,2026-04-22T04:18:59.667951,ETH,Mean Reversion,shadow,long,2362.92,2361.0,2361.7,2362.92,-18.15,-108.2,690,low_vol
,2026-04-22T04:19:03.680893,BTC,Mean Reversion,paper,short,77484.96,77494.39,77484.96,77484.96,-1.22,-1.2,1641,low_vol
,2026-04-22T04:19:03.681676,BTC,Mean Reversion,shadow,short,77481.84,77503.31,77480.07,77481.84,-12.77,-102.8,750,low_vol
,2026-04-22T04:19:45.838218,ETH,Mean Reversion,paper,short,2360.72,2361.03,2360.72,2360.72,-1.33,-1.3,1280,low_vol
,2026-04-22T04:19:45.839875,ETH,Mean Reversion,shadow,short,2360.7,2361.52,2360.82,2360.7,-13.47,-103.5,2403,low_vol
,2026-04-22T04:19:55.868227,ETH,Mean Reversion,paper,long,2361.41,2360.78,2361.41,2361.41,-2.67,-2.7,2556,low_vol
,2026-04-22T04:19:55.869811,ETH,Mean Reversion,shadow,long,2362.88,2360.36,2361.07,2362.88,-20.68,-110.7,2898,low_vol
,2026-04-22T04:19:59.884476,BTC,Mean Reversion,paper,long,77459.76,77458.15,77459.76,77459.76,-0.21,-0.2,2234,high_vol
,2026-04-22T04:19:59.884905,BTC,Mean Reversion,shadow,long,77508.07,77440.33,77463.57,77508.07,-18.74,-108.7,1965,high_vol
,2026-04-22T04:20:03.895847,ETH,Mean Reversion,paper,short,2360.4,2360.45,2360.4,2360.4,-0.18,-0.2,1643,trending
,2026-04-22T04:20:03.896853,ETH,Mean Reversion,shadow,short,2360.67,2361.33,2360.62,2360.67,-12.78,-102.8,421,trending
,2026-04-22T04:20:17.936056,BTC,Mean Reversion,paper,short,77454.56,77453.01,77454.56,77454.56,0.2,0.2,535,ranging
,2026-04-22T04:20:17.937591,BTC,Mean Reversion,shadow,short,77450.46,77467.82,77444.59,77450.46,-12.24,-102.2,424,ranging
,2026-04-22T04:20:19.941980,ETH,Mean Reversion,paper,long,2361.57,2361.41,2361.57,2361.57,-0.68,-0.7,1066,ranging
,2026-04-22T04:20:19.942680,ETH,Mean Reversion,shadow,long,2362.7,2360.63,2361.34,2362.7,-18.75,-108.7,717,ranging
,2026-04-22T04:20:27.973204,BTC,Mean Reversion,paper,short,77449.19,77453.89,77449.19,77449.19,-0.61,-0.6,3582,high_vol
,2026-04-22T04:20:27.974645,BTC,Mean Reversion,shadow,short,77450.33,77466.74,77443.51,77450.33,-12.12,-102.1,3182,high_vol
,2026-04-22T04:20:46.035423,ETH,Mean Reversion,paper,short,2360.12,2360.26,2360.12,2360.12,-0.59,-0.6,2776,trending
,2026-04-22T04:20:46.037563,ETH,Mean Reversion,shadow,short,2360.48,2360.81,2360.11,2360.48,-11.43,-101.4,1776,trending
,2026-04-22T04:20:50.060322,ETH,Mean Reversion,paper,long,2359.34,2358.92,2359.34,2359.34,-1.77,-1.8,1889,trending
,2026-04-22T04:20:50.062151,ETH,Mean Reversion,shadow,long,2360.7,2358.25,2358.95,2360.7,-20.38,-110.4,517,trending
,2026-04-22T04:20:52.069463,ETH,Mean Reversion,paper,short,2359.17,2359.65,2359.17,2359.17,-2.03,-2.0,3479,high_vol
,2026-04-22T04:20:52.070182,ETH,Mean Reversion,shadow,short,2359.38,2359.89,2359.18,2359.38,-12.17,-102.2,2875,high_vol
,2026-04-22T04:21:40.232998,ETH,Mean Reversion,paper,short,2360.22,2360.03,2360.22,2360.22,0.78,0.8,62,trending
,2026-04-22T04:21:40.237163,ETH,Mean Reversion,shadow,short,2360.14,2360.69,2359.98,2360.14,-12.34,-102.3,2947,trending
,2026-04-22T04:21:46.264524,BTC,Mean Reversion,paper,short,77437.13,77415.64,77437.13,77437.13,2.77,2.8,3471,trending
,2026-04-22T04:21:46.266154,BTC,Mean Reversion,shadow,short,77433.37,77454.09,77430.86,77433.37,-12.68,-102.7,1955,trending
,2026-04-22T04:22:02.321165,BTC,Mean Reversion,paper,long,77431.02,77423.68,77431.02,77431.02,-0.95,-0.9,573,high_vol
,2026-04-22T04:22:02.322499,BTC,Mean Reversion,shadow,long,77495.13,77413.91,77437.14,77495.13,-20.48,-110.5,270,high_vol
,2026-04-22T04:22:06.341364,ETH,Mean Reversion,paper,short,2360.19,2360.43,2360.19,2360.19,-1.01,-1.0,2367,ranging
,2026-04-22T04:22:06.343293,ETH,Mean Reversion,shadow,short,2360.49,2360.98,2360.27,2360.49,-12.09,-102.1,167,ranging
,2026-04-22T04:22:10.360165,BTC,Mean Reversion,paper,long,77439.43,77453.68,77439.43,77439.43,1.84,1.8,2726,ranging
,2026-04-22T04:22:10.361015,BTC,Mean Reversion,shadow,long,77497.61,77422.48,77445.71,77497.61,-19.69,-109.7,2258,ranging
,2026-04-22T04:22:22.410382,BTC,Mean Reversion,paper,long,77452.82,77463.46,77452.82,77452.82,1.37,1.4,883,high_vol
,2026-04-22T04:22:22.413246,BTC,Mean Reversion,shadow,long,77512.46,77437.33,77460.57,77512.46,-19.69,-109.7,2340,high_vol
,2026-04-22T04:22:32.453575,ETH,Mean Reversion,paper,short,2360.95,2360.85,2360.95,2360.95,0.4,0.4,3386,low_vol
,2026-04-22T04:22:32.455234,ETH,Mean Reversion,shadow,short,2361.18,2361.45,2360.74,2361.18,-11.16,-101.2,2000,low_vol
,2026-04-22T04:22:56.567467,BTC,Mean Reversion,paper,long,77496.76,77482.31,77496.76,77496.76,-1.86,-1.9,786,high_vol
,2026-04-22T04:22:56.569616,BTC,Mean Reversion,shadow,long,77542.18,77461.08,77484.33,77542.18,-20.46,-110.5,1649,high_vol
,2026-04-22T04:23:00.585066,ETH,Mean Reversion,paper,long,2361.66,2362.03,2361.66,2361.66,1.56,1.6,930,low_vol
,2026-04-22T04:23:00.586360,ETH,Mean Reversion,shadow,long,2363.14,2360.97,2361.68,2363.14,-19.19,-109.2,892,low_vol
,2026-04-22T04:23:16.655983,ETH,Mean Reversion,paper,long,2362.56,2362.34,2362.56,2362.56,-0.95,-0.9,2202,high_vol
,2026-04-22T04:23:16.657038,ETH,Mean Reversion,shadow,long,2364.4,2362.09,2362.8,2364.4,-19.81,-109.8,2408,high_vol
,2026-04-22T04:23:30.700828,ETH,Mean Reversion,paper,long,2362.99,2363.04,2362.99,2362.99,0.21,0.2,499,low_vol
,2026-04-22T04:23:30.702843,ETH,Mean Reversion,shadow,long,2364.37,2362.08,2362.78,2364.37,-19.71,-109.7,2237,low_vol
,2026-04-22T04:23:44.752874,BTC,Mean Reversion,paper,short,77482.88,77505.77,77482.88,77482.88,-2.95,-3.0,1747,ranging
,2026-04-22T04:23:44.753402,BTC,Mean Reversion,shadow,short,77499.87,77520.37,77497.12,77499.87,-12.65,-102.6,3216,ranging
,2026-04-22T04:23:52.786422,BTC,Mean Reversion,paper,short,77466.77,77478.88,77466.77,77466.77,-1.56,-1.6,1090,high_vol
,2026-04-22T04:23:52.787488,BTC,Mean Reversion,shadow,short,77472.76,77492.73,77469.49,77472.76,-12.58,-102.6,1640,high_vol
,2026-04-22T04:24:00.812902,ETH,Mean Reversion,paper,long,2362.17,2362.04,2362.17,2362.17,-0.56,-0.6,1597,low_vol
,2026-04-22T04:24:00.816372,ETH,Mean Reversion,shadow,long,2363.53,2361.0,2361.7,2363.53,-20.71,-110.7,3410,low_vol
,2026-04-22T04:24:04.836727,ETH,Mean Reversion,paper,short,2362.0,2361.87,2362.0,2362.0,0.55,0.6,1898,ranging
,2026-04-22T04:24:04.838069,ETH,Mean Reversion,shadow,short,2361.52,2362.31,2361.61,2361.52,-13.36,-103.4,438,ranging
,2026-04-22T04:24:06.841627,ETH,Mean Reversion,paper,long,2361.27,2361.9,2361.27,2361.27,2.67,2.7,2709,ranging
,2026-04-22T04:24:06.842374,ETH,Mean Reversion,shadow,long,2363.3,2360.9,2361.61,2363.3,-20.18,-110.2,2904,ranging
,2026-04-22T04:24:20.896209,ETH,Mean Reversion,paper,long,2361.09,2361.6,2361.09,2361.09,2.16,2.2,3546,ranging
,2026-04-22T04:24:20.897612,ETH,Mean Reversion,shadow,long,2363.22,2360.7,2361.4,2363.22,-20.67,-110.7,1790,ranging
,2026-04-22T04:24:26.920896,BTC,Mean Reversion,paper,long,77458.94,77451.93,77458.94,77458.94,-0.9,-0.9,668,high_vol
,2026-04-22T04:24:26.922799,BTC,Mean Reversion,shadow,long,77509.06,77426.03,77449.26,77509.06,-20.71,-110.7,2198,high_vol
,2026-04-22T04:24:28.931978,BTC,Mean Reversion,paper,short,77461.53,77441.23,77461.53,77461.53,2.62,2.6,1863,trending
,2026-04-22T04:24:28.932664,BTC,Mean Reversion,shadow,short,77448.77,77472.51,77449.27,77448.77,-13.07,-103.1,2226,trending
,2026-04-22T04:24:59.049237,BTC,Mean Reversion,paper,short,77425.93,77434.0,77425.93,77425.93,-1.04,-1.0,1914,trending
,2026-04-22T04:24:59.051405,BTC,Mean Reversion,shadow,short,77435.22,77463.02,77439.79,77435.22,-13.59,-103.6,185,trending
,2026-04-22T04:25:07.085061,ETH,Mean Reversion,paper,short,2360.75,2360.79,2360.75,2360.75,-0.16,-0.2,3340,ranging
,2026-04-22T04:25:07.086235,ETH,Mean Reversion,shadow,short,2360.31,2361.21,2360.51,2360.31,-13.84,-103.8,2802,ranging
,2026-04-22T04:26:07.329769,BTC,Mean Reversion,paper,short,77466.53,77457.45,77466.53,77466.53,1.17,1.2,3095,low_vol
,2026-04-22T04:26:07.331583,BTC,Mean Reversion,shadow,short,77458.96,77476.93,77453.7,77458.96,-12.32,-102.3,2730,low_vol
,2026-04-22T04:26:33.446230,ETH,Mean Reversion,paper,short,2361.06,2361.77,2361.06,2361.06,-3.01,-3.0,556,high_vol
,2026-04-22T04:26:33.448284,ETH,Mean Reversion,shadow,short,2361.93,2362.2,2361.49,2361.93,-11.14,-101.1,3576,high_vol
,2026-04-22T04:26:53.543051,BTC,Mean Reversion,paper,short,77493.85,77479.82,77493.85,77493.85,1.81,1.8,3348,trending
,2026-04-22T04:26:53.545243,BTC,Mean Reversion,shadow,short,77489.36,77504.6,77481.36,77489.36,-11.97,-102.0,802,trending
,2026-04-22T04:27:01.590975,ETH,Mean Reversion,paper,long,2361.61,2362.09,2361.61,2361.61,2.01,2.0,1962,high_vol
,2026-04-22T04:27:01.593253,ETH,Mean Reversion,shadow,long,2362.95,2360.97,2361.68,2362.95,-18.37,-108.4,1712,high_vol
,2026-04-22T04:27:07.645822,ETH,Mean Reversion,paper,short,2361.91,2361.5,2361.91,2361.91,1.72,1.7,3100,trending
,2026-04-22T04:27:07.649010,ETH,Mean Reversion,shadow,short,2361.86,2362.36,2361.65,2361.86,-12.14,-102.1,451,trending
,2026-04-22T04:27:13.674275,ETH,Mean Reversion,paper,long,2362.25,2361.96,2362.25,2362.25,-1.23,-1.2,918,trending
,2026-04-22T04:27:13.675769,ETH,Mean Reversion,shadow,long,2363.01,2361.09,2361.8,2363.01,-18.16,-108.2,1062,trending
,2026-04-22T04:27:23.715275,ETH,Mean Reversion,paper,short,2362.34,2361.97,2362.34,2362.34,1.58,1.6,1532,low_vol
,2026-04-22T04:27:23.716435,ETH,Mean Reversion,shadow,short,2362.83,2363.09,2362.39,2362.83,-11.1,-101.1,2537,low_vol
,2026-04-22T04:27:27.730947,ETH,Mean Reversion,paper,long,2362.56,2362.77,2362.56,2362.56,0.88,0.9,3199,trending
,2026-04-22T04:27:27.731617,ETH,Mean Reversion,shadow,long,2363.73,2361.68,2362.39,2363.73,-18.7,-108.7,1339,trending
,2026-04-22T04:27:43.799680,ETH,Mean Reversion,paper,short,2362.81,2362.8,2362.81,2362.81,0.01,0.0,466,ranging
,2026-04-22T04:27:43.801499,ETH,Mean Reversion,shadow,short,2363.25,2363.9,2363.19,2363.25,-12.78,-102.8,660,ranging
,2026-04-22T04:27:53.844187,ETH,Mean Reversion,paper,short,2362.69,2363.57,2362.69,2362.69,-3.74,-3.7,2832,trending
,2026-04-22T04:27:53.845725,ETH,Mean Reversion,shadow,short,2362.9,2363.84,2363.14,2362.9,-13.99,-104.0,1907,trending
,2026-04-22T04:27:57.863937,BTC,Mean Reversion,paper,short,77532.87,77527.17,77532.87,77532.87,0.74,0.7,572,high_vol
,2026-04-22T04:27:57.864366,BTC,Mean Reversion,shadow,short,77543.53,77554.26,77531.01,77543.53,-11.38,-101.4,829,high_vol
,2026-04-22T04:28:44.056494,ETH,Mean Reversion,paper,long,2363.47,2363.67,2363.47,2363.47,0.85,0.9,2008,high_vol
,2026-04-22T04:28:44.058521,ETH,Mean Reversion,shadow,long,2364.83,2362.58,2363.28,2364.83,-19.53,-109.5,1723,high_vol
,2026-04-22T04:28:48.069763,ETH,Mean Reversion,paper,long,2362.9,2363.64,2362.9,2362.9,3.13,3.1,180,trending
,2026-04-22T04:28:48.070684,ETH,Mean Reversion,shadow,long,2364.58,2362.58,2363.28,2364.58,-18.46,-108.5,1009,trending
,2026-04-22T04:29:12.170446,BTC,Mean Reversion,paper,short,77505.51,77529.38,77505.51,77505.51,-3.08,-3.1,509,trending
,2026-04-22T04:29:12.171082,BTC,Mean Reversion,shadow,short,77531.67,77543.68,77520.42,77531.67,-11.55,-101.5,2389,trending
,2026-04-22T04:29:14.183233,ETH,Mean Reversion,paper,long,2362.41,2362.58,2362.41,2362.41,0.71,0.7,2652,ranging
,2026-04-22T04:29:14.184049,ETH,Mean Reversion,shadow,long,2363.64,2361.69,2362.39,2363.64,-18.26,-108.3,3379,ranging
,2026-04-22T04:29:18.197034,BTC,Mean Reversion,paper,long,77501.21,77499.51,77501.21,77501.21,-0.22,-0.2,1811,high_vol
,2026-04-22T04:29:18.198327,BTC,Mean Reversion,shadow,long,77566.85,77484.84,77508.1,77566.85,-20.57,-110.6,665,high_vol
,2026-04-22T04:29:30.231210,BTC,Mean Reversion,paper,short,77517.73,77495.78,77517.73,77517.73,2.83,2.8,734,ranging
,2026-04-22T04:29:30.232673,BTC,Mean Reversion,shadow,short,77504.48,77531.22,77507.96,77504.48,-13.45,-103.5,2071,ranging
,2026-04-22T04:29:46.304624,BTC,Mean Reversion,paper,long,77529.32,77521.78,77529.32,77529.32,-0.97,-1.0,2605,high_vol
,2026-04-22T04:29:46.305490,BTC,Mean Reversion,shadow,long,77581.11,77503.5,77526.76,77581.11,-20.0,-110.0,2910,high_vol
,2026-04-22T04:30:10.402361,ETH,Mean Reversion,paper,long,2362.46,2362.32,2362.46,2362.46,-0.57,-0.6,2032,high_vol
,2026-04-22T04:30:10.403851,ETH,Mean Reversion,shadow,long,2364.1,2361.79,2362.49,2364.1,-19.81,-109.8,2202,high_vol
,2026-04-22T04:30:14.423303,BTC,Mean Reversion,paper,short,77495.77,77518.82,77495.77,77495.77,-2.97,-3.0,708,ranging
,2026-04-22T04:30:14.424459,BTC,Mean Reversion,shadow,short,77504.13,77531.35,77508.1,77504.13,-13.51,-103.5,780,ranging
,2026-04-22T04:30:20.448919,ETH,Mean Reversion,paper,long,2361.19,2361.58,2361.19,2361.19,1.64,1.6,1399,low_vol
,2026-04-22T04:30:20.451080,ETH,Mean Reversion,shadow,long,2363.12,2360.63,2361.34,2363.12,-20.52,-110.5,1639,low_vol
,2026-04-22T04:30:34.518258,ETH,Mean Reversion,paper,short,2360.85,2361.52,2360.85,2360.85,-2.83,-2.8,2556,low_vol
,2026-04-22T04:30:34.519790,ETH,Mean Reversion,shadow,short,2361.13,2361.92,2361.21,2361.13,-13.35,-103.3,1458,low_vol
,2026-04-22T04:30:44.563428,BTC,Mean Reversion,paper,long,77522.05,77536.01,77522.05,77522.05,1.8,1.8,302,ranging
,2026-04-22T04:30:44.565586,BTC,Mean Reversion,shadow,long,77575.27,77501.51,77524.76,77575.27,-19.51,-109.5,715,ranging
,2026-04-22T04:30:58.656268,ETH,Mean Reversion,paper,short,2361.11,2361.27,2361.11,2361.11,-0.68,-0.7,1250,trending
,2026-04-22T04:30:58.657165,ETH,Mean Reversion,shadow,short,2361.21,2362.06,2361.36,2361.21,-13.63,-103.6,1421,trending
,2026-04-22T04:31:24.748611,BTC,Mean Reversion,paper,short,77565.75,77565.95,77565.75,77565.75,-0.03,-0.0,2868,ranging
,2026-04-22T04:31:24.750498,BTC,Mean Reversion,shadow,short,77547.76,77575.9,77552.64,77547.76,-13.63,-103.6,1743,ranging
,2026-04-22T04:31:42.829117,BTC,Mean Reversion,paper,long,77535.89,77533.03,77535.89,77535.89,-0.37,-0.4,1907,low_vol
,2026-04-22T04:31:42.830358,BTC,Mean Reversion,shadow,long,77572.53,77506.75,77530.01,77572.53,-18.48,-108.5,2653,low_vol
,2026-04-22T04:32:04.902145,ETH,Mean Reversion,paper,long,2361.96,2361.91,2361.96,2361.96,-0.23,-0.2,2544,trending
,2026-04-22T04:32:04.903380,ETH,Mean Reversion,shadow,long,2362.85,2360.81,2361.52,2362.85,-18.62,-108.6,2825,trending
,2026-04-22T04:32:14.938681,ETH,Mean Reversion,paper,short,2362.0,2361.67,2362.0,2362.0,1.38,1.4,891,low_vol
,2026-04-22T04:32:14.939818,ETH,Mean Reversion,shadow,short,2361.8,2362.41,2361.7,2361.8,-12.59,-102.6,3569,low_vol
,2026-04-22T04:32:20.963610,ETH,Mean Reversion,paper,long,2361.89,2361.75,2361.89,2361.89,-0.59,-0.6,920,high_vol
,2026-04-22T04:32:20.964736,ETH,Mean Reversion,shadow,long,2363.18,2360.77,2361.47,2363.18,-20.2,-110.2,805,high_vol
,2026-04-22T04:32:31.002278,ETH,Mean Reversion,paper,short,2360.77,2360.8,2360.77,2360.77,-0.14,-0.1,227,ranging
,2026-04-22T04:32:31.003176,ETH,Mean Reversion,shadow,short,2361.36,2361.71,2361.01,2361.36,-11.5,-101.5,785,ranging
,2026-04-22T04:32:49.077398,ETH,Mean Reversion,paper,long,2360.71,2360.45,2360.71,2360.71,-1.11,-1.1,914,ranging
,2026-04-22T04:32:49.078757,ETH,Mean Reversion,shadow,long,2362.06,2359.76,2360.47,2362.06,-19.75,-109.7,812,ranging
,2026-04-22T04:33:11.152635,ETH,Mean Reversion,paper,long,2360.5,2360.51,2360.5,2360.5,0.04,0.0,2592,high_vol
,2026-04-22T04:33:11.153886,ETH,Mean Reversion,shadow,long,2361.98,2359.78,2360.49,2361.98,-19.35,-109.3,3272,high_vol
,2026-04-22T04:33:31.235409,ETH,Mean Reversion,paper,long,2360.53,2359.96,2360.53,2360.53,-2.43,-2.4,777,low_vol
,2026-04-22T04:33:31.237589,ETH,Mean Reversion,shadow,long,2361.88,2359.6,2360.31,2361.88,-19.68,-109.7,2413,low_vol
,2026-04-22T04:33:39.269877,ETH,Mean Reversion,paper,long,2360.82,2360.71,2360.82,2360.82,-0.46,-0.5,483,high_vol
,2026-04-22T04:33:39.271684,ETH,Mean Reversion,shadow,long,2361.87,2359.9,2360.61,2361.87,-18.34,-108.3,275,high_vol
,2026-04-22T04:33:47.306545,BTC,Mean Reversion,paper,short,77514.89,77507.64,77514.89,77514.89,0.94,0.9,1147,low_vol
,2026-04-22T04:33:47.308197,BTC,Mean Reversion,shadow,short,77527.97,77541.27,77518.01,77527.97,-11.71,-101.7,2435,low_vol
,2026-04-22T04:33:49.313798,BTC,Mean Reversion,paper,long,77485.86,77481.65,77485.86,77485.86,-0.54,-0.5,2794,ranging
,2026-04-22T04:33:49.314649,BTC,Mean Reversion,shadow,long,77537.77,77472.97,77496.21,77537.77,-18.36,-108.4,397,ranging
,2026-04-22T04:33:55.342823,BTC,Mean Reversion,paper,short,77500.04,77506.17,77500.04,77500.04,-0.79,-0.8,2536,trending
,2026-04-22T04:33:55.345398,BTC,Mean Reversion,shadow,short,77522.54,77532.69,77509.44,77522.54,-11.31,-101.3,3422,trending
,2026-04-22T04:34:09.404365,ETH,Mean Reversion,paper,long,2360.99,2360.45,2360.99,2360.99,-2.3,-2.3,1533,ranging
,2026-04-22T04:34:09.406008,ETH,Mean Reversion,shadow,long,2362.06,2360.13,2360.84,2362.06,-18.19,-108.2,2334,ranging
,2026-04-22T04:34:21.461067,BTC,Mean Reversion,paper,long,77513.84,77524.47,77513.84,77513.84,1.37,1.4,1915,high_vol
,2026-04-22T04:34:21.463787,BTC,Mean Reversion,shadow,long,77574.89,77496.71,77519.96,77574.89,-20.08,-110.1,623,high_vol
,2026-04-22T04:34:37.556061,ETH,Mean Reversion,paper,short,2361.09,2360.5,2361.09,2361.09,2.51,2.5,3356,ranging
,2026-04-22T04:34:37.558923,ETH,Mean Reversion,shadow,short,2360.66,2361.4,2360.69,2360.66,-13.16,-103.2,1351,ranging
,2026-04-22T04:34:53.655971,BTC,Mean Reversion,paper,short,77518.54,77517.85,77518.54,77518.54,0.09,0.1,1521,low_vol
,2026-04-22T04:34:53.657122,BTC,Mean Reversion,shadow,short,77518.41,77533.97,77510.71,77518.41,-12.01,-102.0,302,low_vol
,2026-04-22T04:34:59.680650,ETH,Mean Reversion,paper,long,2360.08,2360.0,2360.08,2360.08,-0.32,-0.3,2320,trending
,2026-04-22T04:34:59.681513,ETH,Mean Reversion,shadow,long,2361.79,2359.67,2360.38,2361.79,-18.97,-109.0,2371,trending
,2026-04-22T04:35:01.686623,BTC,Mean Reversion,paper,long,77500.61,77519.45,77500.61,77500.61,2.43,2.4,3527,trending
,2026-04-22T04:35:01.687111,BTC,Mean Reversion,shadow,long,77566.54,77490.8,77514.05,77566.54,-19.76,-109.8,1675,trending
,2026-04-22T04:35:21.765744,BTC,Mean Reversion,paper,short,77506.84,77494.42,77506.84,77506.84,1.6,1.6,1537,trending
,2026-04-22T04:35:21.766958,BTC,Mean Reversion,shadow,short,77511.46,77524.45,77501.2,77511.46,-11.67,-101.7,1192,trending
,2026-04-22T04:35:29.800014,ETH,Mean Reversion,paper,long,2359.63,2360.07,2359.63,2359.63,1.84,1.8,2314,ranging
,2026-04-22T04:35:29.800641,ETH,Mean Reversion,shadow,long,2360.94,2359.04,2359.74,2360.94,-18.05,-108.0,686,ranging
,2026-04-22T04:35:35.827107,BTC,Mean Reversion,paper,short,77533.61,77532.19,77533.61,77533.61,0.18,0.2,3280,high_vol
,2026-04-22T04:35:35.828279,BTC,Mean Reversion,shadow,short,77521.12,77541.74,77518.48,77521.12,-12.66,-102.7,1274,high_vol
,2026-04-22T04:35:41.853786,BTC,Mean Reversion,paper,long,77514.44,77530.74,77514.44,77514.44,2.1,2.1,1838,trending
,2026-04-22T04:35:41.854879,BTC,Mean Reversion,shadow,long,77568.49,77494.35,77517.61,77568.49,-19.56,-109.6,1486,trending
,2026-04-22T04:36:03.946598,BTC,Mean Reversion,paper,short,77497.83,77506.83,77497.83,77497.83,-1.16,-1.2,3566,ranging
,2026-04-22T04:36:03.948101,BTC,Mean Reversion,shadow,short,77524.76,77533.99,77510.73,77524.76,-11.19,-101.2,3544,ranging
,2026-04-22T04:36:18.001082,ETH,Mean Reversion,paper,short,2361.61,2360.89,2361.61,2361.61,3.02,3.0,1079,trending
,2026-04-22T04:36:18.002235,ETH,Mean Reversion,shadow,short,2360.98,2361.9,2361.19,2360.98,-13.9,-103.9,1445,trending
,2026-04-22T04:36:26.040033,ETH,Mean Reversion,paper,long,2361.69,2361.56,2361.69,2361.69,-0.53,-0.5,1727,low_vol
,2026-04-22T04:36:26.043215,ETH,Mean Reversion,shadow,long,2362.94,2360.58,2361.28,2362.94,-20.01,-110.0,2618,low_vol
,2026-04-22T04:36:40.102681,ETH,Mean Reversion,paper,short,2361.55,2361.32,2361.55,2361.55,0.97,1.0,2543,trending
,2026-04-22T04:36:40.103940,ETH,Mean Reversion,shadow,short,2361.44,2362.01,2361.31,2361.44,-12.44,-102.4,2128,trending
,2026-04-22T04:36:52.155074,BTC,Mean Reversion,paper,long,77543.6,77544.42,77543.6,77543.6,0.11,0.1,1935,low_vol
,2026-04-22T04:36:52.156513,BTC,Mean Reversion,shadow,long,77580.31,77505.75,77529.01,77580.31,-19.61,-109.6,2319,low_vol
,2026-04-22T04:37:04.201451,BTC,Mean Reversion,paper,long,77556.41,77560.25,77556.41,77556.41,0.5,0.5,2273,high_vol
,2026-04-22T04:37:04.203282,BTC,Mean Reversion,shadow,long,77603.91,77524.09,77547.36,77603.91,-20.29,-110.3,1768,high_vol
,2026-04-22T04:37:16.256663,ETH,Mean Reversion,paper,short,2361.22,2361.31,2361.22,2361.22,-0.4,-0.4,2069,trending
,2026-04-22T04:37:16.258477,ETH,Mean Reversion,shadow,short,2361.68,2361.99,2361.28,2361.68,-11.34,-101.3,597,trending
,2026-04-22T04:37:34.332200,ETH,Mean Reversion,paper,long,2361.65,2361.61,2361.65,2361.65,-0.13,-0.1,935,trending
,2026-04-22T04:37:34.333248,ETH,Mean Reversion,shadow,long,2363.18,2360.63,2361.34,2363.18,-20.79,-110.8,2042,trending
,2026-04-22T04:37:36.344387,BTC,Mean Reversion,paper,long,77548.47,77553.38,77548.47,77548.47,0.63,0.6,1511,low_vol
,2026-04-22T04:37:36.344988,BTC,Mean Reversion,shadow,long,77607.83,77525.11,77548.38,77607.83,-20.66,-110.7,3160,low_vol
,2026-04-22T04:37:44.383862,BTC,Mean Reversion,paper,long,77554.56,77554.67,77554.56,77554.56,0.01,0.0,213,trending
,2026-04-22T04:37:44.385164,BTC,Mean Reversion,shadow,long,77602.37,77525.11,77548.38,77602.37,-19.96,-110.0,630,trending
,2026-04-22T04:38:00.467531,BTC,Mean Reversion,paper,short,77548.88,77536.54,77548.88,77548.88,1.59,1.6,3300,ranging
,2026-04-22T04:38:00.469050,BTC,Mean Reversion,shadow,short,77553.19,77574.06,77550.79,77553.19,-12.69,-102.7,772,ranging
,2026-04-22T04:38:04.495084,BTC,Mean Reversion,paper,long,77534.16,77540.48,77534.16,77534.16,0.81,0.8,2908,ranging
,2026-04-22T04:38:04.496034,BTC,Mean Reversion,shadow,long,77594.04,77524.73,77547.99,77594.04,-18.93,-108.9,1993,ranging
,2026-04-22T04:38:08.527498,ETH,Mean Reversion,paper,long,2362.01,2362.41,2362.01,2362.01,1.71,1.7,3514,ranging
,2026-04-22T04:38:08.529791,ETH,Mean Reversion,shadow,long,2363.47,2361.49,2362.19,2363.47,-18.4,-108.4,1646,ranging
,2026-04-22T04:38:36.743302,BTC,Mean Reversion,paper,short,77559.27,77562.45,77559.27,77559.27,-0.41,-0.4,905,trending
,2026-04-22T04:38:36.744636,BTC,Mean Reversion,shadow,short,77572.96,77591.27,77567.99,77572.96,-12.36,-102.4,2885,trending
,2026-04-22T04:38:42.766422,ETH,Mean Reversion,paper,short,2361.98,2361.75,2361.98,2361.98,0.97,1.0,3000,high_vol
,2026-04-22T04:38:42.767835,ETH,Mean Reversion,shadow,short,2362.08,2362.79,2362.09,2362.08,-13.01,-103.0,3354,high_vol
,2026-04-22T04:38:44.778132,ETH,Mean Reversion,paper,short,2362.22,2362.28,2362.22,2362.22,-0.27,-0.3,3349,ranging
,2026-04-22T04:38:44.778630,ETH,Mean Reversion,shadow,short,2361.91,2362.79,2362.09,2361.91,-13.73,-103.7,403,ranging
,2026-04-22T04:38:46.787841,BTC,Mean Reversion,paper,long,77566.7,77564.88,77566.7,77566.7,-0.23,-0.2,1299,high_vol
,2026-04-22T04:38:46.788784,BTC,Mean Reversion,shadow,long,77601.38,77532.35,77555.61,77601.38,-18.9,-108.9,2708,high_vol
,2026-04-22T04:38:54.819002,ETH,Mean Reversion,paper,long,2362.28,2362.93,2362.28,2362.28,2.76,2.8,313,low_vol
,2026-04-22T04:38:54.821428,ETH,Mean Reversion,shadow,long,2364.4,2361.95,2362.65,2364.4,-20.37,-110.4,3020,low_vol
,2026-04-22T04:38:58.835852,BTC,Mean Reversion,paper,long,77569.54,77574.56,77569.54,77569.54,0.65,0.6,1157,trending
,2026-04-22T04:38:58.836316,BTC,Mean Reversion,shadow,long,77628.89,77547.18,77570.46,77628.89,-20.53,-110.5,514,trending
,2026-04-22T04:39:18.919478,BTC,Mean Reversion,paper,long,77608.72,77596.43,77608.72,77608.72,-1.58,-1.6,3577,low_vol
,2026-04-22T04:39:18.920430,BTC,Mean Reversion,shadow,long,77645.61,77579.84,77603.12,77645.61,-18.47,-108.5,711,low_vol
,2026-04-22T04:39:41.031118,BTC,Mean Reversion,paper,short,77667.01,77656.95,77667.01,77667.01,1.29,1.3,1219,low_vol
,2026-04-22T04:39:41.032934,BTC,Mean Reversion,shadow,short,77661.82,77685.53,77662.24,77661.82,-13.05,-103.1,2317,low_vol
,2026-04-22T04:39:51.078537,BTC,Mean Reversion,paper,long,77648.79,77654.6,77648.79,77648.79,0.75,0.7,1055,trending
,2026-04-22T04:39:51.080222,BTC,Mean Reversion,shadow,long,77716.37,77632.21,77655.51,77716.37,-20.83,-110.8,2424,trending
,2026-04-22T04:39:55.095777,BTC,Mean Reversion,paper,long,77666.17,77671.4,77666.17,77666.17,0.67,0.7,1361,low_vol
,2026-04-22T04:39:55.097974,BTC,Mean Reversion,shadow,long,77703.95,77638.68,77661.98,77703.95,-18.4,-108.4,2801,low_vol
,2026-04-22T04:39:59.116651,BTC,Mean Reversion,paper,long,77656.27,77665.67,77656.27,77656.27,1.21,1.2,1146,trending
,2026-04-22T04:39:59.117864,BTC,Mean Reversion,shadow,long,77708.54,77644.3,77667.61,77708.54,-18.27,-108.3,2526,trending
,2026-04-22T04:40:07.149025,BTC,Mean Reversion,paper,short,77713.63,77705.09,77713.63,77713.63,1.1,1.1,957,trending
,2026-04-22T04:40:07.150161,BTC,Mean Reversion,shadow,short,77716.65,77739.3,77715.99,77716.65,-12.91,-102.9,3231,trending
,2026-04-22T04:40:43.312387,ETH,Mean Reversion,paper,long,2367.99,2368.82,2367.99,2367.99,3.48,3.5,873,trending
,2026-04-22T04:40:43.313674,ETH,Mean Reversion,shadow,long,2369.73,2367.72,2368.43,2369.73,-18.5,-108.5,3401,trending
,2026-04-22T04:40:45.323444,BTC,Mean Reversion,paper,short,77707.34,77689.15,77707.34,77707.34,2.34,2.3,288,low_vol
,2026-04-22T04:40:45.324111,BTC,Mean Reversion,shadow,short,77695.15,77722.96,77699.65,77695.15,-13.58,-103.6,2096,low_vol
,2026-04-22T04:41:13.470641,ETH,Mean Reversion,paper,short,2368.28,2369.1,2368.28,2368.28,-3.48,-3.5,257,trending
,2026-04-22T04:41:13.472111,ETH,Mean Reversion,shadow,short,2368.86,2369.36,2368.64,2368.86,-12.11,-102.1,917,trending
,2026-04-22T04:41:21.516635,ETH,Mean Reversion,paper,long,2367.33,2367.44,2367.33,2367.33,0.45,0.4,1054,low_vol
,2026-04-22T04:41:21.518879,ETH,Mean Reversion,shadow,long,2368.95,2367.01,2367.72,2368.95,-18.2,-108.2,1607,low_vol
,2026-04-22T04:41:37.636814,ETH,Mean Reversion,paper,short,2367.89,2367.79,2367.89,2367.89,0.41,0.4,3088,ranging
,2026-04-22T04:41:37.637499,ETH,Mean Reversion,shadow,short,2368.0,2368.29,2367.57,2368.0,-11.2,-101.2,1610,ranging
,2026-04-22T04:42:05.789094,BTC,Mean Reversion,paper,short,77620.19,77618.44,77620.19,77620.19,0.23,0.2,110,high_vol
,2026-04-22T04:42:05.790003,BTC,Mean Reversion,shadow,short,77646.61,77654.71,77631.42,77646.61,-11.04,-101.0,1751,high_vol
,2026-04-22T04:42:17.862891,BTC,Mean Reversion,paper,long,77629.56,77628.75,77629.56,77629.56,-0.1,-0.1,1713,ranging
,2026-04-22T04:42:17.864118,BTC,Mean Reversion,shadow,long,77684.48,77600.64,77623.92,77684.48,-20.79,-110.8,2627,ranging
,2026-04-22T04:42:35.952725,ETH,Mean Reversion,paper,short,2366.95,2366.82,2366.95,2366.95,0.57,0.6,2622,trending
,2026-04-22T04:42:35.953998,ETH,Mean Reversion,shadow,short,2367.16,2367.89,2367.18,2367.16,-13.07,-103.1,3343,trending
,2026-04-22T04:42:54.034617,ETH,Mean Reversion,paper,short,2367.77,2367.77,2367.77,2367.77,-0.01,-0.0,441,low_vol
,2026-04-22T04:42:54.035976,ETH,Mean Reversion,shadow,short,2368.13,2368.64,2367.93,2368.13,-12.12,-102.1,1841,low_vol
,2026-04-22T04:42:56.045911,BTC,Mean Reversion,paper,short,77627.07,77643.13,77627.07,77627.07,-2.07,-2.1,181,high_vol
,2026-04-22T04:42:56.046744,BTC,Mean Reversion,shadow,short,77656.85,77665.38,77642.08,77656.85,-11.1,-101.1,1488,high_vol
,2026-04-22T04:43:00.064228,BTC,Mean Reversion,paper,short,77629.51,77640.42,77629.51,77629.51,-1.41,-1.4,1784,trending
,2026-04-22T04:43:00.065100,BTC,Mean Reversion,shadow,short,77643.29,77665.44,77642.15,77643.29,-12.85,-102.9,954,trending
,2026-04-22T04:43:22.168275,ETH,Mean Reversion,paper,long,2367.81,2367.2,2367.81,2367.81,-2.56,-2.6,1473,low_vol
,2026-04-22T04:43:22.169989,ETH,Mean Reversion,shadow,long,2368.79,2366.74,2367.45,2368.79,-18.62,-108.6,393,low_vol
,2026-04-22T04:43:24.181881,BTC,Mean Reversion,paper,short,77623.52,77620.54,77623.52,77623.52,0.38,0.4,1996,low_vol
,2026-04-22T04:43:24.182617,BTC,Mean Reversion,shadow,short,77646.63,77657.41,77634.11,77646.63,-11.39,-101.4,2450,low_vol
,2026-04-22T04:43:26.194874,BTC,Mean Reversion,paper,long,77611.26,77626.61,77611.26,77611.26,1.98,2.0,2139,high_vol
,2026-04-22T04:43:26.195551,BTC,Mean Reversion,shadow,long,77660.51,77596.18,77619.47,77660.51,-18.28,-108.3,2351,high_vol
,2026-04-22T04:43:34.235325,BTC,Mean Reversion,paper,short,77617.07,77628.03,77617.07,77617.07,-1.41,-1.4,270,high_vol
,2026-04-22T04:43:34.237426,BTC,Mean Reversion,shadow,short,77620.1,77641.27,77617.99,77620.1,-12.73,-102.7,963,high_vol
,2026-04-22T04:44:06.406636,ETH,Mean Reversion,paper,short,2365.31,2365.38,2365.31,2365.31,-0.29,-0.3,2451,high_vol
,2026-04-22T04:44:06.408589,ETH,Mean Reversion,shadow,short,2366.05,2366.43,2365.72,2366.05,-11.64,-101.6,631,high_vol
,2026-04-22T04:44:14.446006,ETH,Mean Reversion,paper,long,2365.44,2365.21,2365.44,2365.44,-0.94,-0.9,1312,ranging
,2026-04-22T04:44:14.447510,ETH,Mean Reversion,shadow,long,2366.58,2364.67,2365.38,2366.58,-18.1,-108.1,507,ranging
,2026-04-22T04:44:42.637862,BTC,Mean Reversion,paper,short,77562.98,77580.92,77562.98,77562.98,-2.31,-2.3,2816,low_vol
,2026-04-22T04:44:42.639104,BTC,Mean Reversion,shadow,short,77572.56,77596.71,77573.43,77572.56,-13.11,-103.1,568,low_vol
,2026-04-22T04:45:16.813935,ETH,Mean Reversion,paper,short,2363.66,2363.26,2363.66,2363.66,1.68,1.7,1675,low_vol
,2026-04-22T04:45:16.816112,ETH,Mean Reversion,shadow,short,2363.5,2363.91,2363.2,2363.5,-11.72,-101.7,1832,low_vol
,2026-04-22T04:45:18.825356,BTC,Mean Reversion,paper,long,77555.26,77530.55,77555.26,77555.26,-3.19,-3.2,3164,low_vol
,2026-04-22T04:45:18.826218,BTC,Mean Reversion,shadow,long,77583.46,77520.47,77543.74,77583.46,-18.12,-108.1,67,low_vol
,2026-04-22T04:45:20.839447,ETH,Mean Reversion,paper,short,2362.96,2362.87,2362.96,2362.96,0.36,0.4,2856,trending
,2026-04-22T04:45:20.840321,ETH,Mean Reversion,shadow,short,2363.56,2363.99,2363.28,2363.56,-11.82,-101.8,1433,trending
,2026-04-22T04:45:30.900366,BTC,Mean Reversion,paper,short,77530.4,77552.47,77530.4,77530.4,-2.85,-2.8,544,low_vol
,2026-04-22T04:45:30.900963,BTC,Mean Reversion,shadow,short,77550.83,77564.03,77540.76,77550.83,-11.7,-101.7,1498,low_vol
,2026-04-22T04:45:32.909368,ETH,Mean Reversion,paper,short,2363.02,2363.08,2363.02,2363.02,-0.25,-0.2,1703,trending
,2026-04-22T04:45:32.910174,ETH,Mean Reversion,shadow,short,2363.45,2363.92,2363.22,2363.45,-11.99,-102.0,1597,trending
,2026-04-22T04:45:49.009832,BTC,Mean Reversion,paper,short,77553.35,77537.74,77553.35,77553.35,2.01,2.0,3372,trending
,2026-04-22T04:45:49.010391,BTC,Mean Reversion,shadow,short,77546.33,77564.03,77540.76,77546.33,-12.28,-102.3,2934,trending
,2026-04-22T04:45:57.057202,BTC,Mean Reversion,paper,short,77580.95,77565.47,77580.95,77580.95,2.0,2.0,1157,ranging
,2026-04-22T04:45:57.057905,BTC,Mean Reversion,shadow,short,77580.86,77593.26,77569.99,77580.86,-11.6,-101.6,146,ranging
,2026-04-22T04:46:01.083570,ETH,Mean Reversion,paper,long,2363.97,2364.4,2363.97,2363.97,1.86,1.9,2914,high_vol
,2026-04-22T04:46:01.084399,ETH,Mean Reversion,shadow,long,2365.84,2363.71,2364.41,2365.84,-19.03,-109.0,1617,high_vol
,2026-04-22T04:46:19.186660,BTC,Mean Reversion,paper,long,77572.07,77561.22,77572.07,77572.07,-1.4,-1.4,2304,low_vol
,2026-04-22T04:46:19.187294,BTC,Mean Reversion,shadow,long,77608.48,77541.26,77564.52,77608.48,-18.66,-108.7,671,low_vol
,2026-04-22T04:46:21.199061,ETH,Mean Reversion,paper,long,2363.82,2364.3,2363.82,2363.82,2.03,2.0,2009,low_vol
,2026-04-22T04:46:21.199730,ETH,Mean Reversion,shadow,long,2365.4,2363.4,2364.11,2365.4,-18.48,-108.5,3578,low_vol
,2026-04-22T04:47:09.463806,BTC,Mean Reversion,paper,long,77585.75,77563.98,77585.75,77585.75,-2.81,-2.8,1663,high_vol
,2026-04-22T04:47:09.464678,BTC,Mean Reversion,shadow,long,77613.07,77550.75,77574.02,77613.07,-18.03,-108.0,3045,high_vol
,2026-04-22T04:47:19.525323,BTC,Mean Reversion,paper,long,77575.4,77601.38,77575.4,77575.4,3.35,3.3,3593,low_vol
,2026-04-22T04:47:19.526164,BTC,Mean Reversion,shadow,long,77650.66,77567.49,77590.77,77650.66,-20.71,-110.7,1090,low_vol
,2026-04-22T04:47:21.533666,BTC,Mean Reversion,paper,short,77601.94,77594.53,77601.94,77601.94,0.96,1.0,3068,high_vol
,2026-04-22T04:47:21.534504,BTC,Mean Reversion,shadow,short,77588.65,77615.88,77592.6,77588.65,-13.51,-103.5,912,high_vol
,2026-04-22T04:47:37.625998,ETH,Mean Reversion,paper,short,2365.05,2365.26,2365.05,2365.05,-0.9,-0.9,1956,trending
,2026-04-22T04:47:37.626718,ETH,Mean Reversion,shadow,short,2364.86,2365.5,2364.8,2364.86,-12.73,-102.7,677,trending
,2026-04-22T04:48:13.826846,ETH,Mean Reversion,paper,short,2365.05,2364.28,2365.05,2365.05,3.25,3.3,632,low_vol
,2026-04-22T04:48:13.827408,ETH,Mean Reversion,shadow,short,2364.91,2365.45,2364.74,2364.91,-12.32,-102.3,1826,low_vol
,2026-04-22T04:48:17.848510,ETH,Mean Reversion,paper,short,2365.01,2365.01,2365.01,2365.01,-0.03,-0.0,2004,low_vol
,2026-04-22T04:48:17.849158,ETH,Mean Reversion,shadow,short,2364.63,2365.25,2364.55,2364.63,-12.63,-102.6,1120,low_vol
,2026-04-22T04:48:25.886096,ETH,Mean Reversion,paper,long,2365.1,2364.94,2365.1,2365.1,-0.66,-0.7,2210,trending
,2026-04-22T04:48:25.886887,ETH,Mean Reversion,shadow,long,2366.16,2364.01,2364.72,2366.16,-19.11,-109.1,3159,trending
,2026-04-22T04:48:37.946536,BTC,Mean Reversion,paper,long,77570.08,77571.98,77570.08,77570.08,0.24,0.2,3138,high_vol
,2026-04-22T04:48:37.947097,BTC,Mean Reversion,shadow,long,77627.64,77562.31,77585.58,77627.64,-18.42,-108.4,877,high_vol
,2026-04-22T04:48:39.956215,BTC,Mean Reversion,paper,short,77581.87,77590.66,77581.87,77581.87,-1.13,-1.1,582,low_vol
,2026-04-22T04:48:39.956733,BTC,Mean Reversion,shadow,short,77573.95,77603.73,77580.46,77573.95,-13.84,-103.8,2303,low_vol
,2026-04-22T04:48:56.036547,BTC,Mean Reversion,paper,long,77570.83,77588.9,77570.83,77570.83,2.33,2.3,1574,trending
,2026-04-22T04:48:56.036915,BTC,Mean Reversion,shadow,long,77645.34,77562.31,77585.58,77645.34,-20.69,-110.7,209,trending
,2026-04-22T04:49:00.054024,BTC,Mean Reversion,paper,long,77587.82,77591.81,77587.82,77587.82,0.51,0.5,3133,trending
,2026-04-22T04:49:00.054860,BTC,Mean Reversion,shadow,long,77636.54,77562.31,77585.58,77636.54,-19.56,-109.6,1222,trending
,2026-04-22T04:49:06.085295,BTC,Mean Reversion,paper,long,77601.34,77596.71,77601.34,77601.34,-0.6,-0.6,973,high_vol
,2026-04-22T04:49:06.085669,BTC,Mean Reversion,shadow,long,77630.12,77565.51,77588.79,77630.12,-18.32,-108.3,3395,high_vol
,2026-04-22T04:49:14.132650,BTC,Mean Reversion,paper,long,77576.94,77576.39,77576.94,77576.94,-0.07,-0.1,212,high_vol
,2026-04-22T04:49:14.133405,BTC,Mean Reversion,shadow,long,77624.12,77544.22,77567.49,77624.12,-20.29,-110.3,2524,high_vol
,2026-04-22T04:49:26.190965,ETH,Mean Reversion,paper,short,2364.13,2363.71,2364.13,2364.13,1.77,1.8,2821,low_vol
,2026-04-22T04:49:26.191787,ETH,Mean Reversion,shadow,short,2364.34,2364.8,2364.09,2364.34,-11.92,-101.9,67,low_vol
,2026-04-22T04:49:28.204266,ETH,Mean Reversion,paper,long,2364.02,2363.81,2364.02,2364.02,-0.9,-0.9,801,low_vol
,2026-04-22T04:49:28.205025,ETH,Mean Reversion,shadow,long,2365.83,2363.43,2364.14,2365.83,-20.15,-110.1,3081,low_vol
,2026-04-22T04:49:38.257379,ETH,Mean Reversion,paper,short,2363.9,2364.27,2363.9,2363.9,-1.57,-1.6,1943,low_vol
,2026-04-22T04:49:38.257960,ETH,Mean Reversion,shadow,short,2364.11,2364.89,2364.18,2364.11,-13.31,-103.3,1477,low_vol
,2026-04-22T04:49:56.351241,ETH,Mean Reversion,paper,short,2362.32,2363.0,2362.32,2362.32,-2.85,-2.8,125,trending
,2026-04-22T04:49:56.351664,ETH,Mean Reversion,shadow,short,2363.01,2363.49,2362.78,2363.01,-12.03,-102.0,615,trending
,2026-04-22T04:50:24.470210,ETH,Mean Reversion,paper,long,2363.31,2363.13,2363.31,2363.31,-0.76,-0.8,2958,ranging
,2026-04-22T04:50:24.470765,ETH,Mean Reversion,shadow,long,2364.95,2362.42,2363.13,2364.95,-20.71,-110.7,3144,ranging
,2026-04-22T04:50:30.500666,ETH,Mean Reversion,paper,short,2363.14,2363.77,2363.14,2363.14,-2.66,-2.7,1306,trending
,2026-04-22T04:50:30.501215,ETH,Mean Reversion,shadow,short,2363.78,2364.08,2363.38,2363.78,-11.28,-101.3,2805,trending
,2026-04-22T04:50:36.533661,BTC,Mean Reversion,paper,long,77522.3,77519.97,77522.3,77522.3,-0.3,-0.3,3379,trending
,2026-04-22T04:50:36.534223,BTC,Mean Reversion,shadow,long,77591.94,77508.22,77531.48,77591.94,-20.79,-110.8,1512,trending
,2026-04-22T04:51:04.681315,ETH,Mean Reversion,paper,long,2363.4,2364.24,2363.4,2363.4,3.59,3.6,876,ranging
,2026-04-22T04:51:04.681810,ETH,Mean Reversion,shadow,long,2365.47,2363.15,2363.86,2365.47,-19.82,-109.8,2620,ranging
,2026-04-22T04:51:10.711399,ETH,Mean Reversion,paper,long,2363.26,2363.55,2363.26,2363.26,1.23,1.2,1299,ranging
,2026-04-22T04:51:10.712157,ETH,Mean Reversion,shadow,long,2365.48,2362.96,2363.66,2365.48,-20.68,-110.7,955,ranging
,2026-04-22T04:51:28.803206,ETH,Mean Reversion,paper,short,2363.81,2362.93,2363.81,2363.81,3.74,3.7,2190,low_vol
,2026-04-22T04:51:28.804034,ETH,Mean Reversion,shadow,short,2363.38,2364.07,2363.36,2363.38,-12.95,-102.9,2524,low_vol
,2026-04-22T04:51:32.830090,ETH,Mean Reversion,paper,short,2363.81,2363.05,2363.81,2363.81,3.23,3.2,2868,ranging
,2026-04-22T04:51:32.830976,ETH,Mean Reversion,shadow,short,2363.34,2364.07,2363.36,2363.34,-13.12,-103.1,285,ranging
,2026-04-22T04:51:34.845462,BTC,Mean Reversion,paper,long,77536.4,77538.18,77536.4,77536.4,0.23,0.2,2969,ranging
,2026-04-22T04:51:34.846218,BTC,Mean Reversion,shadow,long,77568.2,77499.69,77522.95,77568.2,-18.83,-108.8,2942,ranging
,2026-04-22T04:51:42.890237,ETH,Mean Reversion,paper,long,2362.96,2362.86,2362.96,2362.96,-0.42,-0.4,2841,trending
,2026-04-22T04:51:42.891043,ETH,Mean Reversion,shadow,long,2364.13,2362.24,2362.95,2364.13,-18.01,-108.0,471,trending
,2026-04-22T04:52:11.056146,BTC,Mean Reversion,paper,long,77530.42,77528.88,77530.42,77530.42,-0.2,-0.2,2227,trending
,2026-04-22T04:52:11.056699,BTC,Mean Reversion,shadow,long,77571.64,77493.75,77517.01,77571.64,-20.04,-110.0,1461,trending
,2026-04-22T04:52:23.130139,ETH,Mean Reversion,paper,long,2361.95,2361.67,2361.95,2361.95,-1.18,-1.2,855,trending
,2026-04-22T04:52:23.130918,ETH,Mean Reversion,shadow,long,2363.07,2360.98,2361.68,2363.07,-18.87,-108.9,2553,trending
,2026-04-22T04:52:31.175866,BTC,Mean Reversion,paper,long,77502.57,77506.11,77502.57,77502.57,0.46,0.5,579,low_vol
,2026-04-22T04:52:31.176702,BTC,Mean Reversion,shadow,long,77543.29,77472.96,77496.21,77543.29,-19.07,-109.1,1838,low_vol
,2026-04-22T04:52:45.247755,ETH,Mean Reversion,paper,long,2363.3,2363.24,2363.3,2363.3,-0.25,-0.3,925,high_vol
,2026-04-22T04:52:45.248108,ETH,Mean Reversion,shadow,long,2365.35,2362.79,2363.49,2365.35,-20.85,-110.9,3473,high_vol
,2026-04-22T04:52:49.268305,ETH,Mean Reversion,paper,short,2363.39,2363.47,2363.39,2363.39,-0.33,-0.3,1889,trending
,2026-04-22T04:52:49.268901,ETH,Mean Reversion,shadow,short,2363.71,2364.24,2363.53,2363.71,-12.23,-102.2,1961,trending
,2026-04-22T04:52:51.280643,BTC,Mean Reversion,paper,short,77547.14,77545.57,77547.14,77547.14,0.2,0.2,1563,trending
,2026-04-22T04:52:51.281397,BTC,Mean Reversion,shadow,short,77553.34,77564.03,77540.76,77553.34,-11.38,-101.4,719,trending
,2026-04-22T04:53:05.367688,BTC,Mean Reversion,paper,short,77546.6,77535.75,77546.6,77546.6,1.4,1.4,543,low_vol
,2026-04-22T04:53:05.368246,BTC,Mean Reversion,shadow,short,77538.02,77567.0,77543.74,77538.02,-13.74,-103.7,2392,low_vol
,2026-04-22T04:53:07.383120,ETH,Mean Reversion,paper,long,2363.5,2363.56,2363.5,2363.5,0.24,0.2,2213,ranging
,2026-04-22T04:53:07.383758,ETH,Mean Reversion,shadow,long,2364.81,2362.62,2363.33,2364.81,-19.24,-109.2,938,ranging
,2026-04-22T04:53:51.645320,BTC,Mean Reversion,paper,long,77502.14,77502.1,77502.14,77502.14,-0.01,-0.0,3586,trending
,2026-04-22T04:53:51.646175,BTC,Mean Reversion,shadow,long,77552.77,77475.95,77499.2,77552.77,-19.91,-109.9,3593,trending
,2026-04-22T04:53:59.693451,ETH,Mean Reversion,paper,short,2362.85,2362.95,2362.85,2362.85,-0.39,-0.4,392,trending
,2026-04-22T04:53:59.694265,ETH,Mean Reversion,shadow,short,2363.29,2363.65,2362.94,2363.29,-11.55,-101.5,2881,trending
,2026-04-22T04:54:07.740199,BTC,Mean Reversion,paper,short,77517.05,77513.73,77517.05,77517.05,0.43,0.4,611,trending
,2026-04-22T04:54:07.740990,BTC,Mean Reversion,shadow,short,77503.32,77531.35,77508.1,77503.32,-13.62,-103.6,285,trending
,2026-04-22T04:54:11.759862,BTC,Mean Reversion,paper,long,77514.38,77493.14,77514.38,77514.38,-2.74,-2.7,844,low_vol
,2026-04-22T04:54:11.760697,BTC,Mean Reversion,shadow,long,77553.1,77484.84,77508.1,77553.1,-18.8,-108.8,1737,low_vol
,2026-04-22T04:54:39.930505,ETH,Mean Reversion,paper,short,2362.66,2362.95,2362.66,2362.66,-1.23,-1.2,146,trending
,2026-04-22T04:54:39.931276,ETH,Mean Reversion,shadow,short,2363.18,2363.48,2362.77,2363.18,-11.28,-101.3,2642,trending
,2026-04-22T04:54:45.962856,ETH,Mean Reversion,paper,long,2362.83,2363.23,2362.83,2362.83,1.7,1.7,446,low_vol
,2026-04-22T04:54:45.963667,ETH,Mean Reversion,shadow,long,2364.52,2362.06,2362.77,2364.52,-20.4,-110.4,695,low_vol
,2026-04-22T04:54:58.034164,ETH,Mean Reversion,paper,short,2362.46,2362.05,2362.46,2362.46,1.76,1.8,3382,ranging
,2026-04-22T04:54:58.034921,ETH,Mean Reversion,shadow,short,2362.07,2363.0,2362.3,2362.07,-13.94,-103.9,3201,ranging
,2026-04-22T04:55:06.085735,ETH,Mean Reversion,paper,long,2361.97,2362.04,2361.97,2361.97,0.26,0.3,2049,high_vol
,2026-04-22T04:55:06.086342,ETH,Mean Reversion,shadow,long,2363.41,2361.3,2362.01,2363.41,-18.94,-108.9,94,high_vol
,2026-04-22T04:55:36.290424,BTC,Mean Reversion,paper,long,77465.19,77475.89,77465.19,77465.19,1.38,1.4,2023,low_vol
,2026-04-22T04:55:36.291215,BTC,Mean Reversion,shadow,long,77509.56,77445.79,77469.03,77509.56,-18.23,-108.2,107,low_vol
,2026-04-22T04:55:46.350387,ETH,Mean Reversion,paper,short,2361.47,2361.68,2361.47,2361.47,-0.88,-0.9,939,low_vol
,2026-04-22T04:55:46.351248,ETH,Mean Reversion,shadow,short,2361.53,2362.32,2361.61,2361.53,-13.35,-103.4,1221,low_vol
,2026-04-22T04:55:58.421891,ETH,Mean Reversion,paper,short,2362.38,2362.2,2362.38,2362.38,0.78,0.8,103,high_vol
,2026-04-22T04:55:58.422512,ETH,Mean Reversion,shadow,short,2361.86,2362.7,2361.99,2361.86,-13.55,-103.6,1543,high_vol
,2026-04-22T04:56:16.539022,ETH,Mean Reversion,paper,long,2362.23,2362.73,2362.23,2362.23,2.16,2.2,634,high_vol
,2026-04-22T04:56:16.539813,ETH,Mean Reversion,shadow,long,2363.7,2361.79,2362.49,2363.7,-18.08,-108.1,2777,high_vol
,2026-04-22T04:57:02.830700,ETH,Mean Reversion,paper,long,2362.57,2361.88,2362.57,2362.57,-2.92,-2.9,2307,low_vol
,2026-04-22T04:57:02.831392,ETH,Mean Reversion,shadow,long,2363.81,2361.58,2362.28,2363.81,-19.44,-109.4,1014,low_vol
,2026-04-22T04:57:24.969859,BTC,Mean Reversion,paper,long,77471.93,77468.77,77471.93,77471.93,-0.41,-0.4,2363,ranging
,2026-04-22T04:57:24.970732,BTC,Mean Reversion,shadow,long,77537.63,77458.38,77481.62,77537.63,-20.22,-110.2,1165,ranging
,2026-04-22T04:57:33.020482,ETH,Mean Reversion,paper,short,2362.5,2363.06,2362.5,2362.5,-2.39,-2.4,1017,trending
,2026-04-22T04:57:33.021092,ETH,Mean Reversion,shadow,short,2362.74,2363.6,2362.89,2362.74,-13.64,-103.6,2484,trending
,2026-04-22T04:57:49.134131,ETH,Mean Reversion,paper,long,2363.28,2362.72,2363.28,2363.28,-2.37,-2.4,970,ranging
,2026-04-22T04:57:49.134981,ETH,Mean Reversion,shadow,long,2364.29,2362.11,2362.82,2364.29,-19.24,-109.2,3343,ranging
,2026-04-22T04:57:51.147116,ETH,Mean Reversion,paper,long,2362.24,2362.39,2362.24,2362.24,0.64,0.6,2036,ranging
,2026-04-22T04:57:51.147626,ETH,Mean Reversion,shadow,long,2364.21,2362.0,2362.7,2364.21,-19.37,-109.4,310,ranging
,2026-04-22T04:57:55.170460,ETH,Mean Reversion,paper,short,2362.65,2362.77,2362.65,2362.65,-0.5,-0.5,3522,ranging
,2026-04-22T04:57:55.171031,ETH,Mean Reversion,shadow,short,2362.93,2363.57,2362.86,2362.93,-12.71,-102.7,602,ranging
,2026-04-22T04:58:11.270708,BTC,Mean Reversion,paper,long,77507.93,77504.74,77507.93,77507.93,-0.41,-0.4,481,low_vol
,2026-04-22T04:58:11.271521,BTC,Mean Reversion,shadow,long,77553.52,77472.95,77496.2,77553.52,-20.39,-110.4,2543,low_vol
,2026-04-22T04:59:37.963418,ETH,Mean Reversion,paper,long,2363.09,2363.63,2363.09,2363.09,2.27,2.3,1022,ranging
,2026-04-22T04:59:37.964206,ETH,Mean Reversion,shadow,long,2364.94,2362.79,2363.49,2364.94,-19.09,-109.1,117,ranging
,2026-04-22T04:59:41.984538,BTC,Mean Reversion,paper,long,77503.63,77476.75,77503.63,77503.63,-3.47,-3.5,1697,low_vol
,2026-04-22T04:59:41.984984,BTC,Mean Reversion,shadow,long,77532.99,77468.84,77492.08,77532.99,-18.27,-108.3,1293,low_vol
,2026-04-22T05:00:06.096861,ETH,Mean Reversion,paper,long,2365.11,2364.34,2365.11,2365.11,-3.23,-3.2,614,trending
,2026-04-22T05:00:06.097524,ETH,Mean Reversion,shadow,long,2366.3,2363.99,2364.69,2366.3,-19.79,-109.8,3375,trending
,2026-04-22T05:00:18.148574,BTC,Mean Reversion,paper,short,77484.76,77491.47,77484.76,77484.76,-0.87,-0.9,2753,trending
,2026-04-22T05:00:18.149242,BTC,Mean Reversion,shadow,short,77508.85,77523.26,77500.01,77508.85,-11.86,-101.9,2691,trending
,2026-04-22T05:00:52.309310,BTC,Mean Reversion,paper,short,77491.46,77503.04,77491.46,77491.46,-1.49,-1.5,1255,ranging
,2026-04-22T05:00:52.310049,BTC,Mean Reversion,shadow,short,77520.66,77529.95,77506.7,77520.66,-11.2,-101.2,1714,ranging
,2026-04-22T05:00:56.331345,BTC,Mean Reversion,paper,short,77494.41,77500.6,77494.41,77494.41,-0.8,-0.8,3040,trending
,2026-04-22T05:00:56.332323,BTC,Mean Reversion,shadow,short,77501.98,77516.61,77493.36,77501.98,-11.89,-101.9,3287,trending
,2026-04-22T05:01:00.356896,ETH,Mean Reversion,paper,long,2362.66,2362.11,2362.66,2362.66,-2.36,-2.4,1028,high_vol
,2026-04-22T05:01:00.359610,ETH,Mean Reversion,shadow,long,2364.26,2361.85,2362.56,2364.26,-20.18,-110.2,869,high_vol
,2026-04-22T05:01:04.387169,BTC,Mean Reversion,paper,long,77491.11,77470.79,77491.11,77491.11,-2.62,-2.6,1481,trending
,2026-04-22T05:01:04.395201,BTC,Mean Reversion,shadow,long,77545.26,77461.09,77484.33,77545.26,-20.85,-110.9,384,trending
,2026-04-22T05:01:30.510006,BTC,Mean Reversion,paper,long,77498.98,77480.17,77498.98,77498.98,-2.43,-2.4,2748,high_vol
,2026-04-22T05:01:30.510883,BTC,Mean Reversion,shadow,long,77540.14,77464.39,77487.64,77540.14,-19.77,-109.8,2630,high_vol
,2026-04-22T05:01:32.521952,ETH,Mean Reversion,paper,short,2362.42,2363.02,2362.42,2362.42,-2.56,-2.6,2429,low_vol
,2026-04-22T05:01:32.522584,ETH,Mean Reversion,shadow,short,2362.69,2363.3,2362.6,2362.69,-12.59,-102.6,1568,low_vol
,2026-04-22T05:01:44.582036,BTC,Mean Reversion,paper,short,77481.16,77468.54,77481.16,77481.16,1.63,1.6,2202,ranging
,2026-04-22T05:01:44.582935,BTC,Mean Reversion,shadow,short,77482.14,77501.64,77478.39,77482.14,-12.52,-102.5,3288,ranging
,2026-04-22T05:02:16.727779,BTC,Mean Reversion,paper,long,77469.76,77475.06,77469.76,77469.76,0.68,0.7,2587,low_vol
,2026-04-22T05:02:16.728658,BTC,Mean Reversion,shadow,long,77540.33,77458.57,77481.82,77540.33,-20.54,-110.5,1480,low_vol
,2026-04-22T05:03:51.136475,ETH,Mean Reversion,paper,short,2363.0,2363.11,2363.0,2363.0,-0.48,-0.5,3051,ranging
,2026-04-22T05:03:51.137025,ETH,Mean Reversion,shadow,short,2363.73,2364.1,2363.39,2363.73,-11.59,-101.6,2413,ranging
,2026-04-22T05:04:17.261344,BTC,Mean Reversion,paper,short,77487.69,77480.13,77487.69,77487.69,0.98,1.0,455,trending
,2026-04-22T05:04:17.262225,BTC,Mean Reversion,shadow,short,77489.66,77508.41,77485.16,77489.66,-12.42,-102.4,1715,trending
,2026-04-22T05:04:21.280659,BTC,Mean Reversion,paper,long,77484.75,77479.68,77484.75,77484.75,-0.65,-0.7,95,ranging
,2026-04-22T05:04:21.281420,BTC,Mean Reversion,shadow,long,77541.95,77461.8,77485.04,77541.95,-20.34,-110.3,665,ranging
,2026-04-22T05:04:23.289613,ETH,Mean Reversion,paper,long,2363.48,2363.38,2363.48,2363.48,-0.43,-0.4,786,high_vol
,2026-04-22T05:04:23.290454,ETH,Mean Reversion,shadow,long,2364.98,2362.92,2363.62,2364.98,-18.74,-108.7,670,high_vol
,2026-04-22T05:04:41.370565,BTC,Mean Reversion,paper,long,77504.55,77498.7,77504.55,77504.55,-0.75,-0.8,1024,ranging
,2026-04-22T05:04:41.371466,BTC,Mean Reversion,shadow,long,77557.81,77484.83,77508.08,77557.81,-19.41,-109.4,714,ranging
,2026-04-22T05:04:51.418205,BTC,Mean Reversion,paper,long,77481.56,77490.01,77481.56,77481.56,1.09,1.1,998,low_vol
,2026-04-22T05:04:51.418830,BTC,Mean Reversion,shadow,long,77535.96,77472.97,77496.21,77535.96,-18.12,-108.1,1555,low_vol
,2026-04-22T05:09:10.243712,ETH,Mean Reversion,paper,long,2368.7,2368.69,2368.7,2368.7,-0.05,-0.0,1481,low_vol
,2026-04-22T05:09:10.244518,ETH,Mean Reversion,shadow,long,2369.82,2367.78,2368.49,2369.82,-18.6,-108.6,1319,low_vol
,2026-04-22T05:09:16.276978,ETH,Mean Reversion,paper,long,2368.63,2368.03,2368.63,2368.63,-2.54,-2.5,2538,ranging
,2026-04-22T05:09:16.278107,ETH,Mean Reversion,shadow,long,2369.44,2367.49,2368.2,2369.44,-18.2,-108.2,3221,ranging
,2026-04-22T05:09:38.389945,BTC,Mean Reversion,paper,long,77584.83,77575.64,77584.83,77584.83,-1.18,-1.2,3547,high_vol
,2026-04-22T05:09:38.390715,BTC,Mean Reversion,shadow,long,77638.64,77559.93,77583.21,77638.64,-20.14,-110.1,3138,high_vol
,2026-04-22T05:09:46.432428,ETH,Mean Reversion,paper,short,2367.81,2367.43,2367.81,2367.81,1.62,1.6,3197,ranging
,2026-04-22T05:09:46.433301,ETH,Mean Reversion,shadow,short,2367.52,2368.18,2367.47,2367.52,-12.77,-102.8,672,ranging
,2026-04-22T05:09:56.477203,BTC,Mean Reversion,paper,short,77575.4,77560.04,77575.4,77575.4,1.98,2.0,3228,trending
,2026-04-22T05:09:56.477699,BTC,Mean Reversion,shadow,short,77588.17,77597.49,77574.22,77588.17,-11.2,-101.2,112,trending
,2026-04-22T05:10:06.520222,ETH,Mean Reversion,paper,short,2366.91,2367.0,2366.91,2366.91,-0.38,-0.4,3299,high_vol
,2026-04-22T05:10:06.521079,ETH,Mean Reversion,shadow,short,2367.22,2368.02,2367.31,2367.22,-13.37,-103.4,3584,high_vol
,2026-04-22T05:10:42.708499,ETH,Mean Reversion,paper,short,2366.79,2366.6,2366.79,2366.79,0.79,0.8,3290,ranging
,2026-04-22T05:10:42.709294,ETH,Mean Reversion,shadow,short,2367.23,2367.52,2366.81,2367.23,-11.22,-101.2,2068,ranging
,2026-04-22T05:11:20.882778,ETH,Mean Reversion,paper,long,2367.22,2366.82,2367.22,2367.22,-1.7,-1.7,1901,trending
,2026-04-22T05:11:20.883457,ETH,Mean Reversion,shadow,long,2368.84,2366.43,2367.14,2368.84,-20.15,-110.1,404,trending
,2026-04-22T05:11:26.908657,ETH,Mean Reversion,paper,short,2366.61,2367.11,2366.61,2366.61,-2.1,-2.1,2854,low_vol
,2026-04-22T05:11:26.909434,ETH,Mean Reversion,shadow,short,2367.37,2367.79,2367.07,2367.37,-11.76,-101.8,1644,low_vol
,2026-04-22T05:11:34.934588,BTC,Mean Reversion,paper,long,77562.97,77543.75,77562.97,77562.97,-2.48,-2.5,3331,trending
,2026-04-22T05:11:34.935137,BTC,Mean Reversion,shadow,long,77610.28,77532.35,77555.61,77610.28,-20.04,-110.0,1503,trending
,2026-04-22T05:11:40.957770,ETH,Mean Reversion,paper,short,2366.25,2366.28,2366.25,2366.25,-0.14,-0.1,83,high_vol
,2026-04-22T05:11:40.958640,ETH,Mean Reversion,shadow,short,2366.63,2367.18,2366.47,2366.63,-12.34,-102.3,1877,high_vol
,2026-04-22T05:11:51.005119,ETH,Mean Reversion,paper,long,2365.54,2365.75,2365.54,2365.54,0.86,0.9,1800,trending
,2026-04-22T05:11:51.005939,ETH,Mean Reversion,shadow,long,2367.32,2365.0,2365.7,2367.32,-19.82,-109.8,2126,trending
,2026-04-22T05:12:09.093654,BTC,Mean Reversion,paper,long,77543.48,77556.57,77543.48,77543.48,1.69,1.7,2510,high_vol
,2026-04-22T05:12:09.094237,BTC,Mean Reversion,shadow,long,77615.75,77532.34,77555.61,77615.75,-20.75,-110.7,3452,high_vol
,2026-04-22T05:12:25.168699,BTC,Mean Reversion,paper,long,77544.4,77553.6,77544.4,77544.4,1.19,1.2,2351,high_vol
,2026-04-22T05:12:25.169512,BTC,Mean Reversion,shadow,long,77612.47,77529.79,77553.05,77612.47,-20.65,-110.7,498,high_vol
,2026-04-22T05:12:27.179195,BTC,Mean Reversion,paper,short,77566.42,77561.3,77566.42,77566.42,0.66,0.7,737,high_vol
,2026-04-22T05:12:27.179784,BTC,Mean Reversion,shadow,short,77558.62,77578.87,77555.61,77558.62,-12.61,-102.6,1896,high_vol
,2026-04-22T05:12:39.239122,BTC,Mean Reversion,paper,long,77580.15,77579.72,77580.15,77580.15,-0.05,-0.1,276,ranging
,2026-04-22T05:12:39.239955,BTC,Mean Reversion,shadow,long,77624.32,77544.21,77567.49,77624.32,-20.32,-110.3,3034,ranging
,2026-04-22T05:12:57.329841,ETH,Mean Reversion,paper,long,2366.63,2367.39,2366.63,2366.63,3.22,3.2,1723,high_vol
,2026-04-22T05:12:57.330629,ETH,Mean Reversion,shadow,long,2368.83,2366.28,2366.99,2368.83,-20.75,-110.8,3057,high_vol
,2026-04-22T05:13:11.399975,BTC,Mean Reversion,paper,long,77603.35,77589.32,77603.35,77603.35,-1.81,-1.8,1995,low_vol
,2026-04-22T05:13:11.400725,BTC,Mean Reversion,shadow,long,77637.12,77567.53,77590.8,77637.12,-18.96,-109.0,2641,low_vol
,2026-04-22T05:13:35.514812,ETH,Mean Reversion,paper,long,2367.76,2367.51,2367.76,2367.76,-1.06,-1.1,2759,trending
,2026-04-22T05:13:35.515501,ETH,Mean Reversion,shadow,long,2368.92,2366.82,2367.53,2368.92,-18.86,-108.9,1181,trending
,2026-04-22T05:13:37.526826,ETH,Mean Reversion,paper,long,2367.66,2367.19,2367.66,2367.66,-2.02,-2.0,1361,low_vol
,2026-04-22T05:13:37.527580,ETH,Mean Reversion,shadow,long,2369.04,2366.79,2367.5,2369.04,-19.49,-109.5,3433,low_vol
,2026-04-22T05:13:51.599751,BTC,Mean Reversion,paper,long,77575.97,77599.27,77575.97,77575.97,3.0,3.0,1522,ranging
,2026-04-22T05:13:51.600586,BTC,Mean Reversion,shadow,long,77646.72,77567.98,77591.26,77646.72,-20.14,-110.1,2337,ranging
,2026-04-22T05:14:05.676208,BTC,Mean Reversion,paper,short,77575.17,77584.62,77575.17,77575.17,-1.22,-1.2,276,low_vol
,2026-04-22T05:14:05.676811,BTC,Mean Reversion,shadow,short,77596.65,77605.28,77582.01,77596.65,-11.11,-101.1,2270,low_vol
,2026-04-22T05:14:15.721869,ETH,Mean Reversion,paper,long,2367.35,2366.95,2367.35,2367.35,-1.7,-1.7,212,low_vol
,2026-04-22T05:14:15.722669,ETH,Mean Reversion,shadow,long,2368.39,2366.19,2366.9,2368.39,-19.27,-109.3,741,low_vol
,2026-04-22T05:14:19.746097,ETH,Mean Reversion,paper,long,2367.03,2367.35,2367.03,2367.03,1.35,1.4,2449,ranging
,2026-04-22T05:14:19.746929,ETH,Mean Reversion,shadow,long,2368.57,2366.2,2366.91,2368.57,-19.99,-110.0,109,ranging
,2026-04-22T05:14:21.759410,ETH,Mean Reversion,paper,short,2367.21,2367.15,2367.21,2367.21,0.22,0.2,1142,high_vol
,2026-04-22T05:14:21.760219,ETH,Mean Reversion,shadow,short,2366.84,2367.69,2366.97,2366.84,-13.57,-103.6,1505,high_vol
,2026-04-22T05:14:25.781197,ETH,Mean Reversion,paper,long,2366.64,2367.05,2366.64,2366.64,1.73,1.7,1844,trending
,2026-04-22T05:14:25.782015,ETH,Mean Reversion,shadow,long,2368.64,2366.19,2366.9,2368.64,-20.31,-110.3,1609,trending
,2026-04-22T05:14:55.945752,BTC,Mean Reversion,paper,long,77552.86,77559.86,77552.86,77552.86,0.9,0.9,2364,ranging
,2026-04-22T05:14:55.946444,BTC,Mean Reversion,shadow,long,77618.32,77538.41,77561.67,77618.32,-20.3,-110.3,652,ranging
,2026-04-22T05:15:26.320723,BTC,Mean Reversion,paper,short,77553.4,77551.28,77553.4,77553.4,0.27,0.3,2377,ranging
,2026-04-22T05:15:26.321568,BTC,Mean Reversion,shadow,short,77552.5,77578.88,77555.61,77552.5,-13.4,-103.4,2577,ranging
,2026-04-22T05:15:32.358779,BTC,Mean Reversion,paper,long,77551.82,77573.58,77551.82,77551.82,2.81,2.8,791,high_vol
,2026-04-22T05:15:32.359740,BTC,Mean Reversion,shadow,long,77613.09,77537.26,77560.52,77613.09,-19.77,-109.8,919,high_vol
,2026-04-22T05:15:34.369405,ETH,Mean Reversion,paper,short,2367.74,2367.66,2367.74,2367.74,0.33,0.3,130,trending
,2026-04-22T05:15:34.371830,ETH,Mean Reversion,shadow,short,2367.32,2368.16,2367.44,2367.32,-13.54,-103.5,166,trending
,2026-04-22T05:15:36.380945,ETH,Mean Reversion,paper,short,2367.44,2367.86,2367.44,2367.44,-1.79,-1.8,3196,high_vol
,2026-04-22T05:15:36.381728,ETH,Mean Reversion,shadow,short,2367.78,2368.16,2367.44,2367.78,-11.58,-101.6,2571,high_vol
,2026-04-22T05:15:58.487225,BTC,Mean Reversion,paper,short,77537.83,77534.81,77537.83,77537.83,0.39,0.4,353,ranging
,2026-04-22T05:15:58.488037,BTC,Mean Reversion,shadow,short,77547.15,77569.97,77546.71,77547.15,-12.94,-102.9,3446,ranging
,2026-04-22T05:16:18.581975,ETH,Mean Reversion,paper,long,2369.93,2370.55,2369.93,2369.93,2.62,2.6,1594,trending
,2026-04-22T05:16:18.582796,ETH,Mean Reversion,shadow,long,2371.85,2369.46,2370.18,2371.85,-20.06,-110.1,1009,trending
,2026-04-22T05:16:20.595127,BTC,Mean Reversion,paper,long,77614.89,77637.56,77614.89,77614.89,2.92,2.9,1610,high_vol
,2026-04-22T05:16:20.595902,BTC,Mean Reversion,shadow,long,77671.89,77606.58,77629.86,77671.89,-18.41,-108.4,2744,high_vol
,2026-04-22T05:16:26.627790,BTC,Mean Reversion,paper,long,77691.94,77680.65,77691.94,77691.94,-1.45,-1.5,3037,high_vol
,2026-04-22T05:16:26.628235,BTC,Mean Reversion,shadow,long,77722.76,77656.25,77679.55,77722.76,-18.56,-108.6,1773,high_vol
,2026-04-22T05:16:42.699577,ETH,Mean Reversion,paper,short,2373.74,2373.07,2373.74,2373.74,2.82,2.8,1691,low_vol
,2026-04-22T05:16:42.700241,ETH,Mean Reversion,shadow,short,2373.4,2374.01,2373.3,2373.4,-12.56,-102.6,2605,low_vol
,2026-04-22T05:16:44.707203,BTC,Mean Reversion,paper,short,77840.01,77845.29,77840.01,77840.01,-0.68,-0.7,2970,high_vol
,2026-04-22T05:16:44.707986,BTC,Mean Reversion,shadow,short,77857.53,77874.59,77851.23,77857.53,-12.19,-102.2,2041,high_vol
,2026-04-22T05:16:58.777864,ETH,Mean Reversion,paper,long,2376.94,2377.28,2376.94,2376.94,1.47,1.5,2298,low_vol
,2026-04-22T05:16:58.778537,ETH,Mean Reversion,shadow,long,2378.63,2376.62,2377.33,2378.63,-18.46,-108.5,2681,low_vol
,2026-04-22T05:17:04.805224,ETH,Mean Reversion,paper,long,2376.41,2375.99,2376.41,2376.41,-1.75,-1.8,639,ranging
,2026-04-22T05:17:04.805734,ETH,Mean Reversion,shadow,long,2377.73,2375.63,2376.35,2377.73,-18.84,-108.8,2273,ranging
,2026-04-22T05:17:26.899414,ETH,Mean Reversion,paper,short,2385.4,2384.71,2385.4,2385.4,2.91,2.9,1572,ranging
,2026-04-22T05:17:26.900211,ETH,Mean Reversion,shadow,short,2385.38,2385.85,2385.14,2385.38,-11.99,-102.0,2029,ranging
,2026-04-22T05:17:36.943089,ETH,Mean Reversion,paper,short,2384.4,2384.17,2384.4,2384.4,0.95,0.9,2706,high_vol
,2026-04-22T05:17:36.943930,ETH,Mean Reversion,shadow,short,2384.38,2384.97,2384.26,2384.38,-12.47,-102.5,1481,high_vol
,2026-04-22T05:17:40.961301,ETH,Mean Reversion,paper,short,2384.1,2384.17,2384.1,2384.1,-0.27,-0.3,1577,low_vol
,2026-04-22T05:17:40.962266,ETH,Mean Reversion,shadow,short,2384.8,2385.14,2384.43,2384.8,-11.43,-101.4,1525,low_vol
,2026-04-22T05:18:25.153244,BTC,Mean Reversion,paper,long,77988.32,77983.34,77988.32,77988.32,-0.64,-0.6,3293,low_vol
,2026-04-22T05:18:25.153900,BTC,Mean Reversion,shadow,long,78029.67,77965.42,77988.82,78029.67,-18.23,-108.2,2598,low_vol
,2026-04-22T05:18:31.182408,ETH,Mean Reversion,paper,short,2384.17,2384.14,2384.17,2384.17,0.14,0.1,2790,ranging
,2026-04-22T05:18:31.182758,ETH,Mean Reversion,shadow,short,2384.27,2385.02,2384.3,2384.27,-13.12,-103.1,869,ranging
,2026-04-22T05:18:55.312693,BTC,Mean Reversion,paper,short,77863.49,77864.05,77863.49,77863.49,-0.07,-0.1,512,trending
,2026-04-22T05:18:55.314216,BTC,Mean Reversion,shadow,short,77889.39,77899.74,77876.38,77889.39,-11.33,-101.3,1499,trending
,2026-04-22T05:19:19.441755,BTC,Mean Reversion,paper,long,77983.85,77976.4,77983.85,77983.85,-0.96,-1.0,1309,low_vol
,2026-04-22T05:19:19.442698,BTC,Mean Reversion,shadow,long,78031.36,77957.02,77980.41,78031.36,-19.53,-109.5,591,low_vol
,2026-04-22T05:19:27.485268,BTC,Mean Reversion,paper,short,77936.69,77921.6,77936.69,77936.69,1.94,1.9,3507,low_vol
,2026-04-22T05:19:27.485882,BTC,Mean Reversion,shadow,short,77936.84,77950.24,77926.86,77936.84,-11.72,-101.7,2242,low_vol
,2026-04-22T05:19:45.582356,ETH,Mean Reversion,paper,short,2390.43,2391.07,2390.43,2390.43,-2.68,-2.7,2415,trending
,2026-04-22T05:19:45.583109,ETH,Mean Reversion,shadow,short,2391.19,2391.49,2390.78,2391.19,-11.27,-101.3,1575,trending
,2026-04-22T05:20:05.702102,BTC,Mean Reversion,paper,short,77949.81,77941.36,77949.81,77949.81,1.08,1.1,603,trending
,2026-04-22T05:20:05.702864,BTC,Mean Reversion,shadow,short,77966.64,77978.18,77954.79,77966.64,-11.48,-101.5,685,trending
,2026-04-22T05:20:15.752852,ETH,Mean Reversion,paper,short,2389.68,2389.19,2389.68,2389.68,2.06,2.1,3484,trending
,2026-04-22T05:20:15.753776,ETH,Mean Reversion,shadow,short,2389.95,2390.29,2389.57,2389.95,-11.39,-101.4,2840,trending
,2026-04-22T05:20:41.905232,BTC,Mean Reversion,paper,long,77916.37,77910.02,77916.37,77916.37,-0.82,-0.8,2444,ranging
,2026-04-22T05:20:41.906069,BTC,Mean Reversion,shadow,long,77957.14,77889.92,77913.29,77957.14,-18.62,-108.6,2145,ranging
,2026-04-22T05:21:00.013162,BTC,Mean Reversion,paper,short,77924.26,77944.83,77924.26,77924.26,-2.64,-2.6,370,trending
,2026-04-22T05:21:00.013897,BTC,Mean Reversion,shadow,short,77938.5,77952.98,77929.61,77938.5,-11.86,-101.9,1874,trending
,2026-04-22T05:21:32.196607,BTC,Mean Reversion,paper,short,78052.52,78054.77,78052.52,78052.52,-0.29,-0.3,1462,ranging
,2026-04-22T05:21:32.197364,BTC,Mean Reversion,shadow,short,78061.61,78073.41,78049.99,78061.61,-11.51,-101.5,730,ranging
,2026-04-22T05:21:38.231271,ETH,Mean Reversion,paper,short,2394.74,2394.9,2394.74,2394.74,-0.69,-0.7,1352,low_vol
,2026-04-22T05:21:38.231888,ETH,Mean Reversion,shadow,short,2395.29,2395.78,2395.07,2395.29,-12.05,-102.0,3248,low_vol
,2026-04-22T05:21:48.292281,ETH,Mean Reversion,paper,long,2393.11,2393.01,2393.11,2393.11,-0.42,-0.4,1659,high_vol
,2026-04-22T05:21:48.293000,ETH,Mean Reversion,shadow,long,2395.28,2392.69,2393.4,2395.28,-20.83,-110.8,3563,high_vol
,2026-04-22T05:22:06.387028,ETH,Mean Reversion,paper,short,2392.66,2393.34,2392.66,2392.66,-2.84,-2.8,2217,trending
,2026-04-22T05:22:06.387696,ETH,Mean Reversion,shadow,short,2392.87,2393.66,2392.94,2392.87,-13.29,-103.3,1018,trending
,2026-04-22T05:22:46.619887,BTC,Mean Reversion,paper,long,78058.22,78032.52,78058.22,78058.22,-3.29,-3.3,393,low_vol
,2026-04-22T05:22:46.620727,BTC,Mean Reversion,shadow,long,78087.36,78022.25,78045.67,78087.36,-18.34,-108.3,3381,low_vol
,2026-04-22T05:22:48.633702,BTC,Mean Reversion,paper,short,78033.75,78046.14,78033.75,78033.75,-1.59,-1.6,3422,low_vol
,2026-04-22T05:22:48.634522,BTC,Mean Reversion,shadow,short,78046.86,78069.09,78045.67,78046.86,-12.85,-102.8,2682,low_vol
,2026-04-22T05:23:02.714450,BTC,Mean Reversion,paper,short,78024.0,78052.42,78024.0,78024.0,-3.64,-3.6,1603,ranging
,2026-04-22T05:23:02.715263,BTC,Mean Reversion,shadow,short,78051.08,78062.79,78039.38,78051.08,-11.5,-101.5,2098,ranging
,2026-04-22T05:23:08.741717,BTC,Mean Reversion,paper,long,78027.53,78033.98,78027.53,78027.53,0.83,0.8,2530,high_vol
,2026-04-22T05:23:08.742535,BTC,Mean Reversion,shadow,long,78089.82,78019.52,78042.93,78089.82,-19.0,-109.0,993,high_vol
,2026-04-22T05:23:16.791275,BTC,Mean Reversion,paper,long,78053.06,78044.93,78053.06,78053.06,-1.04,-1.0,2189,trending
,2026-04-22T05:23:16.792093,BTC,Mean Reversion,shadow,long,78087.99,78018.64,78042.05,78087.99,-18.88,-108.9,1187,trending
,2026-04-22T05:23:18.804415,ETH,Mean Reversion,paper,long,2388.25,2388.82,2388.25,2388.25,2.4,2.4,1926,high_vol
,2026-04-22T05:23:18.804990,ETH,Mean Reversion,shadow,long,2389.86,2387.91,2388.62,2389.86,-18.17,-108.2,374,high_vol
,2026-04-22T05:23:24.840894,ETH,Mean Reversion,paper,short,2388.65,2388.47,2388.65,2388.65,0.75,0.8,3157,high_vol
,2026-04-22T05:23:24.841455,ETH,Mean Reversion,shadow,short,2388.42,2389.01,2388.3,2388.42,-12.46,-102.5,1881,high_vol
,2026-04-22T05:23:26.851374,BTC,Mean Reversion,paper,long,78024.55,78024.45,78024.55,78024.55,-0.01,-0.0,3574,high_vol
,2026-04-22T05:23:26.852066,BTC,Mean Reversion,shadow,long,78078.85,78010.37,78033.79,78078.85,-18.77,-108.8,3538,high_vol
,2026-04-22T05:23:34.891147,ETH,Mean Reversion,paper,short,2388.81,2388.17,2388.81,2388.81,2.66,2.7,2898,trending
,2026-04-22T05:23:34.891695,ETH,Mean Reversion,shadow,short,2388.48,2389.16,2388.44,2388.48,-12.84,-102.8,67,trending
,2026-04-22T05:24:49.306183,ETH,Mean Reversion,paper,long,2390.16,2389.79,2390.16,2390.16,-1.57,-1.6,1769,high_vol
,2026-04-22T05:24:49.306972,ETH,Mean Reversion,shadow,long,2391.62,2389.39,2390.11,2391.62,-19.35,-109.3,2161,high_vol
,2026-04-22T05:25:09.422882,ETH,Mean Reversion,paper,long,2393.89,2393.72,2393.89,2393.89,-0.69,-0.7,3294,high_vol
,2026-04-22T05:25:09.423711,ETH,Mean Reversion,shadow,long,2394.68,2392.69,2393.41,2394.68,-18.32,-108.3,446,high_vol
,2026-04-22T05:25:13.449872,ETH,Mean Reversion,paper,short,2392.14,2392.55,2392.14,2392.14,-1.73,-1.7,3380,low_vol
,2026-04-22T05:25:13.450669,ETH,Mean Reversion,shadow,short,2392.45,2393.01,2392.3,2392.45,-12.37,-102.4,3168,low_vol
,2026-04-22T05:25:21.505677,ETH,Mean Reversion,paper,short,2394.87,2394.72,2394.87,2394.87,0.6,0.6,1707,ranging
,2026-04-22T05:25:21.506507,ETH,Mean Reversion,shadow,short,2394.17,2395.12,2394.4,2394.17,-13.97,-104.0,3393,ranging
,2026-04-22T05:25:25.530131,BTC,Mean Reversion,paper,short,78412.69,78417.9,78412.69,78412.69,-0.66,-0.7,1164,low_vol
,2026-04-22T05:25:25.530782,BTC,Mean Reversion,shadow,short,78417.64,78433.92,78410.39,78417.64,-12.08,-102.1,1354,low_vol
,2026-04-22T05:25:37.599583,ETH,Mean Reversion,paper,short,2393.15,2393.73,2393.15,2393.15,-2.41,-2.4,797,ranging
,2026-04-22T05:25:37.600133,ETH,Mean Reversion,shadow,short,2393.76,2394.12,2393.4,2393.76,-11.51,-101.5,219,ranging
,2026-04-22T05:25:41.627959,ETH,Mean Reversion,paper,short,2392.74,2393.04,2392.74,2392.74,-1.28,-1.3,770,low_vol
,2026-04-22T05:25:41.628763,ETH,Mean Reversion,shadow,short,2392.99,2393.5,2392.78,2392.99,-12.14,-102.1,972,low_vol
,2026-04-22T05:25:49.680589,BTC,Mean Reversion,paper,short,78334.54,78341.95,78334.54,78334.54,-0.95,-0.9,1314,ranging
,2026-04-22T05:25:49.681291,BTC,Mean Reversion,shadow,short,78353.09,78369.14,78345.64,78353.09,-12.05,-102.0,3202,ranging
,2026-04-22T05:25:53.706770,ETH,Mean Reversion,paper,short,2391.85,2391.85,2391.85,2391.85,-0.01,-0.0,316,ranging
,2026-04-22T05:25:53.707485,ETH,Mean Reversion,shadow,short,2392.38,2392.81,2392.1,2392.38,-11.8,-101.8,1432,ranging
,2026-04-22T05:25:57.733759,ETH,Mean Reversion,paper,short,2392.99,2393.16,2392.99,2392.99,-0.7,-0.7,2554,trending
,2026-04-22T05:25:57.734471,ETH,Mean Reversion,shadow,short,2393.01,2393.57,2392.86,2393.01,-12.33,-102.3,1918,trending
,2026-04-22T05:26:15.854513,ETH,Mean Reversion,paper,short,2391.66,2392.41,2391.66,2391.66,-3.13,-3.1,1225,trending
,2026-04-22T05:26:15.855043,ETH,Mean Reversion,shadow,short,2392.29,2392.82,2392.11,2392.29,-12.23,-102.2,998,trending
,2026-04-22T05:26:17.867059,ETH,Mean Reversion,paper,long,2391.03,2391.0,2391.03,2391.03,-0.14,-0.1,1165,trending
,2026-04-22T05:26:17.867760,ETH,Mean Reversion,shadow,long,2393.13,2390.74,2391.45,2393.13,-19.99,-110.0,3355,trending
,2026-04-22T05:26:46.042881,BTC,Mean Reversion,paper,long,78247.46,78247.84,78247.46,78247.46,0.05,0.0,1483,low_vol
,2026-04-22T05:26:46.043663,BTC,Mean Reversion,shadow,long,78310.47,78236.53,78260.01,78310.47,-19.44,-109.4,3127,low_vol
,2026-04-22T05:26:54.096470,ETH,Mean Reversion,paper,short,2391.26,2391.69,2391.26,2391.26,-1.82,-1.8,1232,trending
,2026-04-22T05:26:54.097177,ETH,Mean Reversion,shadow,short,2391.4,2392.26,2391.55,2391.4,-13.62,-103.6,1186,trending
,2026-04-22T05:27:06.169752,ETH,Mean Reversion,paper,short,2391.12,2391.29,2391.12,2391.12,-0.74,-0.7,2260,high_vol
,2026-04-22T05:27:06.170518,ETH,Mean Reversion,shadow,short,2391.55,2391.92,2391.2,2391.55,-11.57,-101.6,256,high_vol
,2026-04-22T05:27:26.295180,BTC,Mean Reversion,paper,short,78197.7,78199.39,78197.7,78197.7,-0.22,-0.2,2978,ranging
,2026-04-22T05:27:26.295839,BTC,Mean Reversion,shadow,short,78211.54,78231.48,78208.02,78211.54,-12.55,-102.5,1094,ranging
,2026-04-22T05:27:36.372721,ETH,Mean Reversion,paper,short,2388.48,2388.54,2388.48,2388.48,-0.24,-0.2,2026,low_vol
,2026-04-22T05:27:36.373433,ETH,Mean Reversion,shadow,short,2388.33,2388.78,2388.07,2388.33,-11.88,-101.9,1979,low_vol
,2026-04-22T05:28:16.616491,BTC,Mean Reversion,paper,short,78274.6,78252.92,78274.6,78274.6,2.77,2.8,2785,high_vol
,2026-04-22T05:28:16.617337,BTC,Mean Reversion,shadow,short,78263.81,78285.94,78262.46,78263.81,-12.83,-102.8,3135,high_vol
,2026-04-22T05:28:34.737644,ETH,Mean Reversion,paper,short,2387.6,2387.79,2387.6,2387.6,-0.82,-0.8,2990,low_vol
,2026-04-22T05:28:34.738409,ETH,Mean Reversion,shadow,short,2387.42,2388.2,2387.48,2387.42,-13.26,-103.3,1666,low_vol
,2026-04-22T05:28:44.803016,ETH,Mean Reversion,paper,short,2388.03,2388.09,2388.03,2388.03,-0.24,-0.2,917,high_vol
,2026-04-22T05:28:44.803849,ETH,Mean Reversion,shadow,short,2388.07,2388.56,2387.85,2388.07,-12.04,-102.0,1086,high_vol
,2026-04-22T05:28:52.850632,ETH,Mean Reversion,paper,long,2388.08,2387.92,2388.08,2388.08,-0.66,-0.7,1381,low_vol
,2026-04-22T05:28:52.851187,ETH,Mean Reversion,shadow,long,2389.78,2387.67,2388.39,2389.78,-18.85,-108.8,1240,low_vol
,2026-04-22T05:29:37.062783,BTC,Mean Reversion,paper,long,78267.06,78253.26,78267.06,78267.06,-1.76,-1.8,1329,high_vol
,2026-04-22T05:29:37.063626,BTC,Mean Reversion,shadow,long,78322.32,78240.52,78263.99,78322.32,-20.44,-110.4,1221,high_vol
,2026-04-22T05:29:39.075835,ETH,Mean Reversion,paper,short,2387.84,2387.64,2387.84,2387.84,0.81,0.8,629,trending
,2026-04-22T05:29:39.076534,ETH,Mean Reversion,shadow,short,2388.1,2388.77,2388.06,2388.1,-12.8,-102.8,2190,trending
,2026-04-22T05:29:51.145524,BTC,Mean Reversion,paper,short,78250.65,78245.24,78250.65,78250.65,0.69,0.7,953,ranging
,2026-04-22T05:29:51.146368,BTC,Mean Reversion,shadow,short,78265.36,78276.11,78252.64,78265.36,-11.37,-101.4,2101,ranging
,2026-04-22T05:30:01.204251,ETH,Mean Reversion,paper,long,2388.86,2389.08,2388.86,2388.86,0.95,0.9,754,ranging
,2026-04-22T05:30:01.205103,ETH,Mean Reversion,shadow,long,2390.25,2388.06,2388.78,2390.25,-19.16,-109.2,317,ranging
,2026-04-22T05:30:03.215961,BTC,Mean Reversion,paper,short,78291.62,78299.09,78291.62,78291.62,-0.95,-1.0,3386,high_vol
,2026-04-22T05:30:03.216812,BTC,Mean Reversion,shadow,short,78293.19,78321.16,78297.67,78293.19,-13.57,-103.6,1029,high_vol
,2026-04-22T05:30:07.243232,BTC,Mean Reversion,paper,short,78298.52,78279.15,78298.52,78298.52,2.47,2.5,3369,ranging
,2026-04-22T05:30:07.244091,BTC,Mean Reversion,shadow,short,78280.4,78307.14,78283.65,78280.4,-13.42,-103.4,1307,ranging
,2026-04-22T05:30:13.280374,ETH,Mean Reversion,paper,short,2390.9,2390.71,2390.9,2390.9,0.8,0.8,2803,high_vol
,2026-04-22T05:30:13.284022,ETH,Mean Reversion,shadow,short,2390.51,2391.65,2390.53,2390.51,-14.78,-104.8,3565,high_vol
,2026-04-22T05:30:29.372445,BTC,Mean Reversion,paper,short,78322.6,78307.14,78322.6,78322.6,1.97,2.0,2817,trending
,2026-04-22T05:30:29.375519,BTC,Mean Reversion,shadow,short,78305.18,78336.46,78312.96,78305.18,-13.99,-104.0,2482,trending
,2026-04-22T05:30:37.407421,BTC,Mean Reversion,paper,short,78317.88,78339.07,78317.88,78317.88,-2.71,-2.7,1241,low_vol
,2026-04-22T05:30:37.408309,BTC,Mean Reversion,shadow,short,78336.68,78350.71,78327.21,78336.68,-11.79,-101.8,1736,low_vol
,2026-04-22T05:30:41.423659,ETH,Mean Reversion,paper,long,2400.77,2400.98,2400.77,2400.77,0.88,0.9,634,low_vol
,2026-04-22T05:30:41.424447,ETH,Mean Reversion,shadow,long,2402.55,2400.43,2401.15,2402.55,-18.81,-108.8,3003,low_vol
,2026-04-22T05:31:03.535693,BTC,Mean Reversion,paper,short,78260.7,78233.31,78260.7,78260.7,3.5,3.5,3349,trending
,2026-04-22T05:31:03.536215,BTC,Mean Reversion,shadow,short,78251.2,78269.49,78246.01,78251.2,-12.34,-102.3,2983,trending
,2026-04-22T05:31:05.544954,BTC,Mean Reversion,paper,short,78254.17,78226.37,78254.17,78254.17,3.55,3.6,1690,high_vol
,2026-04-22T05:31:05.545747,BTC,Mean Reversion,shadow,short,78231.13,78262.21,78238.74,78231.13,-13.97,-104.0,1334,high_vol
,2026-04-22T05:31:23.643582,ETH,Mean Reversion,paper,short,2401.54,2400.72,2401.54,2401.54,3.42,3.4,3560,ranging
,2026-04-22T05:31:23.644246,ETH,Mean Reversion,shadow,short,2401.37,2401.87,2401.14,2401.37,-12.05,-102.1,757,ranging
,2026-04-22T05:31:53.808540,BTC,Mean Reversion,paper,short,78215.41,78208.46,78215.41,78215.41,0.89,0.9,1103,high_vol
,2026-04-22T05:31:53.809264,BTC,Mean Reversion,shadow,short,78195.35,78223.87,78200.4,78195.35,-13.65,-103.6,2079,high_vol
,2026-04-22T05:32:01.849967,ETH,Mean Reversion,paper,short,2401.08,2400.31,2401.08,2401.08,3.2,3.2,1270,ranging
,2026-04-22T05:32:01.850823,ETH,Mean Reversion,shadow,short,2401.11,2401.49,2400.77,2401.11,-11.57,-101.6,1453,ranging
,2026-04-22T05:32:09.895492,BTC,Mean Reversion,paper,short,78203.95,78220.24,78203.95,78203.95,-2.08,-2.1,1640,high_vol
,2026-04-22T05:32:09.896342,BTC,Mean Reversion,shadow,short,78209.6,78233.13,78209.67,78209.6,-13.01,-103.0,2386,high_vol
,2026-04-22T05:32:11.909079,ETH,Mean Reversion,paper,long,2401.09,2401.08,2401.09,2401.09,-0.04,-0.0,1292,ranging
,2026-04-22T05:32:11.909796,ETH,Mean Reversion,shadow,long,2402.51,2400.01,2400.73,2402.51,-20.38,-110.4,2557,ranging
,2026-04-22T05:32:27.998799,ETH,Mean Reversion,paper,short,2399.98,2400.21,2399.98,2399.98,-0.95,-1.0,582,trending
,2026-04-22T05:32:27.999432,ETH,Mean Reversion,shadow,short,2400.37,2400.93,2400.2,2400.37,-12.32,-102.3,1989,trending
,2026-04-22T05:32:40.066606,BTC,Mean Reversion,paper,short,78147.4,78121.69,78147.4,78147.4,3.29,3.3,3536,ranging
,2026-04-22T05:32:40.067221,BTC,Mean Reversion,shadow,short,78141.57,78158.2,78134.76,78141.57,-12.13,-102.1,3599,ranging
,2026-04-22T05:33:00.186604,ETH,Mean Reversion,paper,short,2401.24,2401.73,2401.24,2401.24,-2.05,-2.1,2926,ranging
,2026-04-22T05:33:00.187399,ETH,Mean Reversion,shadow,short,2401.27,2402.22,2401.5,2401.27,-13.95,-104.0,204,ranging
,2026-04-22T05:33:12.256524,BTC,Mean Reversion,paper,short,78305.59,78278.99,78305.59,78305.59,3.4,3.4,624,ranging
,2026-04-22T05:33:12.257258,BTC,Mean Reversion,shadow,short,78291.25,78315.61,78292.12,78291.25,-13.11,-103.1,3165,ranging
,2026-04-22T05:33:34.382389,BTC,Mean Reversion,paper,short,78292.93,78283.39,78292.93,78292.93,1.22,1.2,822,low_vol
,2026-04-22T05:33:34.383001,BTC,Mean Reversion,shadow,short,78294.91,78321.98,78298.49,78294.91,-13.46,-103.5,73,low_vol
,2026-04-22T05:33:50.471602,BTC,Mean Reversion,paper,long,78276.2,78281.1,78276.2,78276.2,0.63,0.6,2569,low_vol
,2026-04-22T05:33:50.472424,BTC,Mean Reversion,shadow,long,78320.43,78252.5,78275.99,78320.43,-18.67,-108.7,3107,low_vol
,2026-04-22T05:34:04.553712,BTC,Mean Reversion,paper,long,78269.73,78278.85,78269.73,78269.73,1.17,1.2,707,low_vol
,2026-04-22T05:34:04.554551,BTC,Mean Reversion,shadow,long,78318.61,78250.87,78274.36,78318.61,-18.65,-108.6,2586,low_vol
,2026-04-22T05:34:12.598114,ETH,Mean Reversion,paper,short,2395.2,2395.9,2395.2,2395.2,-2.94,-2.9,1518,low_vol
,2026-04-22T05:34:12.598649,ETH,Mean Reversion,shadow,short,2395.54,2396.31,2395.59,2395.54,-13.22,-103.2,2552,low_vol
,2026-04-22T05:34:22.657768,BTC,Mean Reversion,paper,short,78258.61,78258.23,78258.61,78258.61,0.05,0.0,2345,low_vol
,2026-04-22T05:34:22.658391,BTC,Mean Reversion,shadow,short,78270.38,78287.99,78264.51,78270.38,-12.25,-102.2,924,low_vol
,2026-04-22T05:34:24.670453,ETH,Mean Reversion,paper,short,2396.61,2397.08,2396.61,2396.61,-1.95,-2.0,3455,trending
,2026-04-22T05:34:24.671000,ETH,Mean Reversion,shadow,short,2396.67,2397.61,2396.89,2396.67,-13.92,-103.9,1842,trending
,2026-04-22T05:34:34.723782,BTC,Mean Reversion,paper,short,78214.83,78201.54,78214.83,78214.83,1.7,1.7,1091,trending
,2026-04-22T05:34:34.724398,BTC,Mean Reversion,shadow,short,78201.69,78227.55,78204.09,78201.69,-13.31,-103.3,1439,trending
,2026-04-22T05:34:36.732682,ETH,Mean Reversion,paper,long,2395.65,2395.35,2395.65,2395.65,-1.24,-1.2,980,trending
,2026-04-22T05:34:36.733413,ETH,Mean Reversion,shadow,long,2396.86,2394.52,2395.24,2396.86,-19.76,-109.8,2135,trending
,2026-04-22T05:34:54.826897,BTC,Mean Reversion,paper,short,78191.88,78185.99,78191.88,78191.88,0.75,0.8,71,ranging
,2026-04-22T05:34:54.827404,BTC,Mean Reversion,shadow,short,78204.55,78217.62,78194.17,78204.55,-11.67,-101.7,2014,ranging
,2026-04-22T05:34:56.837584,ETH,Mean Reversion,paper,short,2394.58,2394.97,2394.58,2394.58,-1.66,-1.7,3538,high_vol
,2026-04-22T05:34:56.838386,ETH,Mean Reversion,shadow,short,2395.24,2395.68,2394.97,2395.24,-11.85,-101.8,2164,high_vol
,2026-04-22T05:35:04.884448,BTC,Mean Reversion,paper,long,78191.04,78179.48,78191.04,78191.04,-1.48,-1.5,3142,ranging
,2026-04-22T05:35:04.885301,BTC,Mean Reversion,shadow,long,78226.72,78152.42,78175.87,78226.72,-19.5,-109.5,2074,ranging
,2026-04-22T05:35:10.914284,BTC,Mean Reversion,paper,long,78201.37,78206.68,78201.37,78201.37,0.68,0.7,3521,ranging
,2026-04-22T05:35:10.915113,BTC,Mean Reversion,shadow,long,78237.56,78167.73,78191.18,78237.56,-18.93,-108.9,842,ranging
,2026-04-22T05:35:27.006542,ETH,Mean Reversion,paper,long,2395.53,2396.39,2395.53,2395.53,3.6,3.6,1010,low_vol
,2026-04-22T05:35:27.006932,ETH,Mean Reversion,shadow,long,2397.69,2395.28,2395.99,2397.69,-20.07,-110.1,597,low_vol
,2026-04-22T05:35:29.016235,BTC,Mean Reversion,paper,short,78189.12,78177.76,78189.12,78189.12,1.45,1.5,1785,ranging
,2026-04-22T05:35:29.016903,BTC,Mean Reversion,shadow,short,78187.84,78213.72,78190.26,78187.84,-13.31,-103.3,2402,ranging
,2026-04-22T05:35:41.083458,ETH,Mean Reversion,paper,long,2400.88,2400.97,2400.88,2400.88,0.34,0.3,2875,ranging
,2026-04-22T05:35:41.083916,ETH,Mean Reversion,shadow,long,2402.05,2399.83,2400.56,2402.05,-19.21,-109.2,1917,ranging
,2026-04-22T05:35:51.132529,BTC,Mean Reversion,paper,long,78224.5,78229.51,78224.5,78224.5,0.64,0.6,565,low_vol
,2026-04-22T05:35:51.133025,BTC,Mean Reversion,shadow,long,78265.59,78200.45,78223.92,78265.59,-18.32,-108.3,2365,low_vol
,2026-04-22T05:35:53.145670,ETH,Mean Reversion,paper,short,2399.87,2400.11,2399.87,2399.87,-0.98,-1.0,2536,trending
,2026-04-22T05:35:53.146192,ETH,Mean Reversion,shadow,short,2400.49,2401.06,2400.34,2400.49,-12.35,-102.4,2200,trending
,2026-04-22T05:35:59.175954,ETH,Mean Reversion,paper,short,2400.18,2399.93,2400.18,2400.18,1.04,1.0,3111,low_vol
,2026-04-22T05:35:59.176344,ETH,Mean Reversion,shadow,short,2400.14,2400.98,2400.26,2400.14,-13.52,-103.5,2522,low_vol
,2026-04-22T05:36:03.195963,ETH,Mean Reversion,paper,long,2400.06,2400.3,2400.06,2400.06,1.0,1.0,2660,low_vol
,2026-04-22T05:36:03.196517,ETH,Mean Reversion,shadow,long,2401.63,2399.51,2400.23,2401.63,-18.84,-108.8,2350,low_vol
,2026-04-22T05:36:09.229551,ETH,Mean Reversion,paper,short,2400.18,2400.24,2400.18,2400.18,-0.22,-0.2,451,ranging
,2026-04-22T05:36:09.229996,ETH,Mean Reversion,shadow,short,2400.58,2401.01,2400.29,2400.58,-11.81,-101.8,2257,ranging
,2026-04-22T05:36:19.283674,ETH,Mean Reversion,paper,short,2398.74,2398.38,2398.74,2398.74,1.49,1.5,3581,high_vol
,2026-04-22T05:36:19.284212,ETH,Mean Reversion,shadow,short,2399.22,2399.52,2398.81,2399.22,-11.28,-101.3,3257,high_vol
,2026-04-22T05:36:23.306002,BTC,Mean Reversion,paper,short,78184.07,78194.15,78184.07,78184.07,-1.29,-1.3,1528,trending
,2026-04-22T05:36:23.306465,BTC,Mean Reversion,shadow,short,78194.55,78217.34,78193.89,78194.55,-12.91,-102.9,142,trending
,2026-04-22T05:36:33.361780,BTC,Mean Reversion,paper,long,78199.91,78194.9,78199.91,78199.91,-0.64,-0.6,3550,high_vol
,2026-04-22T05:36:33.362209,BTC,Mean Reversion,shadow,long,78256.95,78174.17,78197.62,78256.95,-20.58,-110.6,2165,high_vol
,2026-04-22T05:36:51.465429,BTC,Mean Reversion,paper,short,78157.74,78152.41,78157.74,78157.74,0.68,0.7,995,high_vol
,2026-04-22T05:36:51.465982,BTC,Mean Reversion,shadow,short,78168.54,78181.97,78158.52,78168.54,-11.72,-101.7,1051,high_vol
,2026-04-22T05:36:55.482225,BTC,Mean Reversion,paper,short,78138.72,78123.45,78138.72,78138.72,1.95,2.0,1946,low_vol
,2026-04-22T05:36:55.482788,BTC,Mean Reversion,shadow,short,78147.75,78161.18,78137.74,78147.75,-11.72,-101.7,2771,low_vol
,2026-04-22T05:36:57.495514,BTC,Mean Reversion,paper,short,78144.98,78125.48,78144.98,78144.98,2.5,2.5,2384,ranging
,2026-04-22T05:36:57.496033,BTC,Mean Reversion,shadow,short,78133.86,78156.45,78133.01,78133.86,-12.89,-102.9,311,ranging
,2026-04-22T05:37:11.566248,ETH,Mean Reversion,paper,short,2397.05,2396.32,2397.05,2397.05,3.02,3.0,3565,high_vol
,2026-04-22T05:37:11.567043,ETH,Mean Reversion,shadow,short,2396.94,2397.37,2396.65,2396.94,-11.83,-101.8,809,high_vol
,2026-04-22T05:37:15.591429,BTC,Mean Reversion,paper,short,78118.76,78099.3,78118.76,78118.76,2.49,2.5,3141,low_vol
,2026-04-22T05:37:15.592305,BTC,Mean Reversion,shadow,short,78105.28,78128.12,78104.68,78105.28,-12.92,-102.9,295,low_vol
,2026-04-22T05:37:19.618754,BTC,Mean Reversion,paper,short,78084.01,78074.15,78084.01,78084.01,1.26,1.3,3110,trending
,2026-04-22T05:37:19.619593,BTC,Mean Reversion,shadow,short,78098.9,78110.23,78086.8,78098.9,-11.45,-101.4,3528,trending
,2026-04-22T05:37:25.654383,ETH,Mean Reversion,paper,short,2396.49,2396.26,2396.49,2396.49,0.96,1.0,695,low_vol
,2026-04-22T05:37:25.655133,ETH,Mean Reversion,shadow,short,2396.97,2397.31,2396.6,2396.97,-11.43,-101.4,1346,low_vol
,2026-04-22T05:37:27.665437,BTC,Mean Reversion,paper,long,78089.85,78110.12,78089.85,78089.85,2.6,2.6,145,ranging
,2026-04-22T05:37:27.666297,BTC,Mean Reversion,shadow,long,78147.07,78081.62,78105.05,78147.07,-18.37,-108.4,2474,ranging
,2026-04-22T05:37:41.757890,BTC,Mean Reversion,paper,short,78132.95,78136.87,78132.95,78132.95,-0.5,-0.5,1234,ranging
,2026-04-22T05:37:41.758572,BTC,Mean Reversion,shadow,short,78131.78,78149.28,78125.85,78131.78,-12.24,-102.2,1363,ranging
,2026-04-22T05:37:45.778273,BTC,Mean Reversion,paper,long,78123.98,78147.86,78123.98,78123.98,3.06,3.1,3327,ranging
,2026-04-22T05:37:45.779079,BTC,Mean Reversion,shadow,long,78185.28,78109.37,78132.8,78185.28,-19.71,-109.7,2740,ranging
,2026-04-22T05:37:49.804806,BTC,Mean Reversion,paper,long,78131.24,78137.54,78131.24,78131.24,0.81,0.8,411,ranging
,2026-04-22T05:37:49.805336,BTC,Mean Reversion,shadow,long,78188.75,78114.16,78137.6,78188.75,-19.54,-109.5,2691,ranging
,2026-04-22T05:37:51.815762,BTC,Mean Reversion,paper,long,78142.97,78143.84,78142.97,78142.97,0.11,0.1,2550,trending
,2026-04-22T05:37:51.816564,BTC,Mean Reversion,shadow,long,78184.96,78112.39,78135.83,78184.96,-19.28,-109.3,2499,trending
,2026-04-22T05:37:55.843468,ETH,Mean Reversion,paper,long,2396.38,2395.57,2396.38,2396.38,-3.36,-3.4,2233,trending
,2026-04-22T05:37:55.844220,ETH,Mean Reversion,shadow,long,2397.25,2395.29,2396.01,2397.25,-18.2,-108.2,913,trending
,2026-04-22T05:38:03.891455,BTC,Mean Reversion,paper,long,78102.97,78123.29,78102.97,78102.97,2.6,2.6,461,high_vol
,2026-04-22T05:38:03.892143,BTC,Mean Reversion,shadow,long,78168.1,78093.51,78116.95,78168.1,-19.54,-109.5,2475,high_vol
,2026-04-22T05:38:13.950419,ETH,Mean Reversion,paper,long,2396.51,2396.08,2396.51,2396.51,-1.79,-1.8,1702,low_vol
,2026-04-22T05:38:13.951237,ETH,Mean Reversion,shadow,long,2397.75,2395.7,2396.41,2397.75,-18.57,-108.6,3457,low_vol
,2026-04-22T05:38:22.001068,BTC,Mean Reversion,paper,short,78118.99,78101.91,78118.99,78118.99,2.19,2.2,149,low_vol
,2026-04-22T05:38:22.001834,BTC,Mean Reversion,shadow,short,78119.87,78131.47,78108.04,78119.87,-11.48,-101.5,2194,low_vol
,2026-04-22T05:38:36.096254,ETH,Mean Reversion,paper,short,2395.18,2394.73,2395.18,2395.18,1.91,1.9,790,low_vol
,2026-04-22T05:38:36.097038,ETH,Mean Reversion,shadow,short,2394.6,2395.52,2394.81,2394.6,-13.84,-103.8,1062,low_vol
,2026-04-22T05:38:50.183433,BTC,Mean Reversion,paper,short,78071.01,78048.67,78071.01,78071.01,2.86,2.9,719,ranging
,2026-04-22T05:38:50.184274,BTC,Mean Reversion,shadow,short,78068.7,78083.81,78060.39,78068.7,-11.94,-101.9,2401,ranging
,2026-04-22T05:39:24.397636,ETH,Mean Reversion,paper,short,2390.96,2390.95,2390.96,2390.96,0.03,0.0,3404,trending
,2026-04-22T05:39:24.398236,ETH,Mean Reversion,shadow,short,2390.77,2391.31,2390.6,2390.77,-12.26,-102.3,1483,trending
,2026-04-22T05:39:38.473040,BTC,Mean Reversion,paper,short,78062.57,78050.59,78062.57,78062.57,1.54,1.5,3422,low_vol
,2026-04-22T05:39:38.473805,BTC,Mean Reversion,shadow,short,78044.04,78070.49,78047.08,78044.04,-13.39,-103.4,899,low_vol
,2026-04-22T05:39:44.512601,ETH,Mean Reversion,paper,short,2389.04,2388.85,2389.04,2389.04,0.78,0.8,881,low_vol
,2026-04-22T05:39:44.513339,ETH,Mean Reversion,shadow,short,2389.27,2390.01,2389.3,2389.27,-13.09,-103.1,2082,low_vol
,2026-04-22T05:39:48.539551,BTC,Mean Reversion,paper,short,78024.25,78033.38,78024.25,78024.25,-1.17,-1.2,2684,trending
,2026-04-22T05:39:48.540379,BTC,Mean Reversion,shadow,short,78032.58,78057.62,78034.21,78032.58,-13.21,-103.2,2144,trending
,2026-04-22T05:40:00.606473,BTC,Mean Reversion,paper,long,78048.03,78036.48,78048.03,78048.03,-1.48,-1.5,213,ranging
,2026-04-22T05:40:00.607268,BTC,Mean Reversion,shadow,long,78092.97,78016.3,78039.71,78092.97,-19.82,-109.8,768,ranging
,2026-04-22T05:40:04.634021,ETH,Mean Reversion,paper,long,2387.98,2388.54,2387.98,2387.98,2.36,2.4,767,ranging
,2026-04-22T05:40:04.634641,ETH,Mean Reversion,shadow,long,2389.91,2387.54,2388.26,2389.91,-19.91,-109.9,2781,ranging
,2026-04-22T05:40:06.647034,ETH,Mean Reversion,paper,short,2387.91,2388.68,2387.91,2387.91,-3.2,-3.2,437,high_vol
,2026-04-22T05:40:06.647665,ETH,Mean Reversion,shadow,short,2388.59,2389.02,2388.31,2388.59,-11.79,-101.8,972,high_vol
,2026-04-22T05:40:08.660650,ETH,Mean Reversion,paper,short,2388.16,2388.49,2388.16,2388.16,-1.41,-1.4,1170,ranging
,2026-04-22T05:40:08.661328,ETH,Mean Reversion,shadow,short,2388.63,2389.31,2388.6,2388.63,-12.86,-102.9,370,ranging
,2026-04-22T05:40:12.682982,BTC,Mean Reversion,paper,short,78043.96,78033.59,78043.96,78043.96,1.33,1.3,1697,high_vol
,2026-04-22T05:40:12.683767,BTC,Mean Reversion,shadow,short,78044.34,78060.16,78036.74,78044.34,-12.03,-102.0,3282,high_vol
,2026-04-22T05:40:24.753553,ETH,Mean Reversion,paper,long,2391.42,2391.64,2391.42,2391.42,0.91,0.9,450,trending
,2026-04-22T05:40:24.754412,ETH,Mean Reversion,shadow,long,2392.76,2390.66,2391.38,2392.76,-18.77,-108.8,2983,trending
,2026-04-22T05:41:21.072350,BTC,Mean Reversion,paper,short,78333.13,78326.09,78333.13,78333.13,0.9,0.9,1004,ranging
,2026-04-22T05:41:21.073012,BTC,Mean Reversion,shadow,short,78333.74,78346.48,78322.99,78333.74,-11.63,-101.6,3236,ranging
,2026-04-22T05:41:27.105268,BTC,Mean Reversion,paper,long,78350.97,78330.33,78350.97,78350.97,-2.63,-2.6,2292,low_vol
,2026-04-22T05:41:27.106046,BTC,Mean Reversion,shadow,long,78399.64,78320.5,78344.01,78399.64,-20.09,-110.1,3418,low_vol
,2026-04-22T05:41:31.132063,BTC,Mean Reversion,paper,long,78294.87,78318.29,78294.87,78294.87,2.99,3.0,3507,low_vol
,2026-04-22T05:41:31.132751,BTC,Mean Reversion,shadow,long,78363.46,78286.5,78309.99,78363.46,-19.82,-109.8,2313,low_vol
,2026-04-22T05:41:43.204858,ETH,Mean Reversion,paper,long,2393.92,2393.72,2393.92,2393.92,-0.84,-0.8,3451,ranging
,2026-04-22T05:41:43.205400,ETH,Mean Reversion,shadow,long,2395.52,2393.4,2394.11,2395.52,-18.87,-108.9,1201,ranging
,2026-04-22T05:42:01.314332,BTC,Mean Reversion,paper,short,78210.94,78203.58,78210.94,78210.94,0.94,0.9,335,low_vol
,2026-04-22T05:42:01.315685,BTC,Mean Reversion,shadow,short,78201.97,78224.89,78201.43,78201.97,-12.93,-102.9,754,low_vol
,2026-04-22T05:42:25.470732,ETH,Mean Reversion,paper,long,2392.56,2392.46,2392.56,2392.56,-0.41,-0.4,672,ranging
,2026-04-22T05:42:25.471560,ETH,Mean Reversion,shadow,long,2393.6,2391.44,2392.15,2393.6,-19.05,-109.0,2928,ranging
,2026-04-22T05:42:41.566195,ETH,Mean Reversion,paper,long,2391.53,2391.26,2391.53,2391.53,-1.13,-1.1,629,low_vol
,2026-04-22T05:42:41.567001,ETH,Mean Reversion,shadow,long,2393.31,2390.97,2391.68,2393.31,-19.78,-109.8,1703,low_vol
,2026-04-22T05:43:11.752857,BTC,Mean Reversion,paper,long,78130.66,78135.62,78130.66,78130.66,0.64,0.6,2927,low_vol
,2026-04-22T05:43:11.753591,BTC,Mean Reversion,shadow,long,78189.74,78111.3,78134.74,78189.74,-20.03,-110.0,1614,low_vol
,2026-04-22T05:43:13.764869,ETH,Mean Reversion,paper,long,2396.32,2395.94,2396.32,2396.32,-1.6,-1.6,1236,low_vol
,2026-04-22T05:43:13.765526,ETH,Mean Reversion,shadow,long,2397.41,2395.44,2396.15,2397.41,-18.23,-108.2,3188,low_vol
,2026-04-22T05:44:05.552749,ETH,Mean Reversion,paper,short,2396.42,2396.49,2396.42,2396.42,-0.29,-0.3,1945,high_vol
,2026-04-22T05:44:05.553209,ETH,Mean Reversion,shadow,short,2397.09,2397.46,2396.74,2397.09,-11.58,-101.6,1967,high_vol
,2026-04-22T05:44:35.736636,ETH,Mean Reversion,paper,long,2397.49,2397.0,2397.49,2397.49,-2.01,-2.0,1048,high_vol
,2026-04-22T05:44:35.737482,ETH,Mean Reversion,shadow,long,2399.08,2396.49,2397.2,2399.08,-20.8,-110.8,3408,high_vol
,2026-04-22T05:44:51.834796,BTC,Mean Reversion,paper,short,78114.32,78116.77,78114.32,78114.32,-0.31,-0.3,2358,high_vol
,2026-04-22T05:44:51.835943,BTC,Mean Reversion,shadow,short,78124.65,78143.35,78119.92,78124.65,-12.39,-102.4,869,high_vol
,2026-04-22T05:45:13.972384,ETH,Mean Reversion,paper,short,2396.54,2396.96,2396.54,2396.54,-1.77,-1.8,3121,ranging
,2026-04-22T05:45:13.973170,ETH,Mean Reversion,shadow,short,2397.16,2397.65,2396.93,2397.16,-12.07,-102.1,474,ranging
,2026-04-22T05:45:26.050104,BTC,Mean Reversion,paper,short,78115.31,78097.05,78115.31,78115.31,2.34,2.3,1776,trending
,2026-04-22T05:45:26.050855,BTC,Mean Reversion,shadow,short,78109.85,78131.43,78107.99,78109.85,-12.76,-102.8,1783,trending
,2026-04-22T05:45:32.084459,ETH,Mean Reversion,paper,long,2397.33,2397.01,2397.33,2397.33,-1.32,-1.3,796,trending
,2026-04-22T05:45:32.085241,ETH,Mean Reversion,shadow,long,2398.34,2396.14,2396.86,2398.34,-19.15,-109.2,2628,trending
,2026-04-22T05:45:54.208340,BTC,Mean Reversion,paper,short,78128.15,78114.27,78128.15,78128.15,1.78,1.8,3398,ranging
,2026-04-22T05:45:54.209151,BTC,Mean Reversion,shadow,short,78128.09,78147.69,78124.26,78128.09,-12.51,-102.5,873,ranging
,2026-04-22T05:45:56.222222,BTC,Mean Reversion,paper,long,78127.2,78134.51,78127.2,78127.2,0.94,0.9,657,trending
,2026-04-22T05:45:56.223056,BTC,Mean Reversion,shadow,long,78183.06,78111.31,78134.76,78183.06,-19.18,-109.2,188,trending
,2026-04-22T05:46:04.268062,BTC,Mean Reversion,paper,long,78086.69,78090.56,78086.69,78086.69,0.5,0.5,1898,ranging
,2026-04-22T05:46:04.268739,BTC,Mean Reversion,shadow,long,78148.15,78063.83,78087.26,78148.15,-20.79,-110.8,3501,ranging
,2026-04-22T05:46:06.279227,ETH,Mean Reversion,paper,long,2395.01,2395.28,2395.01,2395.01,1.13,1.1,2053,trending
,2026-04-22T05:46:06.279786,ETH,Mean Reversion,shadow,long,2396.35,2394.28,2394.99,2396.35,-18.64,-108.6,2703,trending
,2026-04-22T05:46:20.366967,ETH,Mean Reversion,paper,long,2399.94,2399.9,2399.94,2399.94,-0.2,-0.2,3182,ranging
,2026-04-22T05:46:20.367574,ETH,Mean Reversion,shadow,long,2401.54,2399.4,2400.12,2401.54,-18.9,-108.9,3123,ranging
,2026-04-22T05:46:46.529854,BTC,Mean Reversion,paper,long,78132.29,78119.98,78132.29,78132.29,-1.58,-1.6,3466,high_vol
,2026-04-22T05:46:46.530715,BTC,Mean Reversion,shadow,long,78181.84,78107.99,78131.42,78181.84,-19.45,-109.4,2582,high_vol
,2026-04-22T05:46:48.545607,BTC,Mean Reversion,paper,short,78127.48,78127.72,78127.48,78127.48,-0.03,-0.0,1539,low_vol
,2026-04-22T05:46:48.546223,BTC,Mean Reversion,shadow,short,78121.63,78143.36,78119.92,78121.63,-12.78,-102.8,3406,low_vol
,2026-04-22T05:46:52.575172,BTC,Mean Reversion,paper,long,78106.89,78113.41,78106.89,78106.89,0.83,0.8,1246,ranging
,2026-04-22T05:46:52.575769,BTC,Mean Reversion,shadow,long,78166.34,78085.39,78108.82,78166.34,-20.36,-110.4,1107,ranging
,2026-04-22T05:47:28.806904,BTC,Mean Reversion,paper,short,78123.65,78110.89,78123.65,78123.65,1.63,1.6,2989,ranging
,2026-04-22T05:47:28.807621,BTC,Mean Reversion,shadow,short,78120.93,78146.03,78122.6,78120.93,-13.21,-103.2,853,ranging
,2026-04-22T05:47:34.844893,BTC,Mean Reversion,paper,long,78134.0,78128.46,78134.0,78134.0,-0.71,-0.7,1445,ranging
,2026-04-22T05:47:34.845454,BTC,Mean Reversion,shadow,long,78176.77,78103.33,78126.76,78176.77,-19.39,-109.4,280,ranging
,2026-04-22T05:48:29.174922,ETH,Mean Reversion,paper,short,2401.99,2401.56,2401.99,2401.99,1.8,1.8,1241,trending
,2026-04-22T05:48:29.175619,ETH,Mean Reversion,shadow,short,2401.87,2402.44,2401.72,2401.87,-12.37,-102.4,1710,trending
,2026-04-22T05:48:33.195457,BTC,Mean Reversion,paper,short,78109.83,78099.61,78109.83,78109.83,1.31,1.3,1318,ranging
,2026-04-22T05:48:33.196281,BTC,Mean Reversion,shadow,short,78099.11,78122.55,78099.12,78099.11,-13.0,-103.0,1118,ranging
,2026-04-22T05:48:41.238696,BTC,Mean Reversion,paper,long,78079.69,78074.81,78079.69,78079.69,-0.62,-0.6,1920,high_vol
,2026-04-22T05:48:41.239507,BTC,Mean Reversion,shadow,long,78127.94,78058.54,78081.96,78127.94,-18.88,-108.9,894,high_vol
,2026-04-22T05:48:45.263360,ETH,Mean Reversion,paper,long,2399.04,2399.05,2399.04,2399.04,0.07,0.1,2056,high_vol
,2026-04-22T05:48:45.264325,ETH,Mean Reversion,shadow,long,2400.32,2397.94,2398.7,2400.32,-19.93,-109.9,1191,high_vol
,2026-04-22T05:48:47.280008,BTC,Mean Reversion,paper,long,78083.18,78058.2,78083.18,78083.18,-3.2,-3.2,1665,trending
,2026-04-22T05:48:47.280820,BTC,Mean Reversion,shadow,long,78122.19,78049.6,78073.02,78122.19,-19.29,-109.3,1223,trending
,2026-04-22T05:49:21.489366,ETH,Mean Reversion,paper,short,2401.68,2402.37,2401.68,2401.68,-2.91,-2.9,2098,trending
,2026-04-22T05:49:21.490175,ETH,Mean Reversion,shadow,short,2402.41,2402.84,2402.11,2402.41,-11.77,-101.8,2535,trending
,2026-04-22T05:49:37.600852,ETH,Mean Reversion,paper,long,2402.66,2402.86,2402.66,2402.66,0.82,0.8,2966,high_vol
,2026-04-22T05:49:37.601591,ETH,Mean Reversion,shadow,long,2404.68,2402.42,2403.14,2404.68,-19.42,-109.4,633,high_vol
,2026-04-22T05:49:43.642035,BTC,Mean Reversion,paper,short,78110.7,78102.09,78110.7,78110.7,1.1,1.1,1239,ranging
,2026-04-22T05:49:43.642829,BTC,Mean Reversion,shadow,short,78099.02,78119.58,78096.15,78099.02,-12.63,-102.6,1207,ranging
,2026-04-22T05:49:51.697611,ETH,Mean Reversion,paper,long,2402.25,2402.71,2402.25,2402.25,1.9,1.9,260,low_vol
,2026-04-22T05:49:51.698320,ETH,Mean Reversion,shadow,long,2403.77,2401.63,2402.36,2403.77,-18.9,-108.9,153,low_vol
,2026-04-22T05:49:57.740505,BTC,Mean Reversion,paper,long,78094.31,78077.98,78094.31,78094.31,-2.09,-2.1,1881,high_vol
,2026-04-22T05:49:57.741330,BTC,Mean Reversion,shadow,long,78141.24,78058.38,78081.8,78141.24,-20.6,-110.6,1319,high_vol
,2026-04-22T05:50:03.782354,BTC,Mean Reversion,paper,short,78086.56,78071.2,78086.56,78086.56,1.97,2.0,1958,low_vol
,2026-04-22T05:50:03.783175,BTC,Mean Reversion,shadow,short,78079.74,78105.0,78081.58,78079.74,-13.24,-103.2,2578,low_vol
,2026-04-22T05:50:23.913010,BTC,Mean Reversion,paper,short,78046.36,78033.25,78046.36,78046.36,1.68,1.7,2995,low_vol
,2026-04-22T05:50:23.913820,BTC,Mean Reversion,shadow,short,78043.32,78063.14,78039.73,78043.32,-12.54,-102.5,575,low_vol
,2026-04-22T05:50:25.929677,BTC,Mean Reversion,paper,long,78037.92,78028.07,78037.92,78037.92,-1.26,-1.3,117,low_vol
,2026-04-22T05:50:25.930466,BTC,Mean Reversion,shadow,long,78089.67,78014.59,78038.01,78089.67,-19.61,-109.6,2165,low_vol
,2026-04-22T05:50:38.007549,ETH,Mean Reversion,paper,long,2398.66,2399.25,2398.66,2398.66,2.47,2.5,3299,trending
,2026-04-22T05:50:38.008286,ETH,Mean Reversion,shadow,long,2400.67,2398.22,2398.93,2400.67,-20.22,-110.2,1671,trending
,2026-04-22T05:51:20.290975,BTC,Mean Reversion,paper,long,78083.48,78066.7,78083.48,78083.48,-2.15,-2.1,1615,low_vol
,2026-04-22T05:51:20.291616,BTC,Mean Reversion,shadow,long,78118.31,78049.95,78073.37,78118.31,-18.75,-108.8,3575,low_vol
,2026-04-22T05:51:28.352012,ETH,Mean Reversion,paper,long,2402.69,2401.8,2402.69,2402.69,-3.71,-3.7,265,trending
,2026-04-22T05:51:28.352642,ETH,Mean Reversion,shadow,long,2403.99,2401.5,2402.22,2403.99,-20.32,-110.3,1672,trending
,2026-04-22T05:51:30.365355,BTC,Mean Reversion,paper,long,78086.84,78108.55,78086.84,78086.84,2.78,2.8,1921,ranging
,2026-04-22T05:51:30.366108,BTC,Mean Reversion,shadow,long,78151.6,78076.53,78099.96,78151.6,-19.61,-109.6,1154,ranging
,2026-04-22T05:52:52.900832,BTC,Mean Reversion,paper,long,78042.3,78033.84,78042.3,78042.3,-1.08,-1.1,1224,ranging
,2026-04-22T05:52:52.901610,BTC,Mean Reversion,shadow,long,78090.69,78022.25,78045.67,78090.69,-18.76,-108.8,365,ranging
,2026-04-22T05:52:56.933294,ETH,Mean Reversion,paper,long,2404.79,2404.74,2404.79,2404.79,-0.21,-0.2,1024,high_vol
,2026-04-22T05:52:56.934097,ETH,Mean Reversion,shadow,long,2406.19,2404.08,2404.81,2406.19,-18.76,-108.8,305,high_vol
,2026-04-22T05:53:11.024264,BTC,Mean Reversion,paper,short,78007.31,78015.95,78007.31,78007.31,-1.11,-1.1,2240,ranging
,2026-04-22T05:53:11.024872,BTC,Mean Reversion,shadow,short,78017.34,78026.72,78003.32,78017.34,-11.2,-101.2,1039,ranging
,2026-04-22T05:53:45.239490,BTC,Mean Reversion,paper,long,77986.44,77974.75,77986.44,77986.44,-1.5,-1.5,1537,high_vol
,2026-04-22T05:53:45.240375,BTC,Mean Reversion,shadow,long,78034.44,77954.61,77978.01,78034.44,-20.23,-110.2,1787,high_vol
,2026-04-22T05:53:55.310970,ETH,Mean Reversion,paper,long,2401.21,2401.07,2401.21,2401.21,-0.56,-0.6,2306,high_vol
,2026-04-22T05:53:55.311695,ETH,Mean Reversion,shadow,long,2402.18,2400.24,2400.97,2402.18,-18.06,-108.1,2269,high_vol
,2026-04-22T05:54:03.383968,ETH,Mean Reversion,paper,long,2400.42,2400.48,2400.42,2400.42,0.22,0.2,3172,trending
,2026-04-22T05:54:03.384489,ETH,Mean Reversion,shadow,long,2401.68,2399.74,2400.47,2401.68,-18.04,-108.0,1334,trending
,2026-04-22T05:54:07.408260,ETH,Mean Reversion,paper,long,2401.92,2401.39,2401.92,2401.92,-2.23,-2.2,3442,low_vol
,2026-04-22T05:54:07.409092,ETH,Mean Reversion,shadow,long,2402.92,2400.87,2401.6,2402.92,-18.49,-108.5,871,low_vol
,2026-04-22T05:54:09.425153,ETH,Mean Reversion,paper,short,2400.6,2400.67,2400.6,2400.6,-0.28,-0.3,3171,ranging
,2026-04-22T05:54:09.425794,ETH,Mean Reversion,shadow,short,2401.07,2401.75,2401.03,2401.07,-12.82,-102.8,1455,ranging
,2026-04-22T05:54:17.471157,BTC,Mean Reversion,paper,short,77969.01,77977.81,77969.01,77969.01,-1.13,-1.1,2289,high_vol
,2026-04-22T05:54:17.471797,BTC,Mean Reversion,shadow,short,77993.53,78007.32,77983.92,77993.53,-11.77,-101.8,156,high_vol
,2026-04-22T05:54:37.607411,ETH,Mean Reversion,paper,short,2400.24,2399.66,2400.24,2400.24,2.42,2.4,3456,low_vol
,2026-04-22T05:54:37.608170,ETH,Mean Reversion,shadow,short,2400.27,2400.63,2399.91,2400.27,-11.5,-101.5,528,low_vol
,2026-04-22T05:54:53.725382,ETH,Mean Reversion,paper,short,2401.63,2400.78,2401.63,2401.63,3.54,3.5,941,ranging
,2026-04-22T05:54:53.726292,ETH,Mean Reversion,shadow,short,2401.13,2401.92,2401.19,2401.13,-13.26,-103.3,70,ranging
,2026-04-22T05:55:05.813020,ETH,Mean Reversion,paper,long,2401.72,2401.41,2401.72,2401.72,-1.29,-1.3,1765,high_vol
,2026-04-22T05:55:05.813921,ETH,Mean Reversion,shadow,long,2402.85,2400.67,2401.39,2402.85,-19.04,-109.0,2587,high_vol
,2026-04-22T05:55:13.878476,BTC,Mean Reversion,paper,long,78110.65,78127.42,78110.65,78110.65,2.15,2.1,951,low_vol
,2026-04-22T05:55:13.879172,BTC,Mean Reversion,shadow,long,78163.78,78088.55,78111.99,78163.78,-19.62,-109.6,2140,low_vol
,2026-04-22T05:55:19.915339,ETH,Mean Reversion,paper,short,2400.74,2400.67,2400.74,2400.74,0.31,0.3,712,high_vol
,2026-04-22T05:55:19.916014,ETH,Mean Reversion,shadow,short,2401.37,2401.83,2401.11,2401.37,-11.89,-101.9,1074,high_vol
,2026-04-22T05:55:36.023146,BTC,Mean Reversion,paper,long,78208.99,78206.57,78208.99,78208.99,-0.31,-0.3,990,ranging
,2026-04-22T05:55:36.023694,BTC,Mean Reversion,shadow,long,78251.43,78174.55,78198.01,78251.43,-19.82,-109.8,421,ranging
,2026-04-22T05:55:50.122236,ETH,Mean Reversion,paper,long,2402.58,2401.98,2402.58,2402.58,-2.49,-2.5,2544,trending
,2026-04-22T05:55:50.123144,ETH,Mean Reversion,shadow,long,2403.83,2401.51,2402.23,2403.83,-19.64,-109.6,403,trending
,2026-04-22T05:56:12.276507,ETH,Mean Reversion,paper,long,2399.77,2399.47,2399.77,2399.77,-1.24,-1.2,3284,high_vol
,2026-04-22T05:56:12.277450,ETH,Mean Reversion,shadow,long,2401.04,2399.08,2399.8,2401.04,-18.15,-108.2,3110,high_vol
,2026-04-22T05:56:16.305592,BTC,Mean Reversion,paper,short,78095.97,78089.87,78095.97,78095.97,0.78,0.8,2578,ranging
,2026-04-22T05:56:16.306306,BTC,Mean Reversion,shadow,short,78097.62,78116.79,78093.36,78097.62,-12.45,-102.5,1461,ranging
,2026-04-22T05:56:20.340016,BTC,Mean Reversion,paper,short,78107.68,78103.7,78107.68,78107.68,0.51,0.5,432,high_vol
,2026-04-22T05:56:20.341061,BTC,Mean Reversion,shadow,short,78110.79,78127.44,78104.01,78110.79,-12.13,-102.1,1140,high_vol
,2026-04-22T05:56:26.385519,BTC,Mean Reversion,paper,short,78104.67,78100.89,78104.67,78104.67,0.48,0.5,646,ranging
,2026-04-22T05:56:26.386179,BTC,Mean Reversion,shadow,short,78097.62,78115.23,78091.8,78097.62,-12.26,-102.3,3045,ranging
,2026-04-22T05:56:42.495137,BTC,Mean Reversion,paper,long,78060.66,78079.49,78060.66,78060.66,2.41,2.4,2163,high_vol
,2026-04-22T05:56:42.495851,BTC,Mean Reversion,shadow,long,78134.14,78048.97,78072.39,78134.14,-20.9,-110.9,2792,high_vol
,2026-04-22T05:56:50.547078,BTC,Mean Reversion,paper,long,78064.89,78056.2,78064.89,78064.89,-1.11,-1.1,1418,low_vol
,2026-04-22T05:56:50.547938,BTC,Mean Reversion,shadow,long,78096.36,78027.84,78051.26,78096.36,-18.77,-108.8,3528,low_vol
,2026-04-22T05:57:02.638519,ETH,Mean Reversion,paper,short,2398.39,2398.6,2398.39,2398.39,-0.87,-0.9,606,trending
,2026-04-22T05:57:02.639168,ETH,Mean Reversion,shadow,short,2398.43,2399.35,2398.64,2398.43,-13.86,-103.9,2319,trending
,2026-04-22T05:57:08.681044,BTC,Mean Reversion,paper,long,78052.61,78038.96,78052.61,78052.61,-1.75,-1.7,2263,trending
,2026-04-22T05:57:08.681771,BTC,Mean Reversion,shadow,long,78110.37,78029.65,78053.07,78110.37,-20.33,-110.3,2597,trending
,2026-04-22T05:57:51.000810,BTC,Mean Reversion,paper,long,77999.51,78017.49,77999.51,77999.51,2.31,2.3,2463,trending
,2026-04-22T05:57:51.001573,BTC,Mean Reversion,shadow,long,78064.62,77978.91,78002.32,78064.62,-20.98,-111.0,504,trending
,2026-04-22T05:58:27.240795,ETH,Mean Reversion,paper,short,2397.77,2397.8,2397.77,2397.77,-0.13,-0.1,1624,ranging
,2026-04-22T05:58:27.241703,ETH,Mean Reversion,shadow,short,2397.37,2398.24,2397.52,2397.37,-13.66,-103.7,2647,ranging
,2026-04-22T05:58:49.398563,BTC,Mean Reversion,paper,long,78027.98,78041.48,78027.98,78027.98,1.73,1.7,2365,trending
,2026-04-22T05:58:49.399277,BTC,Mean Reversion,shadow,long,78075.56,78002.55,78025.96,78075.56,-19.35,-109.4,1512,trending
,2026-04-22T05:59:11.564621,BTC,Mean Reversion,paper,short,77994.1,77997.28,77994.1,77994.1,-0.41,-0.4,1775,high_vol
,2026-04-22T05:59:11.565374,BTC,Mean Reversion,shadow,short,77994.05,78020.85,77997.46,77994.05,-13.44,-103.4,210,high_vol
,2026-04-22T05:59:29.692288,ETH,Mean Reversion,paper,short,2396.77,2397.14,2396.77,2396.77,-1.53,-1.5,1767,trending
,2026-04-22T05:59:29.693021,ETH,Mean Reversion,shadow,short,2397.38,2397.62,2396.9,2397.38,-11.03,-101.0,1743,trending
,2026-04-22T05:59:41.773294,BTC,Mean Reversion,paper,short,78007.76,78005.27,78007.76,78007.76,0.32,0.3,1092,low_vol
,2026-04-22T05:59:41.774163,BTC,Mean Reversion,shadow,short,78004.41,78030.45,78007.04,78004.41,-13.34,-103.3,1796,low_vol
,2026-04-22T05:59:49.827324,BTC,Mean Reversion,paper,long,78013.64,77992.11,78013.64,78013.64,-2.76,-2.8,2024,low_vol
,2026-04-22T05:59:49.827890,BTC,Mean Reversion,shadow,long,78040.35,77974.76,77998.15,78040.35,-18.41,-108.4,480,low_vol
,2026-04-22T06:00:03.926337,ETH,Mean Reversion,paper,long,2395.9,2395.84,2395.9,2395.9,-0.25,-0.2,1094,ranging
,2026-04-22T06:00:03.926973,ETH,Mean Reversion,shadow,long,2397.26,2395.08,2395.8,2397.26,-19.13,-109.1,2742,ranging
,2026-04-22T06:00:05.939820,BTC,Mean Reversion,paper,long,77994.28,77983.7,77994.28,77994.28,-1.36,-1.4,1433,trending
,2026-04-22T06:00:05.940441,BTC,Mean Reversion,shadow,long,78031.31,77959.9,77983.29,78031.31,-19.15,-109.2,132,trending
,2026-04-22T06:00:18.009704,ETH,Mean Reversion,paper,short,2396.51,2396.59,2396.51,2396.51,-0.33,-0.3,942,low_vol
,2026-04-22T06:00:18.010291,ETH,Mean Reversion,shadow,short,2396.18,2397.06,2396.35,2396.18,-13.69,-103.7,3511,low_vol
,2026-04-22T06:00:28.074961,BTC,Mean Reversion,paper,long,77992.42,77979.26,77992.42,77992.42,-1.69,-1.7,3564,trending
,2026-04-22T06:00:28.075384,BTC,Mean Reversion,shadow,long,78047.81,77966.7,77990.1,78047.81,-20.39,-110.4,162,trending
,2026-04-22T06:00:36.109276,ETH,Mean Reversion,paper,long,2393.33,2393.96,2393.33,2393.33,2.63,2.6,386,ranging
,2026-04-22T06:00:36.109692,ETH,Mean Reversion,shadow,long,2395.23,2392.79,2393.51,2395.23,-20.2,-110.2,706,ranging
,2026-04-22T06:00:48.183275,ETH,Mean Reversion,paper,short,2393.0,2392.83,2393.0,2393.0,0.7,0.7,2225,ranging
,2026-04-22T06:00:48.183968,ETH,Mean Reversion,shadow,short,2392.97,2393.72,2393.01,2392.97,-13.16,-103.2,3409,ranging
,2026-04-22T06:00:54.220437,BTC,Mean Reversion,paper,long,77935.56,77938.0,77935.56,77935.56,0.31,0.3,3341,trending
,2026-04-22T06:00:54.221006,BTC,Mean Reversion,shadow,long,77991.56,77927.34,77950.73,77991.56,-18.23,-108.2,2675,trending
,2026-04-22T06:01:04.294568,BTC,Mean Reversion,paper,long,77955.14,77948.88,77955.14,77955.14,-0.8,-0.8,937,trending
,2026-04-22T06:01:04.295075,BTC,Mean Reversion,shadow,long,78003.31,77930.23,77953.61,78003.31,-19.37,-109.4,164,trending
,2026-04-22T06:02:18.851282,BTC,Mean Reversion,paper,short,77956.92,77959.31,77956.92,77956.92,-0.31,-0.3,525,ranging
,2026-04-22T06:02:18.852041,BTC,Mean Reversion,shadow,short,77957.48,77974.64,77951.25,77957.48,-12.2,-102.2,1633,ranging
,2026-04-22T06:02:20.870309,BTC,Mean Reversion,paper,short,77960.26,77960.04,77960.26,77960.26,0.03,0.0,2337,high_vol
,2026-04-22T06:02:20.871125,BTC,Mean Reversion,shadow,short,77961.51,77971.04,77947.65,77961.51,-11.22,-101.2,2075,high_vol
,2026-04-22T06:02:47.069932,BTC,Mean Reversion,paper,short,77960.5,77958.44,77960.5,77960.5,0.26,0.3,2402,high_vol
,2026-04-22T06:02:47.070686,BTC,Mean Reversion,shadow,short,77969.13,77996.18,77972.79,77969.13,-13.47,-103.5,3209,high_vol
,2026-04-22T06:03:19.313885,ETH,Mean Reversion,paper,short,2393.03,2393.67,2393.03,2393.03,-2.69,-2.7,548,high_vol
,2026-04-22T06:03:19.316257,ETH,Mean Reversion,shadow,short,2393.12,2394.05,2393.34,2393.12,-13.89,-103.9,2743,high_vol
,2026-04-22T06:03:29.395492,BTC,Mean Reversion,paper,short,77960.1,77979.34,77960.1,77960.1,-2.47,-2.5,2866,trending
,2026-04-22T06:03:29.396321,BTC,Mean Reversion,shadow,short,77969.21,77991.76,77968.37,77969.21,-12.89,-102.9,2295,trending
,2026-04-22T06:03:41.483967,BTC,Mean Reversion,paper,long,77975.32,77962.43,77975.32,77975.32,-1.65,-1.7,3237,trending
,2026-04-22T06:03:41.484681,BTC,Mean Reversion,shadow,long,78004.85,77937.87,77961.26,78004.85,-18.59,-108.6,738,trending
,2026-04-22T06:03:43.498885,BTC,Mean Reversion,paper,short,77945.52,77974.51,77945.52,77945.52,-3.72,-3.7,2923,trending
,2026-04-22T06:03:43.499717,BTC,Mean Reversion,shadow,short,77970.56,77982.92,77959.54,77970.56,-11.59,-101.6,749,trending
,2026-04-22T06:03:47.528162,ETH,Mean Reversion,paper,long,2393.05,2393.63,2393.05,2393.05,2.43,2.4,2415,high_vol
,2026-04-22T06:03:47.529071,ETH,Mean Reversion,shadow,long,2394.95,2392.59,2393.31,2394.95,-19.87,-109.9,1055,high_vol
,2026-04-22T06:03:53.567375,BTC,Mean Reversion,paper,short,77947.78,77962.68,77947.78,77947.78,-1.91,-1.9,641,low_vol
,2026-04-22T06:03:53.568156,BTC,Mean Reversion,shadow,short,77960.17,77980.34,77956.96,77960.17,-12.59,-102.6,3274,low_vol
,2026-04-22T06:04:03.633905,BTC,Mean Reversion,paper,short,77965.59,77952.96,77965.59,77965.59,1.62,1.6,267,ranging
,2026-04-22T06:04:03.634392,BTC,Mean Reversion,shadow,short,77965.9,77979.42,77956.04,77965.9,-11.73,-101.7,1735,ranging
,2026-04-22T06:04:13.707798,ETH,Mean Reversion,paper,long,2393.6,2392.99,2393.6,2393.6,-2.52,-2.5,2284,low_vol
,2026-04-22T06:04:13.708622,ETH,Mean Reversion,shadow,long,2394.83,2392.49,2393.2,2394.83,-19.8,-109.8,2939,low_vol
,2026-04-22T06:04:31.848434,ETH,Mean Reversion,paper,short,2393.18,2393.31,2393.18,2393.18,-0.53,-0.5,3183,ranging
,2026-04-22T06:04:31.849267,ETH,Mean Reversion,shadow,short,2393.85,2394.22,2393.51,2393.85,-11.55,-101.5,2063,ranging
,2026-04-22T06:04:56.026349,BTC,Mean Reversion,paper,short,77950.33,77960.36,77950.33,77950.33,-1.29,-1.3,3034,trending
,2026-04-22T06:04:56.027134,BTC,Mean Reversion,shadow,short,77950.8,77979.4,77956.01,77950.8,-13.67,-103.7,3454,trending
,2026-04-22T06:05:02.076256,BTC,Mean Reversion,paper,long,77952.46,77959.17,77952.46,77952.46,0.86,0.9,612,trending
,2026-04-22T06:05:02.077007,BTC,Mean Reversion,shadow,long,78018.33,77942.37,77965.76,78018.33,-19.74,-109.7,195,trending
,2026-04-22T06:05:26.258088,BTC,Mean Reversion,paper,short,77924.65,77929.32,77924.65,77924.65,-0.6,-0.6,323,ranging
,2026-04-22T06:05:26.258901,BTC,Mean Reversion,shadow,short,77933.45,77962.13,77938.74,77933.45,-13.68,-103.7,525,ranging
,2026-04-22T06:05:32.307237,ETH,Mean Reversion,paper,long,2392.5,2392.71,2392.5,2392.5,0.87,0.9,2293,trending
,2026-04-22T06:05:32.307922,ETH,Mean Reversion,shadow,long,2394.16,2391.74,2392.45,2394.16,-20.11,-110.1,2030,trending
,2026-04-22T06:05:38.358720,ETH,Mean Reversion,paper,long,2392.43,2392.75,2392.43,2392.43,1.34,1.3,1986,high_vol
,2026-04-22T06:05:38.359323,ETH,Mean Reversion,shadow,long,2394.17,2391.76,2392.48,2394.17,-20.05,-110.1,2027,high_vol
,2026-04-22T06:05:52.453803,ETH,Mean Reversion,paper,long,2393.03,2392.46,2393.03,2393.03,-2.41,-2.4,3167,ranging
,2026-04-22T06:05:52.454614,ETH,Mean Reversion,shadow,long,2394.42,2392.22,2392.93,2394.42,-19.18,-109.2,3202,ranging
,2026-04-22T06:06:02.529470,BTC,Mean Reversion,paper,short,77957.7,77972.91,77957.7,77957.7,-1.95,-2.0,1775,high_vol
,2026-04-22T06:06:02.530167,BTC,Mean Reversion,shadow,short,77981.99,77994.44,77971.04,77981.99,-11.6,-101.6,2423,high_vol
,2026-04-22T06:06:04.546896,BTC,Mean Reversion,paper,long,77978.14,77975.98,77978.14,77978.14,-0.28,-0.3,1523,trending
,2026-04-22T06:06:04.547419,BTC,Mean Reversion,shadow,long,78011.07,77947.65,77971.04,78011.07,-18.13,-108.1,1957,trending
,2026-04-22T06:06:24.712663,BTC,Mean Reversion,paper,short,77962.96,77973.66,77962.96,77962.96,-1.37,-1.4,847,trending
,2026-04-22T06:06:24.713369,BTC,Mean Reversion,shadow,short,77968.63,77994.77,77971.38,77968.63,-13.35,-103.4,2057,trending
,2026-04-22T06:06:44.859571,BTC,Mean Reversion,paper,long,77948.7,77957.89,77948.7,77948.7,1.18,1.2,2427,ranging
,2026-04-22T06:06:44.860044,BTC,Mean Reversion,shadow,long,77994.57,77924.27,77947.65,77994.57,-19.01,-109.0,2153,ranging
,2026-04-22T06:06:58.977379,ETH,Mean Reversion,paper,short,2393.52,2393.52,2393.52,2393.52,-0.01,-0.0,459,high_vol
,2026-04-22T06:06:58.978138,ETH,Mean Reversion,shadow,short,2393.58,2394.31,2393.6,2393.58,-13.06,-103.1,312,high_vol
,2026-04-22T06:07:03.012158,ETH,Mean Reversion,paper,long,2393.8,2394.23,2393.8,2393.8,1.81,1.8,830,ranging
,2026-04-22T06:07:03.012824,ETH,Mean Reversion,shadow,long,2395.3,2393.18,2393.89,2395.3,-18.85,-108.9,1780,ranging
,2026-04-22T06:07:11.077085,BTC,Mean Reversion,paper,short,77937.65,77932.4,77937.65,77937.65,0.67,0.7,2269,high_vol
,2026-04-22T06:07:11.077903,BTC,Mean Reversion,shadow,short,77942.77,77968.06,77944.67,77942.77,-13.24,-103.2,930,high_vol
,2026-04-22T06:07:27.206059,ETH,Mean Reversion,paper,short,2393.74,2394.14,2393.74,2393.74,-1.64,-1.6,292,ranging
,2026-04-22T06:07:27.206663,ETH,Mean Reversion,shadow,short,2393.86,2394.42,2393.7,2393.86,-12.33,-102.3,1338,ranging
,2026-04-22T06:07:37.279961,BTC,Mean Reversion,paper,short,77959.57,77949.55,77959.57,77959.57,1.28,1.3,1180,trending
,2026-04-22T06:07:37.281235,BTC,Mean Reversion,shadow,short,77957.8,77979.4,77956.01,77957.8,-12.77,-102.8,2487,trending
,2026-04-22T06:07:49.375023,BTC,Mean Reversion,paper,long,77951.18,77950.77,77951.18,77951.18,-0.05,-0.1,3048,high_vol
,2026-04-22T06:07:49.375672,BTC,Mean Reversion,shadow,long,78013.63,77930.41,77953.79,78013.63,-20.67,-110.7,1220,high_vol
,2026-04-22T06:07:57.435906,BTC,Mean Reversion,paper,short,77943.01,77963.66,77943.01,77943.01,-2.65,-2.6,3217,high_vol
,2026-04-22T06:07:57.436738,BTC,Mean Reversion,shadow,short,77959.95,77975.81,77952.42,77959.95,-12.03,-102.0,1474,high_vol
,2026-04-22T06:07:59.454644,ETH,Mean Reversion,paper,long,2393.34,2393.17,2393.34,2393.34,-0.73,-0.7,745,low_vol
,2026-04-22T06:07:59.455316,ETH,Mean Reversion,shadow,long,2394.76,2392.57,2393.28,2394.76,-19.16,-109.2,782,low_vol
,2026-04-22T06:08:35.742198,ETH,Mean Reversion,paper,short,2391.86,2392.01,2391.86,2391.86,-0.61,-0.6,107,trending
,2026-04-22T06:08:35.743021,ETH,Mean Reversion,shadow,short,2391.73,2392.62,2391.9,2391.73,-13.72,-103.7,1659,trending
,2026-04-22T06:08:47.844006,ETH,Mean Reversion,paper,short,2391.83,2391.47,2391.83,2391.83,1.47,1.5,1943,high_vol
,2026-04-22T06:08:47.844384,ETH,Mean Reversion,shadow,short,2392.27,2392.54,2391.82,2392.27,-11.12,-101.1,2639,high_vol
,2026-04-22T06:09:22.095025,ETH,Mean Reversion,paper,long,2391.07,2391.79,2391.07,2391.07,3.02,3.0,2299,low_vol
,2026-04-22T06:09:22.095776,ETH,Mean Reversion,shadow,long,2392.98,2390.73,2391.45,2392.98,-19.41,-109.4,971,low_vol
,2026-04-22T06:09:30.154995,BTC,Mean Reversion,paper,short,77915.06,77920.12,77915.06,77915.06,-0.65,-0.6,1438,ranging
,2026-04-22T06:09:30.155599,BTC,Mean Reversion,shadow,short,77933.76,77943.09,77919.71,77933.76,-11.2,-101.2,3207,ranging
,2026-04-22T06:09:36.208758,ETH,Mean Reversion,paper,short,2391.61,2392.33,2391.61,2391.61,-3.03,-3.0,307,ranging
,2026-04-22T06:09:36.209426,ETH,Mean Reversion,shadow,short,2392.17,2392.72,2392.01,2392.17,-12.33,-102.3,208,ranging
,2026-04-22T06:10:04.436050,BTC,Mean Reversion,paper,short,77947.03,77929.5,77947.03,77947.03,2.25,2.2,990,ranging
,2026-04-22T06:10:04.436887,BTC,Mean Reversion,shadow,short,77941.25,77964.88,77941.49,77941.25,-13.03,-103.0,333,ranging
,2026-04-22T06:10:14.509708,BTC,Mean Reversion,paper,long,77962.01,77958.2,77962.01,77962.01,-0.49,-0.5,1846,high_vol
,2026-04-22T06:10:14.510536,BTC,Mean Reversion,shadow,long,77987.05,77923.2,77946.58,77987.05,-18.19,-108.2,3466,high_vol
,2026-04-22T06:10:34.687117,ETH,Mean Reversion,paper,long,2391.76,2392.13,2391.76,2391.76,1.55,1.5,2144,trending
,2026-04-22T06:10:34.687942,ETH,Mean Reversion,shadow,long,2393.04,2391.08,2391.8,2393.04,-18.2,-108.2,1239,trending
,2026-04-22T06:10:52.842250,BTC,Mean Reversion,paper,long,77944.75,77930.12,77944.75,77944.75,-1.88,-1.9,703,trending
,2026-04-22T06:10:52.843923,BTC,Mean Reversion,shadow,long,77970.94,77906.46,77929.83,77970.94,-18.27,-108.3,2004,trending
,2026-04-22T06:11:13.008105,BTC,Mean Reversion,paper,long,77945.57,77957.09,77945.57,77945.57,1.48,1.5,1905,trending
,2026-04-22T06:11:13.008582,BTC,Mean Reversion,shadow,long,77985.48,77921.3,77944.68,77985.48,-18.23,-108.2,501,trending
,2026-04-22T06:11:21.071458,BTC,Mean Reversion,paper,short,77930.19,77948.76,77930.19,77930.19,-2.38,-2.4,1702,high_vol
,2026-04-22T06:11:21.072263,BTC,Mean Reversion,shadow,short,77952.67,77962.13,77938.74,77952.67,-11.21,-101.2,234,high_vol
,2026-04-22T06:11:31.159625,BTC,Mean Reversion,paper,long,77941.44,77952.72,77941.44,77941.44,1.45,1.4,3231,high_vol
,2026-04-22T06:11:31.160443,BTC,Mean Reversion,shadow,long,77998.87,77923.56,77946.95,77998.87,-19.66,-109.7,3359,high_vol
,2026-04-22T06:11:39.225310,BTC,Mean Reversion,paper,short,77948.21,77932.44,77948.21,77948.21,2.02,2.0,2474,trending
,2026-04-22T06:11:39.226061,BTC,Mean Reversion,shadow,short,77946.4,77966.08,77942.7,77946.4,-12.52,-102.5,2382,trending
,2026-04-22T06:11:43.261154,BTC,Mean Reversion,paper,long,77934.54,77940.11,77934.54,77934.54,0.71,0.7,646,trending
,2026-04-22T06:11:43.261933,BTC,Mean Reversion,shadow,long,77993.88,77919.31,77942.7,77993.88,-19.56,-109.6,1310,trending
,2026-04-22T06:11:53.341384,ETH,Mean Reversion,paper,long,2390.62,2391.48,2390.62,2390.62,3.58,3.6,2361,trending
,2026-04-22T06:11:53.342126,ETH,Mean Reversion,shadow,long,2392.23,2390.29,2391.01,2392.23,-18.12,-108.1,1723,trending
,2026-04-22T06:12:49.795679,ETH,Mean Reversion,paper,short,2390.57,2391.47,2390.57,2390.57,-3.75,-3.7,3196,ranging
,2026-04-22T06:12:49.796182,ETH,Mean Reversion,shadow,short,2390.77,2391.72,2391.01,2390.77,-14.0,-104.0,1109,ranging
,2026-04-22T06:13:07.935674,BTC,Mean Reversion,paper,long,77975.86,77962.24,77975.86,77975.86,-1.75,-1.7,2502,trending
,2026-04-22T06:13:07.936420,BTC,Mean Reversion,shadow,long,78019.98,77941.27,77964.65,78019.98,-20.09,-110.1,1870,trending
,2026-04-22T06:13:26.098838,BTC,Mean Reversion,paper,short,77964.22,77962.37,77964.22,77964.22,0.24,0.2,170,ranging
,2026-04-22T06:13:26.099613,BTC,Mean Reversion,shadow,short,77978.64,77995.41,77972.01,77978.64,-12.15,-102.2,644,ranging
,2026-04-22T06:13:34.169563,BTC,Mean Reversion,paper,short,77979.05,77984.32,77979.05,77979.05,-0.68,-0.7,287,high_vol
,2026-04-22T06:13:34.170392,BTC,Mean Reversion,shadow,short,77975.45,77993.88,77970.49,77975.45,-12.36,-102.4,485,high_vol
,2026-04-22T06:13:36.188842,BTC,Mean Reversion,paper,short,77983.42,77967.0,77983.42,77983.42,2.11,2.1,2953,high_vol
,2026-04-22T06:13:36.189659,BTC,Mean Reversion,shadow,short,77985.24,77993.09,77969.7,77985.24,-11.01,-101.0,3226,high_vol
,2026-04-22T06:13:44.266574,BTC,Mean Reversion,paper,long,77978.83,77989.6,77978.83,77978.83,1.38,1.4,2647,low_vol
,2026-04-22T06:13:44.267347,BTC,Mean Reversion,shadow,long,78041.29,77955.98,77979.38,78041.29,-20.93,-110.9,2574,low_vol
,2026-04-22T06:13:56.382989,BTC,Mean Reversion,paper,long,78016.33,78009.58,78016.33,78016.33,-0.86,-0.9,3361,high_vol
,2026-04-22T06:13:56.383649,BTC,Mean Reversion,shadow,long,78073.42,77989.58,78012.99,78073.42,-20.74,-110.7,3215,high_vol
,2026-04-22T06:13:58.398768,BTC,Mean Reversion,paper,short,78026.74,78027.01,78026.74,78026.74,-0.04,-0.0,165,ranging
,2026-04-22T06:13:58.399450,BTC,Mean Reversion,shadow,short,78028.49,78042.41,78019.01,78028.49,-11.78,-101.8,589,ranging
,2026-04-22T06:14:22.595530,ETH,Mean Reversion,paper,short,2393.37,2393.24,2393.37,2393.37,0.52,0.5,489,trending
,2026-04-22T06:14:22.596372,ETH,Mean Reversion,shadow,short,2393.76,2394.23,2393.51,2393.76,-11.94,-101.9,982,trending
,2026-04-22T06:14:28.650161,ETH,Mean Reversion,paper,long,2393.34,2393.23,2393.34,2393.34,-0.43,-0.4,3416,ranging
,2026-04-22T06:14:28.650769,ETH,Mean Reversion,shadow,long,2395.31,2392.86,2393.57,2395.31,-20.25,-110.2,2525,ranging
,2026-04-22T06:14:46.779768,BTC,Mean Reversion,paper,long,77997.09,78018.36,77997.09,77997.09,2.73,2.7,1157,ranging
,2026-04-22T06:14:46.780271,BTC,Mean Reversion,shadow,long,78058.87,77985.58,78008.99,78058.87,-19.39,-109.4,3408,ranging
,2026-04-22T06:15:17.018969,BTC,Mean Reversion,paper,short,77985.85,77983.44,77985.85,77985.85,0.31,0.3,2019,low_vol
,2026-04-22T06:15:17.020072,BTC,Mean Reversion,shadow,short,77981.98,77997.53,77974.14,77981.98,-11.99,-102.0,2561,low_vol
,2026-04-22T06:15:51.642757,ETH,Mean Reversion,paper,short,2394.09,2394.03,2394.09,2394.09,0.27,0.3,1581,ranging
,2026-04-22T06:15:51.643659,ETH,Mean Reversion,shadow,short,2394.12,2394.4,2393.68,2394.12,-11.19,-101.2,2533,ranging
,2026-04-22T06:15:57.683317,ETH,Mean Reversion,paper,short,2393.8,2393.55,2393.8,2393.8,1.03,1.0,1593,ranging
,2026-04-22T06:15:57.683947,ETH,Mean Reversion,shadow,short,2393.88,2394.61,2393.89,2393.88,-13.07,-103.1,732,ranging
,2026-04-22T06:16:09.764547,ETH,Mean Reversion,paper,long,2394.15,2393.83,2394.15,2394.15,-1.34,-1.3,3353,trending
,2026-04-22T06:16:09.765356,ETH,Mean Reversion,shadow,long,2395.78,2393.33,2394.05,2395.78,-20.25,-110.2,2095,trending
,2026-04-22T06:16:21.844214,ETH,Mean Reversion,paper,short,2394.63,2393.86,2394.63,2394.63,3.24,3.2,671,high_vol
,2026-04-22T06:16:21.844861,ETH,Mean Reversion,shadow,short,2394.42,2395.01,2394.29,2394.42,-12.47,-102.5,413,high_vol
,2026-04-22T06:16:54.082190,BTC,Mean Reversion,paper,short,77995.78,78016.92,77995.78,77995.78,-2.71,-2.7,3209,trending
,2026-04-22T06:16:54.083008,BTC,Mean Reversion,shadow,short,78013.43,78030.87,78007.46,78013.43,-12.24,-102.2,1419,trending
,2026-04-22T06:16:56.098450,ETH,Mean Reversion,paper,long,2393.88,2393.04,2393.88,2393.88,-3.52,-3.5,3480,ranging
,2026-04-22T06:16:56.099232,ETH,Mean Reversion,shadow,long,2394.77,2392.8,2393.51,2394.77,-18.25,-108.2,720,ranging
,2026-04-22T06:17:10.196614,BTC,Mean Reversion,paper,short,77961.67,77982.99,77961.67,77961.67,-2.73,-2.7,3023,low_vol
,2026-04-22T06:17:10.197417,BTC,Mean Reversion,shadow,short,77968.93,77994.99,77971.6,77968.93,-13.34,-103.3,2218,low_vol
,2026-04-22T06:17:12.214451,ETH,Mean Reversion,paper,long,2392.19,2391.85,2392.19,2392.19,-1.43,-1.4,3220,trending
,2026-04-22T06:17:12.215049,ETH,Mean Reversion,shadow,long,2393.46,2391.48,2392.19,2393.46,-18.26,-108.3,2270,trending
,2026-04-22T06:17:26.304579,ETH,Mean Reversion,paper,long,2392.33,2392.32,2392.33,2392.33,-0.05,-0.0,1790,high_vol
,2026-04-22T06:17:26.305408,ETH,Mean Reversion,shadow,long,2393.74,2391.19,2391.9,2393.74,-20.68,-110.7,1225,high_vol
,2026-04-22T06:17:38.387881,ETH,Mean Reversion,paper,long,2392.74,2393.05,2392.74,2392.74,1.3,1.3,1369,low_vol
,2026-04-22T06:17:38.388704,ETH,Mean Reversion,shadow,long,2394.48,2391.98,2392.69,2394.48,-20.46,-110.5,3334,low_vol
,2026-04-22T06:18:00.541082,BTC,Mean Reversion,paper,long,77999.02,77985.08,77999.02,77999.02,-1.79,-1.8,2727,trending
,2026-04-22T06:18:00.541807,BTC,Mean Reversion,shadow,long,78044.43,77969.87,77993.27,78044.43,-19.55,-109.6,1865,trending
,2026-04-22T06:18:04.570551,ETH,Mean Reversion,paper,short,2392.45,2392.47,2392.45,2392.45,-0.09,-0.1,3298,low_vol
,2026-04-22T06:18:04.571377,ETH,Mean Reversion,shadow,short,2392.26,2393.11,2392.39,2392.26,-13.57,-103.6,268,low_vol
,2026-04-22T06:18:18.667948,ETH,Mean Reversion,paper,long,2391.69,2391.76,2391.69,2391.69,0.27,0.3,914,trending
,2026-04-22T06:18:18.668469,ETH,Mean Reversion,shadow,long,2393.95,2391.36,2392.08,2393.95,-20.83,-110.8,176,trending
,2026-04-22T06:19:07.012422,BTC,Mean Reversion,paper,short,77999.48,77995.92,77999.48,77999.48,0.46,0.5,2462,high_vol
,2026-04-22T06:19:07.014037,BTC,Mean Reversion,shadow,short,77993.55,78019.4,77996.01,77993.55,-13.31,-103.3,1854,high_vol
,2026-04-22T06:19:09.030312,BTC,Mean Reversion,paper,short,77997.75,77988.04,77997.75,77997.75,1.25,1.2,3228,low_vol
,2026-04-22T06:19:09.031127,BTC,Mean Reversion,shadow,short,78010.91,78019.4,77996.01,78010.91,-11.09,-101.1,3082,low_vol
,2026-04-22T06:19:25.150874,BTC,Mean Reversion,paper,short,77988.15,78003.34,77988.15,77988.15,-1.95,-1.9,1450,ranging
,2026-04-22T06:19:25.151566,BTC,Mean Reversion,shadow,short,77993.31,78015.6,77992.21,77993.31,-12.86,-102.9,3600,ranging
,2026-04-22T06:19:59.394390,ETH,Mean Reversion,paper,short,2393.1,2392.98,2393.1,2393.1,0.51,0.5,2381,trending
,2026-04-22T06:19:59.395231,ETH,Mean Reversion,shadow,short,2392.68,2393.36,2392.64,2392.68,-12.84,-102.8,1099,trending
,2026-04-22T06:20:09.466528,BTC,Mean Reversion,paper,long,78041.18,78020.74,78041.18,78041.18,-2.62,-2.6,1121,trending
,2026-04-22T06:20:09.467051,BTC,Mean Reversion,shadow,long,78076.25,78004.6,78028.01,78076.25,-19.18,-109.2,2237,trending
,2026-04-22T06:20:29.614090,ETH,Mean Reversion,paper,short,2393.12,2393.13,2393.12,2393.12,-0.06,-0.1,2616,high_vol
,2026-04-22T06:20:29.618006,ETH,Mean Reversion,shadow,short,2393.11,2393.83,2392.99,2393.11,-13.0,-103.0,3237,high_vol
,2026-04-22T06:20:33.645599,ETH,Mean Reversion,paper,long,2393.38,2393.5,2393.38,2393.38,0.49,0.5,784,trending
,2026-04-22T06:20:33.646430,ETH,Mean Reversion,shadow,long,2395.35,2392.9,2393.61,2395.35,-20.25,-110.2,3447,trending
,2026-04-22T06:20:45.739426,ETH,Mean Reversion,paper,long,2393.56,2392.99,2393.56,2393.56,-2.34,-2.3,2655,ranging
,2026-04-22T06:20:45.740192,ETH,Mean Reversion,shadow,long,2394.72,2392.7,2393.41,2394.72,-18.44,-108.4,3437,ranging
,2026-04-22T06:20:59.831829,ETH,Mean Reversion,paper,long,2393.74,2393.72,2393.74,2393.74,-0.11,-0.1,2765,high_vol
,2026-04-22T06:20:59.832561,ETH,Mean Reversion,shadow,long,2395.39,2392.96,2393.68,2395.39,-20.16,-110.2,3505,high_vol
,2026-04-22T06:21:03.864146,ETH,Mean Reversion,paper,long,2393.92,2394.08,2393.92,2393.92,0.71,0.7,124,ranging
,2026-04-22T06:21:03.864963,ETH,Mean Reversion,shadow,long,2395.16,2392.96,2393.68,2395.16,-19.2,-109.2,2124,ranging
,2026-04-22T06:21:07.896949,ETH,Mean Reversion,paper,short,2394.0,2393.56,2394.0,2394.0,1.86,1.9,1585,low_vol
,2026-04-22T06:21:07.897773,ETH,Mean Reversion,shadow,short,2393.58,2394.3,2393.58,2393.58,-12.98,-103.0,1676,low_vol
,2026-04-22T06:21:42.126329,ETH,Mean Reversion,paper,short,2393.59,2393.06,2393.59,2393.59,2.18,2.2,862,high_vol
,2026-04-22T06:21:42.127038,ETH,Mean Reversion,shadow,short,2393.41,2393.92,2393.2,2393.41,-12.16,-102.2,513,high_vol
,2026-04-22T06:22:00.251317,BTC,Mean Reversion,paper,short,78041.62,78058.64,78041.62,78041.62,-2.18,-2.2,3073,high_vol
,2026-04-22T06:22:00.251976,BTC,Mean Reversion,shadow,short,78051.43,78068.96,78045.54,78051.43,-12.25,-102.2,2612,high_vol
,2026-04-22T06:22:02.261259,BTC,Mean Reversion,paper,long,78054.59,78034.19,78054.59,78054.59,-2.61,-2.6,2360,low_vol
,2026-04-22T06:22:02.261979,BTC,Mean Reversion,shadow,long,78087.74,78023.45,78046.86,78087.74,-18.23,-108.2,868,low_vol
,2026-04-22T06:22:20.389991,BTC,Mean Reversion,paper,long,78039.86,78036.77,78039.86,78039.86,-0.4,-0.4,2205,trending
,2026-04-22T06:22:20.390684,BTC,Mean Reversion,shadow,long,78093.34,78025.51,78048.92,78093.34,-18.69,-108.7,3532,trending
,2026-04-22T06:23:06.689122,ETH,Mean Reversion,paper,short,2392.93,2392.25,2392.93,2392.93,2.86,2.9,1410,trending
,2026-04-22T06:23:06.689932,ETH,Mean Reversion,shadow,short,2392.56,2393.23,2392.52,2392.56,-12.82,-102.8,1507,trending
,2026-04-22T06:23:20.776753,ETH,Mean Reversion,paper,long,2392.06,2391.93,2392.06,2392.06,-0.55,-0.6,2975,ranging
,2026-04-22T06:23:20.777415,ETH,Mean Reversion,shadow,long,2393.72,2391.32,2392.03,2393.72,-20.03,-110.0,609,ranging
,2026-04-22T06:23:28.831042,BTC,Mean Reversion,paper,long,77993.78,78010.24,77993.78,77993.78,2.11,2.1,842,ranging
,2026-04-22T06:23:28.831776,BTC,Mean Reversion,shadow,long,78056.0,77985.16,78008.56,78056.0,-19.08,-109.1,2341,ranging
,2026-04-22T06:23:40.912506,BTC,Mean Reversion,paper,long,77996.96,77996.83,77996.96,77996.96,-0.02,-0.0,2698,ranging
,2026-04-22T06:23:40.913353,BTC,Mean Reversion,shadow,long,78044.68,77970.38,77993.77,78044.68,-19.52,-109.5,1009,ranging
,2026-04-22T06:23:42.928352,BTC,Mean Reversion,paper,short,78002.07,77985.54,78002.07,78002.07,2.12,2.1,1974,ranging
,2026-04-22T06:23:42.929176,BTC,Mean Reversion,shadow,short,78005.9,78017.17,77993.77,78005.9,-11.45,-101.4,248,ranging
,2026-04-22T06:24:17.161698,BTC,Mean Reversion,paper,long,77964.85,77945.96,77964.85,77964.85,-2.42,-2.4,2126,high_vol
,2026-04-22T06:24:17.162502,BTC,Mean Reversion,shadow,long,78012.89,77927.99,77951.38,78012.89,-20.88,-110.9,405,high_vol
,2026-04-22T06:25:15.535940,ETH,Mean Reversion,paper,short,2390.53,2390.16,2390.53,2390.53,1.54,1.5,3055,high_vol
,2026-04-22T06:25:15.536475,ETH,Mean Reversion,shadow,short,2390.89,2391.32,2390.61,2390.89,-11.79,-101.8,3327,high_vol
,2026-04-22T06:25:23.581287,BTC,Mean Reversion,paper,long,77992.47,77996.85,77992.47,77992.47,0.56,0.6,1160,low_vol
,2026-04-22T06:25:23.581682,BTC,Mean Reversion,shadow,long,78023.91,77960.99,77984.39,78023.91,-18.06,-108.1,2521,low_vol
,2026-04-22T06:25:51.783480,ETH,Mean Reversion,paper,short,2390.45,2391.01,2390.45,2390.45,-2.35,-2.4,1607,ranging
,2026-04-22T06:25:51.784298,ETH,Mean Reversion,shadow,short,2391.03,2391.45,2390.73,2391.03,-11.76,-101.8,1076,ranging
,2026-04-22T06:25:55.814085,ETH,Mean Reversion,paper,long,2390.98,2391.13,2390.98,2390.98,0.62,0.6,3174,ranging
,2026-04-22T06:25:55.814842,ETH,Mean Reversion,shadow,long,2392.11,2389.98,2390.69,2392.11,-18.91,-108.9,1710,ranging
,2026-04-22T06:26:15.959833,ETH,Mean Reversion,paper,short,2390.5,2390.35,2390.5,2390.5,0.63,0.6,65,high_vol
,2026-04-22T06:26:15.960691,ETH,Mean Reversion,shadow,short,2390.57,2391.24,2390.53,2390.57,-12.83,-102.8,209,high_vol
,2026-04-22T06:26:34.084068,ETH,Mean Reversion,paper,long,2390.21,2390.21,2390.21,2390.21,-0.03,-0.0,808,trending
,2026-04-22T06:26:34.084615,ETH,Mean Reversion,shadow,long,2392.15,2389.58,2390.3,2392.15,-20.73,-110.7,2700,trending
,2026-04-22T06:26:38.110490,ETH,Mean Reversion,paper,long,2390.6,2390.54,2390.6,2390.6,-0.24,-0.2,2931,ranging
,2026-04-22T06:26:38.111308,ETH,Mean Reversion,shadow,long,2391.64,2389.59,2390.31,2391.64,-18.6,-108.6,2372,ranging
,2026-04-22T06:26:40.127143,BTC,Mean Reversion,paper,short,77967.66,77948.27,77967.66,77967.66,2.49,2.5,82,low_vol
,2026-04-22T06:26:40.127815,BTC,Mean Reversion,shadow,short,77968.34,77980.39,77957.01,77968.34,-11.55,-101.5,311,low_vol
,2026-04-22T06:27:00.270775,ETH,Mean Reversion,paper,long,2390.99,2390.66,2390.99,2390.99,-1.39,-1.4,1487,trending
,2026-04-22T06:27:00.271506,ETH,Mean Reversion,shadow,long,2392.39,2389.91,2390.62,2392.39,-20.38,-110.4,3427,trending
,2026-04-22T06:27:20.393336,BTC,Mean Reversion,paper,long,77984.43,77986.02,77984.43,77984.43,0.2,0.2,3358,low_vol
,2026-04-22T06:27:20.393890,BTC,Mean Reversion,shadow,long,78049.65,77973.92,77997.32,78049.65,-19.7,-109.7,2094,low_vol
,2026-04-22T06:27:32.479160,BTC,Mean Reversion,paper,long,77986.48,78005.3,77986.48,77986.48,2.41,2.4,161,trending
,2026-04-22T06:27:32.479954,BTC,Mean Reversion,shadow,long,78061.71,77977.7,78001.11,78061.71,-20.76,-110.8,1587,trending
,2026-04-22T06:27:52.636434,BTC,Mean Reversion,paper,short,77983.3,77976.58,77983.3,77983.3,0.86,0.9,873,trending
,2026-04-22T06:27:52.637233,BTC,Mean Reversion,shadow,short,77981.3,78006.69,77983.29,77981.3,-13.26,-103.3,605,trending
,2026-04-22T06:27:56.663804,BTC,Mean Reversion,paper,long,77971.84,77987.6,77971.84,77971.84,2.02,2.0,2289,low_vol
,2026-04-22T06:27:56.664606,BTC,Mean Reversion,shadow,long,78028.25,77959.9,77983.29,78028.25,-18.76,-108.8,3480,low_vol
,2026-04-22T06:28:16.814140,ETH,Mean Reversion,paper,long,2391.83,2391.99,2391.83,2391.83,0.69,0.7,3025,trending
,2026-04-22T06:28:16.814822,ETH,Mean Reversion,shadow,long,2393.09,2390.89,2391.61,2393.09,-19.19,-109.2,1735,trending
,2026-04-22T06:28:36.964482,ETH,Mean Reversion,paper,long,2391.39,2391.45,2391.39,2391.39,0.27,0.3,642,high_vol
,2026-04-22T06:28:36.965314,ETH,Mean Reversion,shadow,long,2393.14,2390.69,2391.4,2393.14,-20.24,-110.2,1821,high_vol
,2026-04-22T06:28:45.031834,ETH,Mean Reversion,paper,short,2391.81,2391.05,2391.81,2391.81,3.18,3.2,390,trending
,2026-04-22T06:28:45.032601,ETH,Mean Reversion,shadow,short,2391.18,2392.12,2391.4,2391.18,-13.95,-103.9,3585,trending
,2026-04-22T06:28:47.048799,BTC,Mean Reversion,paper,short,77974.59,77999.43,77974.59,77974.59,-3.19,-3.2,1597,low_vol
,2026-04-22T06:28:47.049609,BTC,Mean Reversion,shadow,short,77980.72,78009.66,77986.26,77980.72,-13.71,-103.7,381,low_vol
,2026-04-22T06:28:59.147758,BTC,Mean Reversion,paper,long,77933.71,77953.18,77933.71,77933.71,2.5,2.5,3514,ranging
,2026-04-22T06:28:59.148258,BTC,Mean Reversion,shadow,long,78010.0,77924.28,77947.67,78010.0,-20.99,-111.0,2145,ranging
,2026-04-22T06:29:21.302528,BTC,Mean Reversion,paper,long,77946.09,77954.17,77946.09,77946.09,1.04,1.0,626,trending
,2026-04-22T06:29:21.303243,BTC,Mean Reversion,shadow,long,77985.16,77916.65,77940.04,77985.16,-18.78,-108.8,378,trending
,2026-04-22T06:29:51.513450,BTC,Mean Reversion,paper,short,77960.58,77968.26,77960.58,77960.58,-0.98,-1.0,1692,ranging
,2026-04-22T06:29:51.514235,BTC,Mean Reversion,shadow,short,77960.3,77986.95,77963.57,77960.3,-13.42,-103.4,1162,ranging
,2026-04-22T06:30:07.634311,BTC,Mean Reversion,paper,short,77993.67,78014.83,77993.67,77993.67,-2.71,-2.7,254,high_vol
,2026-04-22T06:30:07.635154,BTC,Mean Reversion,shadow,short,78018.65,78031.48,78008.08,78018.65,-11.64,-101.6,3436,high_vol
,2026-04-22T06:31:04.009697,ETH,Mean Reversion,paper,long,2393.13,2392.73,2393.13,2393.13,-1.71,-1.7,444,trending
,2026-04-22T06:31:04.010359,ETH,Mean Reversion,shadow,long,2394.66,2392.48,2393.19,2394.66,-19.14,-109.1,3241,trending
,2026-04-22T06:31:46.245776,ETH,Mean Reversion,paper,long,2392.6,2392.16,2392.6,2392.6,-1.86,-1.9,3251,ranging
,2026-04-22T06:31:46.246277,ETH,Mean Reversion,shadow,long,2393.77,2391.63,2392.35,2393.77,-18.95,-108.9,3073,ranging
,2026-04-22T06:31:58.311890,ETH,Mean Reversion,paper,short,2392.13,2392.04,2392.13,2392.13,0.35,0.4,2227,ranging
,2026-04-22T06:31:58.312716,ETH,Mean Reversion,shadow,short,2392.46,2392.87,2392.15,2392.46,-11.73,-101.7,1856,ranging
,2026-04-22T06:32:08.372103,BTC,Mean Reversion,paper,short,77953.56,77980.73,77953.56,77953.56,-3.48,-3.5,3049,low_vol
,2026-04-22T06:32:08.373022,BTC,Mean Reversion,shadow,short,77971.81,77988.62,77965.24,77971.81,-12.16,-102.2,2387,low_vol
,2026-04-22T06:32:34.446642,ETH,Mean Reversion,paper,long,2391.99,2392.57,2391.99,2391.99,2.42,2.4,1954,high_vol
,2026-04-22T06:32:34.447240,ETH,Mean Reversion,shadow,long,2393.5,2391.58,2392.3,2393.5,-18.03,-108.0,1765,high_vol
,2026-04-22T06:32:58.588970,BTC,Mean Reversion,paper,long,77978.36,77982.03,77978.36,77978.36,0.47,0.5,630,trending
,2026-04-22T06:32:58.589872,BTC,Mean Reversion,shadow,long,78044.01,77968.59,77991.99,78044.01,-19.66,-109.7,154,trending
,2026-04-22T06:33:04.633075,ETH,Mean Reversion,paper,long,2393.49,2393.93,2393.49,2393.49,1.88,1.9,1415,ranging
,2026-04-22T06:33:04.633744,ETH,Mean Reversion,shadow,long,2395.65,2393.18,2393.89,2395.65,-20.33,-110.3,2231,ranging
,2026-04-22T06:33:20.756469,ETH,Mean Reversion,paper,long,2394.36,2393.97,2394.36,2394.36,-1.64,-1.6,796,low_vol
,2026-04-22T06:33:20.757305,ETH,Mean Reversion,shadow,long,2395.76,2393.45,2394.16,2395.76,-19.66,-109.7,1414,low_vol
,2026-04-22T06:33:32.848683,ETH,Mean Reversion,paper,long,2394.38,2394.55,2394.38,2394.38,0.73,0.7,1247,ranging
,2026-04-22T06:33:32.849522,ETH,Mean Reversion,shadow,long,2395.41,2393.44,2394.15,2395.41,-18.22,-108.2,1306,ranging
,2026-04-22T06:34:11.151714,ETH,Mean Reversion,paper,short,2392.17,2392.62,2392.17,2392.17,-1.91,-1.9,866,ranging
,2026-04-22T06:34:11.153463,ETH,Mean Reversion,shadow,short,2392.64,2392.97,2392.25,2392.64,-11.36,-101.4,759,ranging
,2026-04-22T06:34:21.225822,ETH,Mean Reversion,paper,long,2391.98,2392.14,2391.98,2391.98,0.66,0.7,3275,ranging
,2026-04-22T06:34:21.226440,ETH,Mean Reversion,shadow,long,2393.84,2391.36,2392.07,2393.84,-20.36,-110.4,559,ranging
,2026-04-22T06:34:35.325631,ETH,Mean Reversion,paper,short,2392.14,2392.29,2392.14,2392.14,-0.64,-0.6,1207,high_vol
,2026-04-22T06:34:35.327112,ETH,Mean Reversion,shadow,short,2392.56,2393.23,2392.51,2392.56,-12.78,-102.8,93,high_vol
,2026-04-22T06:35:15.626615,BTC,Mean Reversion,paper,short,77924.87,77934.26,77924.87,77924.87,-1.2,-1.2,1968,ranging
,2026-04-22T06:35:15.628231,BTC,Mean Reversion,shadow,short,77932.55,77957.1,77933.72,77932.55,-13.15,-103.2,1757,ranging
,2026-04-22T06:35:29.736182,BTC,Mean Reversion,paper,short,77929.22,77926.53,77929.22,77929.22,0.35,0.3,2251,ranging
,2026-04-22T06:35:29.736850,BTC,Mean Reversion,shadow,short,77938.36,77951.48,77928.11,77938.36,-11.68,-101.7,2704,ranging
,2026-04-22T06:35:39.814630,ETH,Mean Reversion,paper,long,2391.24,2390.57,2391.24,2391.24,-2.79,-2.8,419,low_vol
,2026-04-22T06:35:39.815472,ETH,Mean Reversion,shadow,long,2392.56,2390.19,2390.9,2392.56,-19.91,-109.9,256,low_vol
,2026-04-22T06:35:45.861621,ETH,Mean Reversion,paper,long,2391.24,2390.47,2391.24,2391.24,-3.2,-3.2,362,low_vol
,2026-04-22T06:35:45.862398,ETH,Mean Reversion,shadow,long,2392.62,2390.2,2390.91,2392.62,-20.11,-110.1,3389,low_vol
,2026-04-22T06:35:47.879810,BTC,Mean Reversion,paper,long,77942.56,77951.91,77942.56,77942.56,1.2,1.2,1970,ranging
,2026-04-22T06:35:47.880666,BTC,Mean Reversion,shadow,long,77984.15,77915.36,77938.74,77984.15,-18.82,-108.8,3009,ranging
,2026-04-22T06:36:03.988085,ETH,Mean Reversion,paper,long,2391.7,2392.34,2391.7,2391.7,2.65,2.7,3470,high_vol
,2026-04-22T06:36:03.988800,ETH,Mean Reversion,shadow,long,2393.96,2391.36,2392.07,2393.96,-20.89,-110.9,2520,high_vol
,2026-04-22T06:36:06.004802,BTC,Mean Reversion,paper,long,77968.88,77971.33,77968.88,77968.88,0.31,0.3,1440,trending
,2026-04-22T06:36:06.005606,BTC,Mean Reversion,shadow,long,78006.92,77936.14,77959.52,78006.92,-19.07,-109.1,727,trending
,2026-04-22T06:36:12.049333,ETH,Mean Reversion,paper,short,2392.48,2392.76,2392.48,2392.48,-1.15,-1.1,1979,ranging
,2026-04-22T06:36:12.050124,ETH,Mean Reversion,shadow,short,2392.36,2393.1,2392.39,2392.36,-13.1,-103.1,2252,ranging
,2026-04-22T06:36:28.146321,ETH,Mean Reversion,paper,long,2391.78,2391.89,2391.78,2391.78,0.49,0.5,1800,low_vol
,2026-04-22T06:36:28.147970,ETH,Mean Reversion,shadow,long,2393.98,2391.37,2392.09,2393.98,-20.93,-110.9,1263,low_vol
,2026-04-22T06:36:38.232331,BTC,Mean Reversion,paper,long,77963.91,77949.02,77963.91,77963.91,-1.91,-1.9,1094,ranging
,2026-04-22T06:36:38.233118,BTC,Mean Reversion,shadow,long,78001.28,77930.2,77953.58,78001.28,-19.11,-109.1,169,ranging
,2026-04-22T06:36:42.259095,BTC,Mean Reversion,paper,short,77948.53,77972.19,77948.53,77948.53,-3.04,-3.0,1740,high_vol
,2026-04-22T06:36:42.259906,BTC,Mean Reversion,shadow,short,77966.7,77984.41,77961.02,77966.7,-12.27,-102.3,2616,high_vol
,2026-04-22T06:36:58.394897,BTC,Mean Reversion,paper,short,77952.93,77951.42,77952.93,77952.93,0.19,0.2,1127,trending
,2026-04-22T06:36:58.395378,BTC,Mean Reversion,shadow,short,77968.18,77976.98,77953.6,77968.18,-11.13,-101.1,2370,trending
,2026-04-22T06:37:00.405993,ETH,Mean Reversion,paper,short,2392.16,2391.81,2392.16,2392.16,1.47,1.5,364,ranging
,2026-04-22T06:37:00.406767,ETH,Mean Reversion,shadow,short,2392.19,2392.82,2392.1,2392.19,-12.61,-102.6,1688,ranging
,2026-04-22T06:37:14.504719,BTC,Mean Reversion,paper,short,77951.02,77957.65,77951.02,77951.02,-0.85,-0.9,2184,ranging
,2026-04-22T06:37:14.505440,BTC,Mean Reversion,shadow,short,77961.44,77974.43,77951.04,77961.44,-11.67,-101.7,3528,ranging
,2026-04-22T06:37:28.604043,BTC,Mean Reversion,paper,long,77965.83,77944.46,77965.83,77965.83,-2.74,-2.7,1543,low_vol
,2026-04-22T06:37:28.604834,BTC,Mean Reversion,shadow,long,78015.22,77930.84,77954.23,78015.22,-20.82,-110.8,3006,low_vol
,2026-04-22T06:37:36.671403,ETH,Mean Reversion,paper,short,2391.91,2391.85,2391.91,2391.91,0.25,0.3,717,trending
,2026-04-22T06:37:36.672073,ETH,Mean Reversion,shadow,short,2392.4,2392.99,2392.28,2392.4,-12.46,-102.5,2437,trending
,2026-04-22T06:37:48.762672,BTC,Mean Reversion,paper,long,77925.12,77916.36,77925.12,77925.12,-1.13,-1.1,2753,low_vol
,2026-04-22T06:37:48.763380,BTC,Mean Reversion,shadow,long,77990.75,77905.79,77929.17,77990.75,-20.89,-110.9,3471,low_vol
,2026-04-22T06:37:58.828876,BTC,Mean Reversion,paper,long,77941.23,77928.99,77941.23,77941.23,-1.57,-1.6,2915,trending
,2026-04-22T06:37:58.829694,BTC,Mean Reversion,shadow,long,77976.65,77909.54,77932.92,77976.65,-18.61,-108.6,2642,trending
,2026-04-22T06:38:12.943367,ETH,Mean Reversion,paper,long,2390.93,2391.09,2390.93,2390.93,0.69,0.7,1586,ranging
,2026-04-22T06:38:12.944212,ETH,Mean Reversion,shadow,long,2392.34,2390.16,2390.88,2392.34,-19.13,-109.1,823,ranging
,2026-04-22T06:38:14.960128,ETH,Mean Reversion,paper,long,2391.17,2390.76,2391.17,2391.17,-1.73,-1.7,1803,ranging
,2026-04-22T06:38:14.960763,ETH,Mean Reversion,shadow,long,2392.4,2390.23,2390.94,2392.4,-19.09,-109.1,3019,ranging
,2026-04-22T06:38:27.046630,ETH,Mean Reversion,paper,short,2390.37,2390.88,2390.37,2390.37,-2.15,-2.1,1811,ranging
,2026-04-22T06:38:27.047324,ETH,Mean Reversion,shadow,short,2390.62,2391.22,2390.51,2390.62,-12.51,-102.5,2524,ranging
,2026-04-22T06:38:47.196041,ETH,Mean Reversion,paper,long,2391.08,2390.95,2391.08,2391.08,-0.56,-0.6,3593,low_vol
,2026-04-22T06:38:47.196489,ETH,Mean Reversion,shadow,long,2392.89,2390.43,2391.14,2392.89,-20.29,-110.3,2158,low_vol
,2026-04-22T06:39:01.290466,BTC,Mean Reversion,paper,long,77950.54,77936.36,77950.54,77950.54,-1.82,-1.8,885,high_vol
,2026-04-22T06:39:01.291003,BTC,Mean Reversion,shadow,long,78008.46,77927.22,77950.61,78008.46,-20.41,-110.4,163,high_vol
,2026-04-22T06:39:09.347156,BTC,Mean Reversion,paper,short,77948.99,77948.2,77948.99,77948.99,0.1,0.1,2745,low_vol
,2026-04-22T06:39:09.347632,BTC,Mean Reversion,shadow,short,77962.81,77976.97,77953.58,77962.81,-11.82,-101.8,3489,low_vol
,2026-04-22T06:39:17.408470,BTC,Mean Reversion,paper,long,77945.14,77948.1,77945.14,77945.14,0.38,0.4,3316,high_vol
,2026-04-22T06:39:17.408850,BTC,Mean Reversion,shadow,long,77977.12,77913.88,77937.26,77977.12,-18.11,-108.1,340,high_vol
,2026-04-22T06:39:27.479860,ETH,Mean Reversion,paper,long,2391.44,2390.63,2391.44,2391.44,-3.4,-3.4,2867,low_vol
,2026-04-22T06:39:27.480213,ETH,Mean Reversion,shadow,long,2392.86,2390.3,2391.02,2392.86,-20.7,-110.7,195,low_vol
,2026-04-22T06:40:31.942078,ETH,Mean Reversion,paper,short,2391.79,2391.59,2391.79,2391.79,0.83,0.8,3228,low_vol
,2026-04-22T06:40:31.942600,ETH,Mean Reversion,shadow,short,2391.99,2392.47,2391.75,2391.99,-11.98,-102.0,2002,low_vol
,2026-04-22T06:40:50.062866,BTC,Mean Reversion,paper,long,77959.49,77968.88,77959.49,77959.49,1.21,1.2,2418,ranging
,2026-04-22T06:40:50.063558,BTC,Mean Reversion,shadow,long,78011.1,77941.24,77964.62,78011.1,-18.96,-109.0,2663,ranging
,2026-04-22T06:41:00.138069,BTC,Mean Reversion,paper,long,77970.54,77959.46,77970.54,77970.54,-1.42,-1.4,2062,low_vol
,2026-04-22T06:41:00.138779,BTC,Mean Reversion,shadow,long,78026.33,77941.24,77964.62,78026.33,-20.91,-110.9,2944,low_vol
,2026-04-22T06:41:04.164125,BTC,Mean Reversion,paper,long,77956.19,77969.78,77956.19,77956.19,1.74,1.7,166,low_vol
,2026-04-22T06:41:04.164854,BTC,Mean Reversion,shadow,long,78013.52,77942.41,77965.79,78013.52,-19.12,-109.1,1951,low_vol
,2026-04-22T06:41:22.303737,ETH,Mean Reversion,paper,short,2392.31,2391.88,2392.31,2392.31,1.8,1.8,640,high_vol
,2026-04-22T06:41:22.304361,ETH,Mean Reversion,shadow,short,2392.59,2392.9,2392.18,2392.59,-11.32,-101.3,2106,high_vol
,2026-04-22T06:41:24.316108,BTC,Mean Reversion,paper,long,77970.22,77966.61,77970.22,77970.22,-0.46,-0.5,2824,trending
,2026-04-22T06:41:24.316908,BTC,Mean Reversion,shadow,long,78028.88,77947.55,77970.95,78028.88,-20.42,-110.4,1294,trending
,2026-04-22T06:41:50.051604,ETH,Mean Reversion,paper,short,2392.07,2391.6,2392.07,2392.07,1.95,1.9,1835,ranging
,2026-04-22T06:41:50.052290,ETH,Mean Reversion,shadow,short,2391.82,2392.72,2392.01,2391.82,-13.79,-103.8,3397,ranging
,2026-04-22T06:41:56.089065,ETH,Mean Reversion,paper,long,2391.75,2392.22,2391.75,2391.75,1.97,2.0,376,low_vol
,2026-04-22T06:41:56.090192,ETH,Mean Reversion,shadow,long,2393.14,2391.21,2391.93,2393.14,-18.09,-108.1,809,low_vol
,2026-04-22T06:41:58.104189,BTC,Mean Reversion,paper,short,77980.81,77982.74,77980.81,77980.81,-0.25,-0.2,2264,high_vol
,2026-04-22T06:41:58.104911,BTC,Mean Reversion,shadow,short,77976.05,77997.51,77974.11,77976.05,-12.75,-102.8,647,high_vol
,2026-04-22T06:42:02.131433,ETH,Mean Reversion,paper,long,2391.84,2391.74,2391.84,2391.84,-0.42,-0.4,2641,ranging
,2026-04-22T06:42:02.132059,ETH,Mean Reversion,shadow,long,2393.34,2391.21,2391.93,2393.34,-18.89,-108.9,1147,ranging
,2026-04-22T06:42:14.198436,BTC,Mean Reversion,paper,long,77958.22,77955.62,77958.22,77958.22,-0.33,-0.3,2638,high_vol
,2026-04-22T06:42:14.199128,BTC,Mean Reversion,shadow,long,78020.13,77946.74,77970.14,78020.13,-19.41,-109.4,3118,high_vol
,2026-04-22T06:42:28.274027,BTC,Mean Reversion,paper,long,77974.44,77977.41,77974.44,77974.44,0.38,0.4,2466,ranging
,2026-04-22T06:42:28.274753,BTC,Mean Reversion,shadow,long,78023.74,77943.88,77967.27,78023.74,-20.24,-110.2,3052,ranging
,2026-04-22T06:42:46.410368,BTC,Mean Reversion,paper,short,77963.2,77956.42,77963.2,77963.2,0.87,0.9,2610,ranging
,2026-04-22T06:42:46.411116,BTC,Mean Reversion,shadow,short,77966.25,77992.13,77968.74,77966.25,-13.32,-103.3,1151,ranging
,2026-04-22T06:43:02.536346,ETH,Mean Reversion,paper,short,2391.33,2391.5,2391.33,2391.33,-0.72,-0.7,188,ranging
,2026-04-22T06:43:02.536985,ETH,Mean Reversion,shadow,short,2391.71,2392.13,2391.41,2391.71,-11.75,-101.7,3073,ranging
,2026-04-22T06:43:38.751080,BTC,Mean Reversion,paper,short,77972.69,77967.45,77972.69,77972.69,0.67,0.7,2791,trending
,2026-04-22T06:43:38.751897,BTC,Mean Reversion,shadow,short,77967.28,77992.79,77969.4,77967.28,-13.27,-103.3,1195,trending
,2026-04-22T06:43:50.827819,ETH,Mean Reversion,paper,short,2391.09,2391.55,2391.09,2391.09,-1.95,-1.9,1067,low_vol
,2026-04-22T06:43:50.828570,ETH,Mean Reversion,shadow,short,2391.22,2392.06,2391.35,2391.22,-13.53,-103.5,1492,low_vol
,2026-04-22T06:44:06.923293,ETH,Mean Reversion,paper,long,2392.11,2391.87,2392.11,2392.11,-0.99,-1.0,777,trending
,2026-04-22T06:44:06.924041,ETH,Mean Reversion,shadow,long,2393.37,2390.93,2391.64,2393.37,-20.21,-110.2,475,trending
,2026-04-22T06:44:23.024594,BTC,Mean Reversion,paper,short,77983.37,77989.28,77983.37,77983.37,-0.76,-0.8,96,ranging
,2026-04-22T06:44:23.025146,BTC,Mean Reversion,shadow,short,78004.5,78012.62,77989.23,78004.5,-11.04,-101.0,813,ranging
,2026-04-22T06:44:45.182295,ETH,Mean Reversion,paper,short,2391.66,2391.85,2391.66,2391.66,-0.77,-0.8,460,low_vol
,2026-04-22T06:44:45.183383,ETH,Mean Reversion,shadow,short,2391.78,2392.28,2391.57,2391.78,-12.11,-102.1,1295,low_vol
,2026-04-22T06:44:55.266539,ETH,Mean Reversion,paper,short,2391.1,2391.83,2391.1,2391.1,-3.05,-3.0,985,high_vol
,2026-04-22T06:44:55.267414,ETH,Mean Reversion,shadow,short,2391.86,2392.1,2391.39,2391.86,-11.03,-101.0,1468,high_vol
,2026-04-22T06:45:25.516473,ETH,Mean Reversion,paper,short,2391.2,2391.19,2391.2,2391.2,0.03,0.0,1751,ranging
,2026-04-22T06:45:25.517239,ETH,Mean Reversion,shadow,short,2391.4,2391.7,2390.98,2391.4,-11.27,-101.3,424,ranging
,2026-04-22T06:45:37.621141,BTC,Mean Reversion,paper,long,77975.75,77950.93,77975.75,77975.75,-3.18,-3.2,979,ranging
,2026-04-22T06:45:37.621686,BTC,Mean Reversion,shadow,long,78003.63,77939.11,77962.49,78003.63,-18.27,-108.3,1425,ranging
,2026-04-22T06:45:41.646190,BTC,Mean Reversion,paper,long,77978.84,77966.95,77978.84,77978.84,-1.52,-1.5,1546,low_vol
,2026-04-22T06:45:41.646919,BTC,Mean Reversion,shadow,long,78021.75,77947.62,77971.01,78021.75,-19.5,-109.5,116,low_vol
,2026-04-22T06:46:05.847850,ETH,Mean Reversion,paper,short,2391.01,2390.85,2391.01,2391.01,0.66,0.7,2183,ranging
,2026-04-22T06:46:05.848347,ETH,Mean Reversion,shadow,short,2391.19,2391.67,2390.95,2391.19,-12.01,-102.0,1908,ranging
,2026-04-22T06:46:30.032121,ETH,Mean Reversion,paper,short,2390.65,2390.63,2390.65,2390.65,0.06,0.1,2241,ranging
,2026-04-22T06:46:30.032966,ETH,Mean Reversion,shadow,short,2391.19,2391.79,2391.07,2391.19,-12.5,-102.5,2525,ranging
,2026-04-22T06:46:44.131500,BTC,Mean Reversion,paper,short,77973.97,77988.09,77973.97,77973.97,-1.81,-1.8,1522,ranging
,2026-04-22T06:46:44.132163,BTC,Mean Reversion,shadow,short,77984.52,78003.72,77980.33,77984.52,-12.46,-102.5,1561,ranging
,2026-04-22T06:46:46.149025,BTC,Mean Reversion,paper,long,77986.57,77995.51,77986.57,77986.57,1.15,1.1,2468,ranging
,2026-04-22T06:46:46.149878,BTC,Mean Reversion,shadow,long,78022.93,77956.62,77980.01,78022.93,-18.5,-108.5,1118,ranging
,2026-04-22T06:47:00.266522,ETH,Mean Reversion,paper,long,2392.15,2391.83,2392.15,2392.15,-1.32,-1.3,1377,low_vol
,2026-04-22T06:47:00.267358,ETH,Mean Reversion,shadow,long,2393.27,2391.06,2391.78,2393.27,-19.26,-109.3,1375,low_vol
,2026-04-22T06:47:04.297474,ETH,Mean Reversion,paper,short,2391.88,2391.46,2391.88,2391.88,1.74,1.7,2289,high_vol
,2026-04-22T06:47:04.298099,ETH,Mean Reversion,shadow,short,2391.58,2392.21,2391.49,2391.58,-12.63,-102.6,2756,high_vol
,2026-04-22T06:47:10.339236,BTC,Mean Reversion,paper,long,77989.51,77989.15,77989.51,77989.51,-0.05,-0.0,1501,trending
,2026-04-22T06:47:10.339885,BTC,Mean Reversion,shadow,long,78026.97,77957.63,77981.02,78026.97,-18.89,-108.9,3204,trending
,2026-04-22T06:47:28.478274,BTC,Mean Reversion,paper,short,77995.21,77986.01,77995.21,77995.21,1.18,1.2,627,low_vol
,2026-04-22T06:47:28.479102,BTC,Mean Reversion,shadow,short,77988.31,78018.56,77995.17,77988.31,-13.88,-103.9,286,low_vol
,2026-04-22T06:47:44.617254,ETH,Mean Reversion,paper,short,2391.55,2391.5,2391.55,2391.55,0.2,0.2,2289,ranging
,2026-04-22T06:47:44.618011,ETH,Mean Reversion,shadow,short,2391.28,2392.12,2391.41,2391.28,-13.53,-103.5,2187,ranging
,2026-04-22T06:48:28.948849,ETH,Mean Reversion,paper,short,2392.28,2392.04,2392.28,2392.28,1.0,1.0,2987,low_vol
,2026-04-22T06:48:28.949608,ETH,Mean Reversion,shadow,short,2391.85,2392.81,2392.09,2391.85,-14.0,-104.0,2046,low_vol
,2026-04-22T06:49:05.232503,ETH,Mean Reversion,paper,short,2391.53,2391.45,2391.53,2391.53,0.3,0.3,3562,trending
,2026-04-22T06:49:05.233092,ETH,Mean Reversion,shadow,short,2391.78,2392.47,2391.76,2391.78,-12.9,-102.9,1284,trending
,2026-04-22T06:49:15.306351,ETH,Mean Reversion,paper,long,2391.86,2391.85,2391.86,2391.86,-0.04,-0.0,3568,trending
,2026-04-22T06:49:15.306927,ETH,Mean Reversion,shadow,long,2393.23,2391.23,2391.94,2393.23,-18.35,-108.3,914,trending
,2026-04-22T06:49:21.358198,BTC,Mean Reversion,paper,short,78007.53,78000.07,78007.53,78007.53,0.96,1.0,134,ranging
,2026-04-22T06:49:21.358785,BTC,Mean Reversion,shadow,short,77991.82,78020.68,77997.29,77991.82,-13.7,-103.7,1141,ranging
,2026-04-22T06:49:43.090400,ETH,Mean Reversion,paper,long,2391.84,2391.42,2391.84,2391.84,-1.74,-1.7,2584,high_vol
,2026-04-22T06:49:43.096423,ETH,Mean Reversion,shadow,long,2392.76,2390.7,2391.41,2392.76,-18.61,-108.6,700,high_vol
,2026-04-22T06:49:45.114266,BTC,Mean Reversion,paper,short,77991.5,77971.11,77991.5,77991.5,2.61,2.6,2480,high_vol
,2026-04-22T06:49:45.114967,BTC,Mean Reversion,shadow,short,77988.74,77999.41,77976.01,77988.74,-11.37,-101.4,3249,high_vol
,2026-04-22T06:50:05.281069,ETH,Mean Reversion,paper,long,2391.58,2391.39,2391.58,2391.58,-0.8,-0.8,3022,low_vol
,2026-04-22T06:50:05.281952,ETH,Mean Reversion,shadow,long,2392.83,2390.9,2391.61,2392.83,-18.08,-108.1,1067,low_vol
,2026-04-22T06:50:09.311579,BTC,Mean Reversion,paper,long,78007.3,78017.34,78007.3,78007.3,1.29,1.3,2863,ranging
,2026-04-22T06:50:09.312337,BTC,Mean Reversion,shadow,long,78061.66,77980.67,78004.08,78061.66,-20.37,-110.4,536,ranging
,2026-04-22T06:50:39.555830,BTC,Mean Reversion,paper,long,78010.28,78005.95,78010.28,78010.28,-0.56,-0.6,1198,low_vol
,2026-04-22T06:50:39.556648,BTC,Mean Reversion,shadow,long,78076.29,77997.68,78021.08,78076.29,-20.07,-110.1,3312,low_vol
,2026-04-22T06:50:49.642549,ETH,Mean Reversion,paper,short,2392.37,2392.43,2392.37,2392.37,-0.25,-0.3,2998,ranging
,2026-04-22T06:50:49.643388,ETH,Mean Reversion,shadow,short,2392.75,2393.2,2392.48,2392.75,-11.87,-101.9,971,ranging
,2026-04-22T06:50:51.659864,BTC,Mean Reversion,paper,long,78002.99,78018.3,78002.99,78002.99,1.96,2.0,2473,ranging
,2026-04-22T06:50:51.660616,BTC,Mean Reversion,shadow,long,78062.06,77993.13,78016.54,78062.06,-18.83,-108.8,2280,ranging
,2026-04-22T06:51:09.820300,BTC,Mean Reversion,paper,long,78031.28,78012.56,78031.28,78031.28,-2.4,-2.4,1353,trending
,2026-04-22T06:51:09.821128,BTC,Mean Reversion,shadow,long,78060.23,77994.93,78018.33,78060.23,-18.36,-108.4,2935,trending
,2026-04-22T06:51:13.848372,BTC,Mean Reversion,paper,long,78007.1,78027.51,78007.1,78007.1,2.62,2.6,3402,trending
,2026-04-22T06:51:13.850088,BTC,Mean Reversion,shadow,long,78067.54,77997.25,78020.65,78067.54,-19.0,-109.0,2237,trending
,2026-04-22T06:51:38.037063,BTC,Mean Reversion,paper,long,78036.02,78030.6,78036.02,78036.02,-0.69,-0.7,2503,high_vol
,2026-04-22T06:51:38.037871,BTC,Mean Reversion,shadow,long,78065.03,78000.4,78023.8,78065.03,-18.28,-108.3,3484,high_vol
,2026-04-22T06:51:44.080308,ETH,Mean Reversion,paper,long,2392.79,2393.39,2392.79,2392.79,2.52,2.5,1212,trending
,2026-04-22T06:51:44.081149,ETH,Mean Reversion,shadow,long,2394.55,2392.33,2393.05,2394.55,-19.28,-109.3,890,trending
,2026-04-22T06:51:58.199342,BTC,Mean Reversion,paper,long,78024.76,78017.24,78024.76,78024.76,-0.96,-1.0,956,ranging
,2026-04-22T06:51:58.200150,BTC,Mean Reversion,shadow,long,78074.44,77998.5,78021.9,78074.44,-19.73,-109.7,2911,ranging
,2026-04-22T06:52:06.263809,ETH,Mean Reversion,paper,short,2392.84,2392.54,2392.84,2392.84,1.25,1.2,2192,trending
,2026-04-22T06:52:06.264351,ETH,Mean Reversion,shadow,short,2392.53,2393.22,2392.51,2392.53,-12.9,-102.9,582,trending
,2026-04-22T06:52:20.381615,ETH,Mean Reversion,paper,short,2392.59,2392.22,2392.59,2392.59,1.55,1.5,956,low_vol
,2026-04-22T06:52:20.382433,ETH,Mean Reversion,shadow,short,2392.32,2392.91,2392.19,2392.32,-12.48,-102.5,2403,low_vol
,2026-04-22T06:52:22.400387,BTC,Mean Reversion,paper,short,77978.3,77978.2,77978.3,77978.3,0.01,0.0,1346,low_vol
,2026-04-22T06:52:22.401255,BTC,Mean Reversion,shadow,short,77992.61,78012.14,77988.74,77992.61,-12.5,-102.5,3591,low_vol
,2026-04-22T06:52:30.463607,ETH,Mean Reversion,paper,long,2391.9,2392.16,2391.9,2391.9,1.11,1.1,3083,high_vol
,2026-04-22T06:52:30.464386,ETH,Mean Reversion,shadow,long,2393.59,2391.29,2392.01,2393.59,-19.61,-109.6,66,high_vol
,2026-04-22T06:52:36.514303,BTC,Mean Reversion,paper,long,77959.36,77972.78,77959.36,77959.36,1.72,1.7,2601,ranging
,2026-04-22T06:52:36.514946,BTC,Mean Reversion,shadow,long,78016.87,77950.62,77974.01,78016.87,-18.49,-108.5,683,ranging
,2026-04-22T06:53:18.831362,BTC,Mean Reversion,paper,short,77991.43,77982.71,77991.43,77991.43,1.12,1.1,950,low_vol
,2026-04-22T06:53:18.832069,BTC,Mean Reversion,shadow,short,77992.89,78018.48,77995.08,77992.89,-13.28,-103.3,976,low_vol
,2026-04-22T06:53:24.882400,BTC,Mean Reversion,paper,long,78004.94,77992.0,78004.94,78004.94,-1.66,-1.7,1096,high_vol
,2026-04-22T06:53:24.883145,BTC,Mean Reversion,shadow,long,78040.85,77971.69,77995.08,78040.85,-18.86,-108.9,3159,high_vol
,2026-04-22T06:53:26.906359,BTC,Mean Reversion,paper,short,77980.53,77981.22,77980.53,77980.53,-0.09,-0.1,2147,trending
,2026-04-22T06:53:26.917746,BTC,Mean Reversion,shadow,short,78008.09,78018.48,77995.08,78008.09,-11.33,-101.3,2007,trending
,2026-04-22T06:53:28.931813,BTC,Mean Reversion,paper,long,77980.56,77985.95,77980.56,77980.56,0.69,0.7,620,low_vol
,2026-04-22T06:53:28.932310,BTC,Mean Reversion,shadow,long,78056.23,77971.69,77995.08,78056.23,-20.83,-110.8,1012,low_vol
,2026-04-22T06:53:45.052896,ETH,Mean Reversion,paper,long,2391.98,2391.91,2391.98,2391.98,-0.31,-0.3,2948,trending
,2026-04-22T06:53:45.054640,ETH,Mean Reversion,shadow,long,2393.46,2390.89,2391.61,2393.46,-20.76,-110.8,2300,trending
,2026-04-22T06:53:51.108083,BTC,Mean Reversion,paper,long,77984.44,77965.66,77984.44,77984.44,-2.41,-2.4,1961,trending
,2026-04-22T06:53:51.108888,BTC,Mean Reversion,shadow,long,78034.09,77952.63,77976.02,78034.09,-20.44,-110.4,723,trending
,2026-04-22T06:53:55.135418,ETH,Mean Reversion,paper,short,2391.52,2392.01,2391.52,2391.52,-2.06,-2.1,1656,low_vol
,2026-04-22T06:53:55.136253,ETH,Mean Reversion,shadow,short,2392.1,2392.5,2391.78,2392.1,-11.68,-101.7,3388,low_vol
,2026-04-22T06:54:03.189277,ETH,Mean Reversion,paper,short,2391.8,2392.06,2391.8,2391.8,-1.1,-1.1,1031,low_vol
,2026-04-22T06:54:03.189892,ETH,Mean Reversion,shadow,short,2392.02,2392.34,2391.62,2392.02,-11.35,-101.4,63,low_vol
,2026-04-22T06:54:21.314671,ETH,Mean Reversion,paper,short,2391.21,2391.14,2391.21,2391.21,0.3,0.3,2746,trending
,2026-04-22T06:54:21.315042,ETH,Mean Reversion,shadow,short,2391.44,2392.23,2391.52,2391.44,-13.33,-103.3,2129,trending
,2026-04-22T06:54:29.373913,ETH,Mean Reversion,paper,long,2392.77,2392.63,2392.77,2392.77,-0.6,-0.6,1008,trending
,2026-04-22T06:54:29.374567,ETH,Mean Reversion,shadow,long,2394.01,2391.7,2392.41,2394.01,-19.68,-109.7,1919,trending
,2026-04-22T06:54:51.542144,ETH,Mean Reversion,paper,long,2392.31,2392.4,2392.31,2392.31,0.36,0.4,2555,trending
,2026-04-22T06:54:51.542795,ETH,Mean Reversion,shadow,long,2393.9,2391.8,2392.52,2393.9,-18.78,-108.8,1059,trending
,2026-04-22T06:54:57.589589,BTC,Mean Reversion,paper,long,78015.24,78030.86,78015.24,78015.24,2.0,2.0,114,ranging
,2026-04-22T06:54:57.590190,BTC,Mean Reversion,shadow,long,78079.62,78004.25,78027.65,78079.62,-19.65,-109.7,195,ranging
,2026-04-22T06:55:19.748851,BTC,Mean Reversion,paper,long,78009.24,78015.52,78009.24,78009.24,0.81,0.8,205,trending
,2026-04-22T06:55:19.749606,BTC,Mean Reversion,shadow,long,78077.95,77993.27,78016.67,78077.95,-20.85,-110.8,1903,trending
,2026-04-22T06:55:35.879765,ETH,Mean Reversion,paper,short,2391.98,2391.76,2391.98,2391.98,0.93,0.9,1480,ranging
,2026-04-22T06:55:35.880488,ETH,Mean Reversion,shadow,short,2391.8,2392.53,2391.82,2391.8,-13.05,-103.1,78,ranging
,2026-04-22T06:55:47.963611,BTC,Mean Reversion,paper,short,78008.19,78007.59,78008.19,78008.19,0.08,0.1,470,high_vol
,2026-04-22T06:55:47.964140,BTC,Mean Reversion,shadow,short,78006.58,78029.77,78006.36,78006.58,-12.97,-103.0,1574,high_vol
,2026-04-22T06:56:04.090262,ETH,Mean Reversion,paper,long,2391.75,2391.05,2391.75,2391.75,-2.93,-2.9,2361,trending
,2026-04-22T06:56:04.090897,ETH,Mean Reversion,shadow,long,2393.2,2390.58,2391.3,2393.2,-20.96,-111.0,2693,trending
,2026-04-22T06:56:16.175001,BTC,Mean Reversion,paper,long,77998.64,78017.19,77998.64,77998.64,2.38,2.4,3536,high_vol
,2026-04-22T06:56:16.175679,BTC,Mean Reversion,shadow,long,78043.16,77978.21,78001.61,78043.16,-18.32,-108.3,1581,high_vol
,2026-04-22T06:56:24.238320,ETH,Mean Reversion,paper,long,2391.91,2391.54,2391.91,2391.91,-1.52,-1.5,392,low_vol
,2026-04-22T06:56:24.238989,ETH,Mean Reversion,shadow,long,2393.24,2390.85,2391.57,2393.24,-19.99,-110.0,2603,low_vol
,2026-04-22T06:57:36.744819,BTC,Mean Reversion,paper,short,77990.96,77975.24,77990.96,77990.96,2.02,2.0,1114,high_vol
,2026-04-22T06:57:36.745515,BTC,Mean Reversion,shadow,short,77996.07,78009.41,77986.01,77996.07,-11.71,-101.7,3047,high_vol
,2026-04-22T06:57:42.795644,BTC,Mean Reversion,paper,long,77991.62,77981.22,77991.62,77991.62,-1.33,-1.3,739,ranging
,2026-04-22T06:57:42.795979,BTC,Mean Reversion,shadow,long,78042.89,77971.8,77995.2,78042.89,-19.11,-109.1,3103,ranging
,2026-04-22T06:57:52.864454,BTC,Mean Reversion,paper,long,78001.87,77978.91,78001.87,78001.87,-2.94,-2.9,2568,trending
,2026-04-22T06:57:52.865075,BTC,Mean Reversion,shadow,long,78044.63,77966.62,77990.01,78044.63,-20.0,-110.0,3112,trending
,2026-04-22T06:57:56.894253,ETH,Mean Reversion,paper,short,2391.55,2391.89,2391.55,2391.55,-1.43,-1.4,184,low_vol
,2026-04-22T06:57:56.894802,ETH,Mean Reversion,shadow,short,2391.65,2392.27,2391.56,2391.65,-12.59,-102.6,1765,low_vol
,2026-04-22T06:58:27.113237,ETH,Mean Reversion,paper,short,2391.86,2391.72,2391.86,2391.86,0.57,0.6,269,low_vol
,2026-04-22T06:58:27.113933,ETH,Mean Reversion,shadow,short,2391.86,2392.42,2391.7,2391.86,-12.35,-102.4,2337,low_vol
,2026-04-22T06:58:43.228709,ETH,Mean Reversion,paper,short,2391.98,2391.63,2391.98,2391.98,1.43,1.4,3015,low_vol
,2026-04-22T06:58:43.229382,ETH,Mean Reversion,shadow,short,2392.08,2392.35,2391.64,2392.08,-11.13,-101.1,789,low_vol
,2026-04-22T06:58:47.260412,BTC,Mean Reversion,paper,short,77988.81,78001.86,77988.81,77988.81,-1.67,-1.7,1094,ranging
,2026-04-22T06:58:47.261042,BTC,Mean Reversion,shadow,short,77996.25,78013.48,77990.08,77996.25,-12.21,-102.2,2999,ranging
,2026-04-22T06:58:51.289710,ETH,Mean Reversion,paper,short,2391.5,2391.86,2391.5,2391.5,-1.49,-1.5,2052,trending
,2026-04-22T06:58:51.290369,ETH,Mean Reversion,shadow,short,2392.01,2392.4,2391.68,2392.01,-11.62,-101.6,3483,trending
,2026-04-22T06:58:53.302230,ETH,Mean Reversion,paper,long,2391.4,2391.31,2391.4,2391.4,-0.37,-0.4,2306,trending
,2026-04-22T06:58:53.303053,ETH,Mean Reversion,shadow,long,2393.09,2390.57,2391.28,2393.09,-20.53,-110.5,3036,trending
,2026-04-22T06:59:03.374069,BTC,Mean Reversion,paper,short,78015.37,78003.67,78015.37,78015.37,1.5,1.5,3441,low_vol
,2026-04-22T06:59:03.374767,BTC,Mean Reversion,shadow,short,78010.16,78030.6,78007.2,78010.16,-12.62,-102.6,3074,low_vol
,2026-04-22T06:59:07.402829,ETH,Mean Reversion,paper,long,2392.27,2392.0,2392.27,2392.27,-1.12,-1.1,771,trending
,2026-04-22T06:59:07.403653,ETH,Mean Reversion,shadow,long,2393.5,2391.32,2392.03,2393.5,-19.1,-109.1,492,trending
,2026-04-22T06:59:15.456464,ETH,Mean Reversion,paper,long,2391.53,2392.17,2391.53,2391.53,2.68,2.7,3424,trending
,2026-04-22T06:59:15.457150,ETH,Mean Reversion,shadow,long,2393.51,2391.14,2391.86,2393.51,-19.92,-109.9,301,trending
,2026-04-22T06:59:39.653731,ETH,Mean Reversion,paper,long,2392.28,2392.3,2392.28,2392.28,0.09,0.1,2166,high_vol
,2026-04-22T06:59:39.655363,ETH,Mean Reversion,shadow,long,2393.46,2391.39,2392.11,2393.46,-18.65,-108.6,3216,high_vol
,2026-04-22T06:59:41.678493,BTC,Mean Reversion,paper,short,78011.96,78002.45,78011.96,78011.96,1.22,1.2,1988,low_vol
,2026-04-22T06:59:41.679131,BTC,Mean Reversion,shadow,short,78011.53,78039.5,78016.1,78011.53,-13.59,-103.6,737,low_vol
,2026-04-22T06:59:47.714311,BTC,Mean Reversion,paper,short,78004.83,78015.69,78004.83,78004.83,-1.39,-1.4,2095,trending
,2026-04-22T06:59:47.715143,BTC,Mean Reversion,shadow,short,78025.99,78039.43,78016.02,78025.99,-11.72,-101.7,1833,trending
,2026-04-22T06:59:57.778674,BTC,Mean Reversion,paper,long,78022.3,78022.44,78022.3,78022.3,0.02,0.0,2431,high_vol
,2026-04-22T06:59:57.779312,BTC,Mean Reversion,shadow,long,78067.3,78001.48,78024.89,78067.3,-18.43,-108.4,1020,high_vol
,2026-04-22T07:00:01.808432,BTC,Mean Reversion,paper,short,78015.16,78010.95,78015.16,78015.16,0.54,0.5,637,ranging
,2026-04-22T07:00:01.809501,BTC,Mean Reversion,shadow,short,78019.76,78046.62,78023.21,78019.76,-13.44,-103.4,3039,ranging
,2026-04-22T07:00:09.857510,ETH,Mean Reversion,paper,short,2392.84,2393.63,2392.84,2392.84,-3.28,-3.3,1792,low_vol
,2026-04-22T07:00:09.858424,ETH,Mean Reversion,shadow,short,2393.26,2393.96,2393.24,2393.26,-12.95,-103.0,538,low_vol
,2026-04-22T07:00:15.911583,BTC,Mean Reversion,paper,long,78009.14,78016.71,78009.14,78009.14,0.97,1.0,2143,low_vol
,2026-04-22T07:00:15.912454,BTC,Mean Reversion,shadow,long,78056.88,77992.29,78015.7,78056.88,-18.27,-108.3,3382,low_vol
,2026-04-22T07:00:38.052992,BTC,Mean Reversion,paper,short,78039.99,78037.91,78039.99,78039.99,0.27,0.3,2712,high_vol
,2026-04-22T07:00:38.053482,BTC,Mean Reversion,shadow,short,78030.45,78052.7,78029.29,78030.45,-12.85,-102.9,1864,high_vol
,2026-04-22T07:00:40.065785,ETH,Mean Reversion,paper,short,2392.96,2393.01,2392.96,2392.96,-0.2,-0.2,2701,high_vol
,2026-04-22T07:00:40.066586,ETH,Mean Reversion,shadow,short,2393.28,2394.07,2393.35,2393.28,-13.28,-103.3,1141,high_vol
,2026-04-22T07:00:42.080923,ETH,Mean Reversion,paper,short,2393.61,2393.74,2393.61,2393.61,-0.55,-0.5,123,low_vol
,2026-04-22T07:00:42.081751,ETH,Mean Reversion,shadow,short,2393.57,2394.09,2393.38,2393.57,-12.17,-102.2,2979,low_vol
,2026-04-22T07:00:54.161885,ETH,Mean Reversion,paper,short,2393.12,2393.1,2393.12,2393.12,0.07,0.1,570,trending
,2026-04-22T07:00:54.162602,ETH,Mean Reversion,shadow,short,2392.88,2393.72,2393.01,2392.88,-13.51,-103.5,2978,trending
,2026-04-22T07:01:04.237966,ETH,Mean Reversion,paper,long,2393.59,2393.47,2393.59,2393.59,-0.52,-0.5,3132,low_vol
,2026-04-22T07:01:04.238495,ETH,Mean Reversion,shadow,long,2395.18,2392.62,2393.34,2395.18,-20.72,-110.7,1013,low_vol
,2026-04-22T07:01:06.249072,ETH,Mean Reversion,paper,short,2393.87,2394.07,2393.87,2393.87,-0.82,-0.8,2943,trending
,2026-04-22T07:01:06.249720,ETH,Mean Reversion,shadow,short,2393.54,2394.36,2393.64,2393.54,-13.45,-103.4,336,trending
,2026-04-22T07:01:50.537789,ETH,Mean Reversion,paper,short,2392.72,2392.26,2392.72,2392.72,1.94,1.9,1372,ranging
,2026-04-22T07:01:50.538684,ETH,Mean Reversion,shadow,short,2392.37,2393.04,2392.32,2392.37,-12.82,-102.8,241,ranging
,2026-04-22T07:01:56.575779,BTC,Mean Reversion,paper,long,78025.04,78004.22,78025.04,78025.04,-2.67,-2.7,2901,high_vol
,2026-04-22T07:01:56.576459,BTC,Mean Reversion,shadow,long,78067.04,77991.99,78015.39,78067.04,-19.61,-109.6,1540,high_vol
,2026-04-22T07:02:06.645770,BTC,Mean Reversion,paper,long,77999.66,77993.88,77999.66,77999.66,-0.74,-0.7,3146,high_vol
,2026-04-22T07:02:06.646573,BTC,Mean Reversion,shadow,long,78055.54,77984.4,78007.8,78055.54,-19.11,-109.1,121,high_vol
,2026-04-22T07:02:10.675379,BTC,Mean Reversion,paper,long,77993.87,77997.37,77993.87,77993.87,0.45,0.4,172,ranging
,2026-04-22T07:02:10.676246,BTC,Mean Reversion,shadow,long,78033.86,77964.29,77987.68,78033.86,-18.91,-108.9,2643,ranging
,2026-04-22T07:02:20.738572,BTC,Mean Reversion,paper,short,77990.06,77996.36,77990.06,77990.06,-0.81,-0.8,513,high_vol
,2026-04-22T07:02:20.739017,BTC,Mean Reversion,shadow,short,77994.03,78005.65,77982.26,77994.03,-11.49,-101.5,1340,high_vol
,2026-04-22T07:02:24.763068,BTC,Mean Reversion,paper,long,77980.48,77988.62,77980.48,77980.48,1.04,1.0,3273,high_vol
,2026-04-22T07:02:24.763741,BTC,Mean Reversion,shadow,long,78024.98,77958.86,77982.26,78024.98,-18.47,-108.5,1710,high_vol
,2026-04-22T07:02:38.858586,BTC,Mean Reversion,paper,long,77996.49,77988.13,77996.49,77996.49,-1.07,-1.1,2986,trending
,2026-04-22T07:02:38.859204,BTC,Mean Reversion,shadow,long,78039.92,77969.8,77993.2,78039.92,-18.99,-109.0,1223,trending
,2026-04-22T07:02:42.893593,BTC,Mean Reversion,paper,long,78001.19,78010.77,78001.19,78001.19,1.23,1.2,248,high_vol
,2026-04-22T07:02:42.894535,BTC,Mean Reversion,shadow,long,78046.1,77973.04,77996.43,78046.1,-19.36,-109.4,3384,high_vol
,2026-04-22T07:02:54.983945,BTC,Mean Reversion,paper,short,78006.97,78006.6,78006.97,78006.97,0.05,0.0,124,trending
,2026-04-22T07:02:54.984605,BTC,Mean Reversion,shadow,short,78032.08,78040.52,78017.11,78032.08,-11.08,-101.1,253,trending
,2026-04-22T07:03:01.028900,BTC,Mean Reversion,paper,long,78014.6,78020.15,78014.6,78014.6,0.71,0.7,1027,ranging
,2026-04-22T07:03:01.029448,BTC,Mean Reversion,shadow,long,78079.91,78003.14,78026.54,78079.91,-19.83,-109.8,1070,ranging
,2026-04-22T07:03:03.043391,BTC,Mean Reversion,paper,long,78037.9,78015.22,78037.9,78037.9,-2.91,-2.9,1889,high_vol
,2026-04-22T07:03:03.044025,BTC,Mean Reversion,shadow,long,78073.86,78000.41,78023.82,78073.86,-19.41,-109.4,2250,high_vol
,2026-04-22T07:04:01.974184,ETH,Mean Reversion,paper,short,2393.75,2394.24,2393.75,2393.75,-2.02,-2.0,216,high_vol
,2026-04-22T07:04:01.975102,ETH,Mean Reversion,shadow,short,2394.21,2394.5,2393.78,2394.21,-11.2,-101.2,921,high_vol
,2026-04-22T07:04:06.011175,BTC,Mean Reversion,paper,long,77998.31,78020.61,77998.31,77998.31,2.86,2.9,2897,high_vol
,2026-04-22T07:04:06.011981,BTC,Mean Reversion,shadow,long,78050.55,77985.12,78008.52,78050.55,-18.38,-108.4,2108,high_vol
,2026-04-22T07:04:16.097155,BTC,Mean Reversion,paper,short,77995.12,77994.98,77995.12,77995.12,0.02,0.0,2040,trending
,2026-04-22T07:04:16.098002,BTC,Mean Reversion,shadow,short,78019.62,78027.56,78004.15,78019.62,-11.02,-101.0,891,trending
,2026-04-22T07:05:02.489918,ETH,Mean Reversion,paper,long,2393.72,2394.09,2393.72,2393.72,1.52,1.5,3088,high_vol
,2026-04-22T07:05:02.490729,ETH,Mean Reversion,shadow,long,2395.48,2392.96,2393.68,2395.48,-20.54,-110.5,1330,high_vol
,2026-04-22T07:05:06.524397,BTC,Mean Reversion,paper,long,78028.94,78044.96,78028.94,78028.94,2.05,2.1,1234,high_vol
,2026-04-22T07:05:06.525023,BTC,Mean Reversion,shadow,long,78085.43,78006.6,78030.01,78085.43,-20.1,-110.1,1641,high_vol
,2026-04-22T07:05:10.555113,ETH,Mean Reversion,paper,short,2393.94,2394.44,2393.94,2393.94,-2.09,-2.1,2182,ranging
,2026-04-22T07:05:10.555880,ETH,Mean Reversion,shadow,short,2394.46,2395.11,2394.39,2394.46,-12.74,-102.7,2286,ranging
,2026-04-22T07:06:40.329093,BTC,Mean Reversion,paper,long,78008.48,78035.11,78008.48,78008.48,3.41,3.4,653,trending
,2026-04-22T07:06:40.329774,BTC,Mean Reversion,shadow,long,78064.36,77996.69,78020.1,78064.36,-18.67,-108.7,1453,trending
,2026-04-22T07:06:42.349304,BTC,Mean Reversion,paper,short,78017.18,78014.37,78017.18,78017.18,0.36,0.4,3283,ranging
,2026-04-22T07:06:42.350153,BTC,Mean Reversion,shadow,short,78029.17,78043.5,78020.1,78029.17,-11.84,-101.8,1458,ranging
,2026-04-22T07:06:44.365654,ETH,Mean Reversion,paper,short,2393.72,2393.23,2393.72,2393.72,2.05,2.1,2785,ranging
,2026-04-22T07:06:44.366444,ETH,Mean Reversion,shadow,short,2393.84,2394.41,2393.69,2393.84,-12.38,-102.4,3334,ranging
,2026-04-22T07:06:46.385278,ETH,Mean Reversion,paper,long,2393.54,2393.53,2393.54,2393.54,-0.04,-0.0,935,high_vol
,2026-04-22T07:06:46.386114,ETH,Mean Reversion,shadow,long,2395.04,2392.98,2393.69,2395.04,-18.62,-108.6,3211,high_vol
,2026-04-22T07:07:12.585724,BTC,Mean Reversion,paper,long,78024.32,78017.22,78024.32,78024.32,-0.91,-0.9,1422,high_vol
,2026-04-22T07:07:12.587375,BTC,Mean Reversion,shadow,long,78083.51,78004.55,78027.96,78083.51,-20.11,-110.1,1738,high_vol
,2026-04-22T07:07:18.638149,ETH,Mean Reversion,paper,short,2392.56,2392.24,2392.56,2392.56,1.33,1.3,1724,trending
,2026-04-22T07:07:18.638792,ETH,Mean Reversion,shadow,short,2392.74,2393.42,2392.7,2392.74,-12.84,-102.8,2123,trending
,2026-04-22T07:07:46.866484,ETH,Mean Reversion,paper,short,2392.53,2392.18,2392.53,2392.53,1.47,1.5,2537,low_vol
,2026-04-22T07:07:46.867303,ETH,Mean Reversion,shadow,short,2392.66,2393.1,2392.39,2392.66,-11.85,-101.8,221,low_vol
,2026-04-22T07:08:05.018500,ETH,Mean Reversion,paper,long,2393.33,2393.25,2393.33,2393.33,-0.32,-0.3,2431,high_vol
,2026-04-22T07:08:05.019295,ETH,Mean Reversion,shadow,long,2394.59,2392.26,2392.97,2394.59,-19.75,-109.8,1439,high_vol
,2026-04-22T07:08:27.201412,BTC,Mean Reversion,paper,short,78031.54,78017.73,78031.54,78031.54,1.77,1.8,461,low_vol
,2026-04-22T07:08:27.202233,BTC,Mean Reversion,shadow,short,78019.8,78050.29,78026.88,78019.8,-13.91,-103.9,250,low_vol
,2026-04-22T07:08:35.268730,BTC,Mean Reversion,paper,long,78020.24,78024.92,78020.24,78020.24,0.6,0.6,3191,high_vol
,2026-04-22T07:08:35.269545,BTC,Mean Reversion,shadow,long,78076.21,78008.6,78032.01,78076.21,-18.66,-108.7,344,high_vol
,2026-04-22T07:08:53.413564,ETH,Mean Reversion,paper,long,2393.34,2393.31,2393.34,2393.34,-0.11,-0.1,1248,ranging
,2026-04-22T07:08:53.414198,ETH,Mean Reversion,shadow,long,2394.83,2392.66,2393.38,2394.83,-19.07,-109.1,1045,ranging
,2026-04-22T07:08:59.457460,ETH,Mean Reversion,paper,short,2392.95,2393.54,2392.95,2392.95,-2.45,-2.4,2736,high_vol
,2026-04-22T07:08:59.458288,ETH,Mean Reversion,shadow,short,2393.17,2394.09,2393.38,2393.17,-13.86,-103.9,227,high_vol
,2026-04-22T07:09:15.595423,BTC,Mean Reversion,paper,short,78046.07,78039.41,78046.07,78046.07,0.85,0.9,1987,high_vol
,2026-04-22T07:09:15.596050,BTC,Mean Reversion,shadow,short,78049.96,78069.16,78045.74,78049.96,-12.46,-102.5,2619,high_vol
,2026-04-22T07:09:43.037856,BTC,Mean Reversion,paper,short,78055.0,78060.45,78055.0,78055.0,-0.7,-0.7,3155,trending
,2026-04-22T07:09:43.042008,BTC,Mean Reversion,shadow,short,78046.38,78075.74,78052.33,78046.38,-13.76,-103.8,1176,trending
,2026-04-22T07:09:45.058090,ETH,Mean Reversion,paper,long,2394.39,2394.3,2394.39,2394.39,-0.38,-0.4,2678,trending
,2026-04-22T07:09:45.058780,ETH,Mean Reversion,shadow,long,2395.68,2393.48,2394.19,2395.68,-19.19,-109.2,2711,trending
,2026-04-22T07:09:51.101248,BTC,Mean Reversion,paper,long,78050.08,78042.46,78050.08,78050.08,-0.98,-1.0,2159,high_vol
,2026-04-22T07:09:51.101879,BTC,Mean Reversion,shadow,long,78105.35,78028.91,78052.33,78105.35,-19.79,-109.8,1492,high_vol
,2026-04-22T07:10:21.364146,ETH,Mean Reversion,paper,short,2394.69,2394.23,2394.69,2394.69,1.92,1.9,1074,ranging
,2026-04-22T07:10:21.364977,ETH,Mean Reversion,shadow,short,2394.74,2395.26,2394.55,2394.74,-12.19,-102.2,998,ranging
,2026-04-22T07:10:27.419311,BTC,Mean Reversion,paper,short,78046.65,78049.04,78046.65,78046.65,-0.31,-0.3,2359,ranging
,2026-04-22T07:10:27.419863,BTC,Mean Reversion,shadow,short,78048.39,78067.71,78044.29,78048.39,-12.47,-102.5,383,ranging
,2026-04-22T07:10:35.484005,ETH,Mean Reversion,paper,long,2394.8,2394.32,2394.8,2394.8,-2.0,-2.0,2358,ranging
,2026-04-22T07:10:35.484595,ETH,Mean Reversion,shadow,long,2395.8,2393.7,2394.41,2395.8,-18.76,-108.8,501,ranging
,2026-04-22T07:10:37.499227,ETH,Mean Reversion,paper,long,2394.23,2394.53,2394.23,2394.23,1.24,1.2,1829,high_vol
,2026-04-22T07:10:37.499625,ETH,Mean Reversion,shadow,long,2396.17,2393.7,2394.41,2396.17,-20.3,-110.3,1012,high_vol
,2026-04-22T07:10:41.531549,BTC,Mean Reversion,paper,short,78028.8,78032.92,78028.8,78028.8,-0.53,-0.5,717,ranging
,2026-04-22T07:10:41.532235,BTC,Mean Reversion,shadow,short,78039.22,78059.89,78036.48,78039.22,-12.65,-102.6,3394,ranging
,2026-04-22T07:10:51.620259,BTC,Mean Reversion,paper,long,78006.86,78011.05,78006.86,78006.86,0.54,0.5,219,ranging
,2026-04-22T07:10:51.620923,BTC,Mean Reversion,shadow,long,78077.41,77996.61,78020.01,78077.41,-20.35,-110.3,1715,ranging
,2026-04-22T07:11:03.723560,BTC,Mean Reversion,paper,long,78031.32,78034.04,78031.32,78031.32,0.35,0.3,1682,high_vol
,2026-04-22T07:11:03.724307,BTC,Mean Reversion,shadow,long,78075.21,77996.61,78020.01,78075.21,-20.07,-110.1,2903,high_vol
,2026-04-22T07:11:07.755535,BTC,Mean Reversion,paper,long,78031.13,78017.15,78031.13,78031.13,-1.79,-1.8,611,ranging
,2026-04-22T07:11:07.756210,BTC,Mean Reversion,shadow,long,78080.29,77996.61,78020.01,78080.29,-20.72,-110.7,1569,ranging
,2026-04-22T07:11:11.792356,BTC,Mean Reversion,paper,short,78030.6,78019.19,78030.6,78030.6,1.46,1.5,695,high_vol
,2026-04-22T07:11:11.793173,BTC,Mean Reversion,shadow,short,78015.49,78038.51,78015.11,78015.49,-12.95,-103.0,3427,high_vol
,2026-04-22T07:11:17.847521,ETH,Mean Reversion,paper,long,2394.03,2394.23,2394.03,2394.03,0.83,0.8,750,trending
,2026-04-22T07:11:17.848327,ETH,Mean Reversion,shadow,long,2395.41,2393.29,2394.01,2395.41,-18.87,-108.9,2640,trending
,2026-04-22T07:11:23.888833,BTC,Mean Reversion,paper,short,78007.13,78001.08,78007.13,78007.13,0.78,0.8,1762,low_vol
,2026-04-22T07:11:23.889554,BTC,Mean Reversion,shadow,short,78022.75,78038.51,78015.11,78022.75,-12.02,-102.0,3361,low_vol
,2026-04-22T07:11:31.959287,ETH,Mean Reversion,paper,short,2393.96,2394.36,2393.96,2393.96,-1.7,-1.7,2453,trending
,2026-04-22T07:11:31.960156,ETH,Mean Reversion,shadow,short,2393.72,2394.65,2393.93,2393.72,-13.88,-103.9,3559,trending
,2026-04-22T07:11:38.005843,ETH,Mean Reversion,paper,short,2394.04,2393.67,2394.04,2394.04,1.54,1.5,1442,high_vol
,2026-04-22T07:11:38.006662,ETH,Mean Reversion,shadow,short,2394.34,2394.63,2393.91,2394.34,-11.23,-101.2,1091,high_vol
,2026-04-22T07:12:08.250179,BTC,Mean Reversion,paper,short,78050.76,78043.99,78050.76,78050.76,0.87,0.9,3430,trending
,2026-04-22T07:12:08.251023,BTC,Mean Reversion,shadow,short,78030.27,78061.11,78037.7,78030.27,-13.95,-104.0,1567,trending
,2026-04-22T07:12:24.386420,BTC,Mean Reversion,paper,short,78027.02,78044.11,78027.02,78027.02,-2.19,-2.2,3541,trending
,2026-04-22T07:12:24.387202,BTC,Mean Reversion,shadow,short,78040.85,78061.81,78038.39,78040.85,-12.69,-102.7,3038,trending
,2026-04-22T07:12:50.621010,BTC,Mean Reversion,paper,long,78033.77,78059.84,78033.77,78033.77,3.34,3.3,1970,high_vol
,2026-04-22T07:12:50.621373,BTC,Mean Reversion,shadow,long,78095.47,78024.15,78047.57,78095.47,-19.13,-109.1,456,high_vol
,2026-04-22T07:13:28.921450,BTC,Mean Reversion,paper,short,78039.0,78051.04,78039.0,78039.0,-1.54,-1.5,2494,trending
,2026-04-22T07:13:28.921792,BTC,Mean Reversion,shadow,short,78055.0,78067.71,78044.29,78055.0,-11.63,-101.6,2344,trending
,2026-04-22T07:13:47.080433,ETH,Mean Reversion,paper,long,2396.06,2396.17,2396.06,2396.06,0.45,0.5,1693,high_vol
,2026-04-22T07:13:47.082058,ETH,Mean Reversion,shadow,long,2397.42,2395.26,2395.97,2397.42,-19.03,-109.0,297,high_vol
,2026-04-22T07:13:49.100664,ETH,Mean Reversion,paper,long,2396.26,2396.16,2396.26,2396.26,-0.43,-0.4,157,high_vol
,2026-04-22T07:13:49.101449,ETH,Mean Reversion,shadow,long,2397.7,2395.28,2395.99,2397.7,-20.12,-110.1,2667,high_vol
,2026-04-22T07:13:59.191650,BTC,Mean Reversion,paper,long,78060.72,78068.52,78060.72,78060.72,1.0,1.0,1508,high_vol
,2026-04-22T07:13:59.193293,BTC,Mean Reversion,shadow,long,78114.93,78040.04,78063.46,78114.93,-19.59,-109.6,1641,high_vol
,2026-04-22T07:14:01.211874,ETH,Mean Reversion,paper,short,2395.16,2395.48,2395.16,2395.16,-1.35,-1.3,1864,high_vol
,2026-04-22T07:14:01.212688,ETH,Mean Reversion,shadow,short,2395.24,2396.13,2395.41,2395.24,-13.72,-103.7,2090,high_vol
,2026-04-22T07:14:05.248456,ETH,Mean Reversion,paper,short,2395.4,2395.29,2395.4,2395.4,0.48,0.5,1981,high_vol
,2026-04-22T07:14:05.249620,ETH,Mean Reversion,shadow,short,2395.88,2396.27,2395.56,2395.88,-11.63,-101.6,3067,high_vol
,2026-04-22T07:14:09.281401,ETH,Mean Reversion,paper,long,2395.15,2395.26,2395.15,2395.15,0.47,0.5,1274,ranging
,2026-04-22T07:14:09.282265,ETH,Mean Reversion,shadow,long,2397.08,2394.64,2395.36,2397.08,-20.19,-110.2,2313,ranging
,2026-04-22T07:14:11.298119,BTC,Mean Reversion,paper,short,78071.7,78063.83,78071.7,78071.7,1.01,1.0,1760,trending
,2026-04-22T07:14:11.299195,BTC,Mean Reversion,shadow,short,78068.55,78083.43,78060.01,78068.55,-11.91,-101.9,3503,trending
,2026-04-22T07:14:13.321580,BTC,Mean Reversion,paper,short,78074.76,78074.83,78074.76,78074.76,-0.01,-0.0,1652,ranging
,2026-04-22T07:14:13.323158,BTC,Mean Reversion,shadow,short,78065.56,78083.43,78060.01,78065.56,-12.29,-102.3,1170,ranging
,2026-04-22T07:14:21.395582,ETH,Mean Reversion,paper,short,2396.38,2396.38,2396.38,2396.38,0.01,0.0,1989,low_vol
,2026-04-22T07:14:21.397257,ETH,Mean Reversion,shadow,short,2397.09,2397.43,2396.72,2397.09,-11.43,-101.4,1535,low_vol
,2026-04-22T07:14:23.413711,ETH,Mean Reversion,paper,short,2396.67,2396.95,2396.67,2396.67,-1.14,-1.1,2928,ranging
,2026-04-22T07:14:23.414436,ETH,Mean Reversion,shadow,short,2396.69,2397.53,2396.82,2396.69,-13.53,-103.5,2143,ranging
,2026-04-22T07:15:09.788125,ETH,Mean Reversion,paper,short,2395.46,2395.81,2395.46,2395.46,-1.44,-1.4,1114,ranging
,2026-04-22T07:15:09.789633,ETH,Mean Reversion,shadow,short,2395.77,2396.23,2395.52,2395.77,-11.94,-101.9,349,ranging
,2026-04-22T07:15:11.805946,ETH,Mean Reversion,paper,short,2396.39,2396.22,2396.39,2396.39,0.69,0.7,561,trending
,2026-04-22T07:15:11.806735,ETH,Mean Reversion,shadow,short,2396.58,2396.87,2396.15,2396.58,-11.21,-101.2,1199,trending
,2026-04-22T07:15:31.980619,ETH,Mean Reversion,paper,long,2395.31,2395.32,2395.31,2395.31,0.07,0.1,2037,low_vol
,2026-04-22T07:15:31.981163,ETH,Mean Reversion,shadow,long,2397.38,2394.98,2395.69,2397.38,-20.03,-110.0,1316,low_vol
,2026-04-22T07:15:44.089162,BTC,Mean Reversion,paper,short,78111.92,78100.74,78111.92,78111.92,1.43,1.4,288,high_vol
,2026-04-22T07:15:44.089797,BTC,Mean Reversion,shadow,short,78117.13,78128.23,78104.79,78117.13,-11.42,-101.4,1500,high_vol
,2026-04-22T07:15:46.105690,ETH,Mean Reversion,paper,long,2395.97,2395.65,2395.97,2395.97,-1.31,-1.3,2561,ranging
,2026-04-22T07:15:46.107279,ETH,Mean Reversion,shadow,long,2397.26,2394.98,2395.69,2397.26,-19.51,-109.5,200,ranging
,2026-04-23T17:01:41.599173,ETH,Mean Reversion,paper,long,2326.23,2325.73,2326.23,2326.23,-2.13,-2.1,1885,ranging
,2026-04-23T17:01:41.599802,ETH,Mean Reversion,shadow,long,2327.69,2325.32,2326.01,2327.69,-20.19,-110.2,1134,ranging
,2026-04-23T17:01:47.644677,ETH,Mean Reversion,paper,short,2323.12,2323.7,2323.12,2323.12,-2.51,-2.5,681,ranging
,2026-04-23T17:01:47.645327,ETH,Mean Reversion,shadow,short,2323.35,2324.08,2323.38,2323.35,-13.12,-103.1,2158,ranging
,2026-04-23T17:02:17.883534,ETH,Mean Reversion,paper,short,2320.32,2320.54,2320.32,2320.32,-0.98,-1.0,3512,ranging
,2026-04-23T17:02:17.884580,ETH,Mean Reversion,shadow,short,2320.8,2321.28,2320.59,2320.8,-12.08,-102.1,2949,ranging
,2026-04-23T17:02:34.032540,BTC,Mean Reversion,paper,short,77975.7,77980.89,77975.7,77975.7,-0.67,-0.7,2298,trending
,2026-04-23T17:02:34.034128,BTC,Mean Reversion,shadow,short,77980.55,78009.35,77985.95,77980.55,-13.69,-103.7,1936,trending
,2026-04-23T17:02:38.068807,ETH,Mean Reversion,paper,long,2319.03,2318.95,2319.03,2319.03,-0.34,-0.3,1999,high_vol
,2026-04-23T17:02:38.069580,ETH,Mean Reversion,shadow,long,2321.15,2318.7,2319.4,2321.15,-20.55,-110.5,1907,high_vol
,2026-04-23T17:02:40.088858,ETH,Mean Reversion,paper,long,2318.6,2319.21,2318.6,2318.6,2.63,2.6,1505,trending
,2026-04-23T17:02:40.089640,ETH,Mean Reversion,shadow,long,2320.47,2318.32,2319.02,2320.47,-19.23,-109.2,1904,trending
,2026-04-23T17:02:52.204443,BTC,Mean Reversion,paper,long,77968.62,77983.74,77968.62,77968.62,1.94,1.9,2543,low_vol
,2026-04-23T17:02:52.205079,BTC,Mean Reversion,shadow,long,78035.87,77953.62,77977.01,78035.87,-20.54,-110.5,3552,low_vol
,2026-04-23T17:03:08.309743,BTC,Mean Reversion,paper,short,78052.28,78063.28,78052.28,78052.28,-1.41,-1.4,1025,trending
,2026-04-23T17:03:08.311479,BTC,Mean Reversion,shadow,short,78060.35,78073.36,78049.95,78060.35,-11.67,-101.7,613,trending
,2026-04-23T17:03:12.344744,ETH,Mean Reversion,paper,long,2322.93,2323.09,2322.93,2322.93,0.67,0.7,2530,trending
,2026-04-23T17:03:12.345462,ETH,Mean Reversion,shadow,long,2324.25,2321.95,2322.65,2324.25,-19.9,-109.9,314,trending
,2026-04-23T17:03:46.661941,BTC,Mean Reversion,paper,short,78050.77,78051.6,78050.77,78050.77,-0.11,-0.1,766,ranging
,2026-04-23T17:03:46.663013,BTC,Mean Reversion,shadow,short,78040.59,78065.23,78041.82,78040.59,-13.16,-103.2,1842,ranging
,2026-04-23T17:04:00.792614,BTC,Mean Reversion,paper,short,78034.14,78032.89,78034.14,78034.14,0.16,0.2,2020,trending
,2026-04-23T17:04:00.794304,BTC,Mean Reversion,shadow,short,78043.39,78066.97,78043.55,78043.39,-13.02,-103.0,1875,trending
,2026-04-23T17:04:06.843163,BTC,Mean Reversion,paper,short,78040.7,78041.78,78040.7,78040.7,-0.14,-0.1,2365,low_vol
,2026-04-23T17:04:06.843988,BTC,Mean Reversion,shadow,short,78050.95,78073.67,78050.26,78050.95,-12.91,-102.9,2650,low_vol
,2026-04-23T17:04:24.992552,BTC,Mean Reversion,paper,short,78043.24,78043.29,78043.24,78043.24,-0.01,-0.0,3386,low_vol
,2026-04-23T17:04:24.994051,BTC,Mean Reversion,shadow,short,78029.92,78052.12,78028.71,78029.92,-12.85,-102.8,1623,low_vol
,2026-04-23T17:04:35.089048,ETH,Mean Reversion,paper,long,2320.94,2321.62,2320.94,2320.94,2.96,3.0,236,low_vol
,2026-04-23T17:04:35.089925,ETH,Mean Reversion,shadow,long,2322.89,2320.55,2321.33,2322.89,-20.06,-110.1,3286,low_vol
,2026-04-23T17:05:01.303492,ETH,Mean Reversion,paper,short,2319.88,2320.6,2319.88,2319.88,-3.1,-3.1,1411,low_vol
,2026-04-23T17:05:01.304016,ETH,Mean Reversion,shadow,short,2320.52,2321.04,2320.34,2320.52,-12.23,-102.2,620,low_vol
,2026-04-23T17:05:05.335519,BTC,Mean Reversion,paper,short,77942.89,77944.87,77942.89,77942.89,-0.25,-0.3,3536,high_vol
,2026-04-23T17:05:05.336330,BTC,Mean Reversion,shadow,short,77943.07,77968.05,77944.67,77943.07,-13.2,-103.2,791,high_vol
,2026-04-23T17:05:13.401846,BTC,Mean Reversion,paper,long,77930.12,77932.4,77930.12,77930.12,0.29,0.3,1372,ranging
,2026-04-23T17:05:13.402543,BTC,Mean Reversion,shadow,long,77996.25,77912.87,77936.25,77996.25,-20.69,-110.7,3237,ranging
,2026-04-23T17:05:29.537334,ETH,Mean Reversion,paper,short,2318.91,2318.88,2318.91,2318.91,0.12,0.1,3404,trending
,2026-04-23T17:05:29.538129,ETH,Mean Reversion,shadow,short,2318.76,2319.22,2318.52,2318.76,-11.96,-102.0,2803,trending
,2026-04-23T17:05:33.571245,BTC,Mean Reversion,paper,long,77856.29,77854.34,77856.29,77856.29,-0.25,-0.3,1940,high_vol
,2026-04-23T17:05:33.572063,BTC,Mean Reversion,shadow,long,77898.9,77830.12,77853.48,77898.9,-18.83,-108.8,2898,high_vol
,2026-04-23T17:06:21.995336,ETH,Mean Reversion,paper,short,2319.47,2319.17,2319.47,2319.47,1.3,1.3,2457,high_vol
,2026-04-23T17:06:21.995890,ETH,Mean Reversion,shadow,short,2319.52,2319.93,2319.23,2319.52,-11.75,-101.7,1363,high_vol
,2026-04-23T17:06:30.063111,ETH,Mean Reversion,paper,long,2319.54,2319.16,2319.54,2319.54,-1.62,-1.6,718,high_vol
,2026-04-23T17:06:30.064256,ETH,Mean Reversion,shadow,long,2321.06,2318.78,2319.48,2321.06,-19.82,-109.8,2081,high_vol
,2026-04-23T17:06:46.200518,BTC,Mean Reversion,paper,short,77890.97,77884.47,77890.97,77890.97,0.84,0.8,1115,trending
,2026-04-23T17:06:46.201311,BTC,Mean Reversion,shadow,short,77891.28,77915.66,77892.29,77891.28,-13.13,-103.1,1842,trending
,2026-04-23T17:06:50.229882,ETH,Mean Reversion,paper,short,2319.91,2320.16,2319.91,2319.91,-1.07,-1.1,2579,low_vol
,2026-04-23T17:06:50.231419,ETH,Mean Reversion,shadow,short,2320.47,2320.76,2320.06,2320.47,-11.24,-101.2,3137,low_vol
,2026-04-23T17:07:10.401668,BTC,Mean Reversion,paper,long,77944.59,77942.96,77944.59,77944.59,-0.21,-0.2,3313,trending
,2026-04-23T17:07:10.402516,BTC,Mean Reversion,shadow,long,77975.2,77911.89,77935.27,77975.2,-18.12,-108.1,763,trending
,2026-04-23T17:07:16.458911,BTC,Mean Reversion,paper,long,77908.86,77913.74,77908.86,77908.86,0.63,0.6,889,trending
,2026-04-23T17:07:16.459550,BTC,Mean Reversion,shadow,long,77964.75,77895.25,77918.62,77964.75,-18.91,-108.9,1798,trending
,2026-04-23T17:07:22.511203,ETH,Mean Reversion,paper,long,2318.89,2319.52,2318.89,2318.89,2.7,2.7,561,high_vol
,2026-04-23T17:07:22.511930,ETH,Mean Reversion,shadow,long,2320.92,2318.59,2319.29,2320.92,-20.03,-110.0,2497,high_vol
,2026-04-23T17:08:10.943800,BTC,Mean Reversion,paper,long,77896.58,77867.7,77896.58,77896.58,-3.71,-3.7,282,ranging
,2026-04-23T17:08:10.944500,BTC,Mean Reversion,shadow,long,77926.47,77858.57,77881.93,77926.47,-18.71,-108.7,915,ranging
,2026-04-23T17:08:12.962468,ETH,Mean Reversion,paper,short,2318.55,2318.27,2318.55,2318.55,1.2,1.2,1823,trending
,2026-04-23T17:08:12.963301,ETH,Mean Reversion,shadow,short,2318.35,2318.92,2318.22,2318.35,-12.47,-102.5,2284,trending
,2026-04-23T17:08:14.982782,ETH,Mean Reversion,paper,long,2317.82,2318.37,2317.82,2317.82,2.38,2.4,3203,ranging
,2026-04-23T17:08:14.983615,ETH,Mean Reversion,shadow,long,2319.4,2317.48,2318.18,2319.4,-18.29,-108.3,2305,ranging
,2026-04-23T17:08:17.004514,BTC,Mean Reversion,paper,long,77879.08,77877.82,77879.08,77879.08,-0.16,-0.2,2160,ranging
,2026-04-23T17:08:17.005330,BTC,Mean Reversion,shadow,long,77916.61,77845.69,77869.05,77916.61,-19.1,-109.1,460,ranging
,2026-04-23T17:08:23.054797,BTC,Mean Reversion,paper,long,77835.09,77865.18,77835.09,77835.09,3.87,3.9,258,trending
,2026-04-23T17:08:23.055580,BTC,Mean Reversion,shadow,long,77892.4,77826.83,77850.19,77892.4,-18.42,-108.4,3133,trending
,2026-04-23T17:08:27.091563,ETH,Mean Reversion,paper,short,2318.61,2319.26,2318.61,2318.61,-2.79,-2.8,1107,ranging
,2026-04-23T17:08:27.092351,ETH,Mean Reversion,shadow,short,2318.64,2319.52,2318.82,2318.64,-13.8,-103.8,2833,ranging
,2026-04-23T17:08:29.109335,BTC,Mean Reversion,paper,short,77879.31,77876.54,77879.31,77879.31,0.36,0.4,239,trending
,2026-04-23T17:08:29.110060,BTC,Mean Reversion,shadow,short,77860.27,77888.3,77864.95,77860.27,-13.6,-103.6,1734,trending
,2026-04-23T17:08:57.368140,BTC,Mean Reversion,paper,long,77825.52,77811.58,77825.52,77825.52,-1.79,-1.8,1587,high_vol
,2026-04-23T17:08:57.368975,BTC,Mean Reversion,shadow,long,77874.24,77801.79,77825.14,77874.24,-19.3,-109.3,2151,high_vol
,2026-04-23T17:09:07.458604,ETH,Mean Reversion,paper,long,2317.89,2318.62,2317.89,2317.89,3.12,3.1,153,low_vol
,2026-04-23T17:09:07.459264,ETH,Mean Reversion,shadow,long,2319.52,2317.47,2318.17,2319.52,-18.83,-108.8,396,low_vol
,2026-04-23T17:09:23.611430,ETH,Mean Reversion,paper,short,2316.49,2317.22,2316.49,2316.49,-3.12,-3.1,2264,low_vol
,2026-04-23T17:09:23.612170,ETH,Mean Reversion,shadow,short,2316.7,2317.55,2316.85,2316.7,-13.65,-103.6,2194,low_vol
,2026-04-23T17:09:45.806575,ETH,Mean Reversion,paper,short,2313.63,2314.13,2313.63,2313.63,-2.15,-2.2,968,trending
,2026-04-23T17:09:45.807216,ETH,Mean Reversion,shadow,short,2313.71,2314.36,2313.67,2313.71,-12.84,-102.8,2229,trending
,2026-04-23T17:09:53.884464,BTC,Mean Reversion,paper,long,77731.94,77722.0,77731.94,77731.94,-1.28,-1.3,3169,low_vol
,2026-04-23T17:09:53.885137,BTC,Mean Reversion,shadow,long,77793.99,77710.03,77733.35,77793.99,-20.79,-110.8,351,low_vol
,2026-04-23T17:09:55.903235,ETH,Mean Reversion,paper,long,2314.6,2313.94,2314.6,2314.6,-2.87,-2.9,1393,high_vol
,2026-04-23T17:09:55.904002,ETH,Mean Reversion,shadow,long,2315.62,2313.51,2314.2,2315.62,-19.15,-109.1,3078,high_vol
,2026-04-23T17:09:59.939591,ETH,Mean Reversion,paper,long,2314.67,2313.94,2314.67,2314.67,-3.16,-3.2,1758,high_vol
,2026-04-23T17:09:59.940291,ETH,Mean Reversion,shadow,long,2315.45,2313.54,2314.23,2315.45,-18.23,-108.2,752,high_vol
,2026-04-23T17:10:12.058451,BTC,Mean Reversion,paper,long,77709.62,77692.46,77709.62,77709.62,-2.21,-2.2,2299,high_vol
,2026-04-23T17:10:12.059119,BTC,Mean Reversion,shadow,long,77763.31,77680.31,77703.62,77763.31,-20.67,-110.7,503,high_vol
,2026-04-23T17:10:20.134386,BTC,Mean Reversion,paper,short,77708.12,77690.51,77708.12,77708.12,2.27,2.3,3539,ranging
,2026-04-23T17:10:20.135180,BTC,Mean Reversion,shadow,short,77699.27,77722.31,77699.01,77699.27,-12.97,-103.0,1132,ranging
,2026-04-23T17:10:52.429215,ETH,Mean Reversion,paper,short,2316.61,2316.94,2316.61,2316.61,-1.42,-1.4,495,trending
,2026-04-23T17:10:52.429741,ETH,Mean Reversion,shadow,short,2317.08,2317.48,2316.78,2317.08,-11.71,-101.7,1592,trending
,2026-04-23T17:10:58.483450,ETH,Mean Reversion,paper,long,2317.31,2317.66,2317.31,2317.31,1.5,1.5,2165,trending
,2026-04-23T17:10:58.484180,ETH,Mean Reversion,shadow,long,2318.98,2316.88,2317.57,2318.98,-19.05,-109.1,1358,trending
,2026-04-23T17:11:06.559381,ETH,Mean Reversion,paper,short,2317.39,2316.99,2317.39,2317.39,1.76,1.8,1919,low_vol
,2026-04-23T17:11:06.560135,ETH,Mean Reversion,shadow,short,2317.26,2317.99,2317.3,2317.26,-13.14,-103.1,909,low_vol
,2026-04-23T17:11:22.705379,ETH,Mean Reversion,paper,long,2317.91,2318.13,2317.91,2317.91,0.94,0.9,1665,ranging
,2026-04-23T17:11:22.706167,ETH,Mean Reversion,shadow,long,2319.85,2317.33,2318.02,2319.85,-20.86,-110.9,2580,ranging
,2026-04-23T17:12:01.112118,BTC,Mean Reversion,paper,short,77877.07,77884.31,77877.07,77877.07,-0.93,-0.9,2020,trending
,2026-04-23T17:12:01.113724,BTC,Mean Reversion,shadow,short,77873.01,77895.53,77872.17,77873.01,-12.89,-102.9,2364,trending
,2026-04-23T17:12:19.284822,BTC,Mean Reversion,paper,short,77933.68,77919.38,77933.68,77933.68,1.84,1.8,1989,low_vol
,2026-04-23T17:12:19.285623,BTC,Mean Reversion,shadow,short,77934.23,77948.07,77924.7,77934.23,-11.78,-101.8,2125,low_vol
,2026-04-23T17:13:29.911625,ETH,Mean Reversion,paper,long,2316.89,2316.74,2316.89,2316.89,-0.66,-0.7,3054,ranging
,2026-04-23T17:13:29.913135,ETH,Mean Reversion,shadow,long,2318.55,2316.49,2317.19,2318.55,-18.84,-108.8,2111,ranging
,2026-04-23T17:13:37.983381,BTC,Mean Reversion,paper,long,77815.65,77803.51,77815.65,77815.65,-1.56,-1.6,3419,high_vol
,2026-04-23T17:13:37.984154,BTC,Mean Reversion,shadow,long,77863.8,77779.08,77802.42,77863.8,-20.88,-110.9,2445,high_vol
,2026-04-23T17:13:52.106167,ETH,Mean Reversion,paper,long,2316.85,2317.69,2316.85,2316.85,3.65,3.7,1836,trending
,2026-04-23T17:13:52.107336,ETH,Mean Reversion,shadow,long,2318.49,2316.55,2317.24,2318.49,-18.35,-108.4,3358,trending
,2026-04-23T17:14:12.283229,BTC,Mean Reversion,paper,short,77852.89,77853.7,77852.89,77852.89,-0.1,-0.1,2996,high_vol
,2026-04-23T17:14:12.283872,BTC,Mean Reversion,shadow,short,77847.03,77867.46,77844.11,77847.03,-12.62,-102.6,2614,high_vol
,2026-04-23T17:14:22.367500,ETH,Mean Reversion,paper,long,2319.67,2319.33,2319.67,2319.67,-1.46,-1.5,1627,high_vol
,2026-04-23T17:14:22.368133,ETH,Mean Reversion,shadow,long,2320.63,2318.51,2319.21,2320.63,-19.12,-109.1,1479,high_vol
,2026-04-23T17:14:30.444059,BTC,Mean Reversion,paper,short,77892.4,77886.28,77892.4,77892.4,0.79,0.8,899,low_vol
,2026-04-23T17:14:30.444804,BTC,Mean Reversion,shadow,short,77880.25,77900.25,77876.89,77880.25,-12.57,-102.6,3564,low_vol
,2026-04-23T17:14:42.549283,ETH,Mean Reversion,paper,short,2318.85,2318.85,2318.85,2318.85,-0.0,-0.0,3160,ranging
,2026-04-23T17:14:42.549864,ETH,Mean Reversion,shadow,short,2318.73,2319.55,2318.86,2318.73,-13.52,-103.5,806,ranging
,2026-04-23T17:14:44.568686,BTC,Mean Reversion,paper,long,77859.61,77857.72,77859.61,77859.61,-0.24,-0.2,931,trending
,2026-04-23T17:14:44.569509,BTC,Mean Reversion,shadow,long,77911.04,77835.22,77858.58,77911.04,-19.73,-109.7,837,trending
,2026-04-23T17:14:56.671392,ETH,Mean Reversion,paper,long,2318.88,2319.53,2318.88,2318.88,2.81,2.8,3495,trending
,2026-04-23T17:14:56.672104,ETH,Mean Reversion,shadow,long,2320.89,2318.46,2319.15,2320.89,-20.49,-110.5,1591,trending
,2026-04-23T17:15:28.981773,ETH,Mean Reversion,paper,short,2317.72,2317.71,2317.72,2317.72,0.05,0.0,1968,trending
,2026-04-23T17:15:28.982598,ETH,Mean Reversion,shadow,short,2318.2,2318.63,2317.94,2318.2,-11.85,-101.8,1133,trending
,2026-04-23T17:15:31.001867,BTC,Mean Reversion,paper,short,77865.71,77862.24,77865.71,77865.71,0.45,0.4,2318,low_vol
,2026-04-23T17:15:31.002638,BTC,Mean Reversion,shadow,short,77874.75,77896.96,77873.6,77874.75,-12.85,-102.9,411,low_vol
,2026-04-23T17:15:37.051229,ETH,Mean Reversion,paper,long,2317.17,2317.05,2317.17,2317.17,-0.51,-0.5,693,high_vol
,2026-04-23T17:15:37.051800,ETH,Mean Reversion,shadow,long,2318.54,2316.09,2316.78,2318.54,-20.56,-110.6,2426,high_vol
,2026-04-23T17:15:41.088956,BTC,Mean Reversion,paper,short,77830.79,77830.17,77830.79,77830.79,0.08,0.1,3596,high_vol
,2026-04-23T17:15:41.089776,BTC,Mean Reversion,shadow,short,77829.6,77853.85,77830.51,77829.6,-13.12,-103.1,2567,high_vol
,2026-04-23T17:15:45.124370,ETH,Mean Reversion,paper,long,2316.32,2316.34,2316.32,2316.32,0.11,0.1,2249,trending
,2026-04-23T17:15:45.125149,ETH,Mean Reversion,shadow,long,2317.76,2315.56,2316.26,2317.76,-19.5,-109.5,2778,trending
,2026-04-23T17:15:57.254122,BTC,Mean Reversion,paper,long,77810.1,77809.61,77810.1,77810.1,-0.06,-0.1,2377,ranging
,2026-04-23T17:15:57.255799,BTC,Mean Reversion,shadow,long,77865.81,77800.28,77823.62,77865.81,-18.42,-108.4,2873,ranging
,2026-04-23T17:16:15.413357,BTC,Mean Reversion,paper,short,77843.04,77836.76,77843.04,77843.04,0.81,0.8,3331,high_vol
,2026-04-23T17:16:15.413806,BTC,Mean Reversion,shadow,short,77842.55,77864.34,77840.99,77842.55,-12.8,-102.8,2747,high_vol
,2026-04-23T17:16:27.518090,ETH,Mean Reversion,paper,long,2316.59,2316.49,2316.59,2316.59,-0.44,-0.4,3009,trending
,2026-04-23T17:16:27.518805,ETH,Mean Reversion,shadow,long,2317.87,2315.69,2316.38,2317.87,-19.43,-109.4,228,trending
,2026-04-23T17:16:47.698013,BTC,Mean Reversion,paper,long,77819.75,77805.44,77819.75,77819.75,-1.84,-1.8,3169,high_vol
,2026-04-23T17:16:47.698782,BTC,Mean Reversion,shadow,long,77858.14,77784.64,77807.98,77858.14,-19.44,-109.4,3247,high_vol
,2026-04-23T17:16:53.757578,ETH,Mean Reversion,paper,short,2314.21,2314.85,2314.21,2314.21,-2.79,-2.8,3109,trending
,2026-04-23T17:16:53.758424,ETH,Mean Reversion,shadow,short,2314.64,2315.09,2314.39,2314.64,-11.94,-101.9,957,trending
,2026-04-23T17:17:28.124314,BTC,Mean Reversion,paper,short,77619.74,77619.41,77619.74,77619.74,0.04,0.0,3096,low_vol
,2026-04-23T17:17:28.125894,BTC,Mean Reversion,shadow,short,77615.03,77645.83,77622.54,77615.03,-13.97,-104.0,3499,low_vol
,2026-04-23T17:17:50.349736,BTC,Mean Reversion,paper,short,77682.67,77683.71,77682.67,77682.67,-0.13,-0.1,3280,high_vol
,2026-04-23T17:17:50.350545,BTC,Mean Reversion,shadow,short,77680.68,77692.49,77669.19,77680.68,-11.52,-101.5,894,high_vol
,2026-04-23T17:17:56.413311,BTC,Mean Reversion,paper,short,77705.35,77713.35,77705.35,77705.35,-1.03,-1.0,1220,low_vol
,2026-04-23T17:17:56.413861,BTC,Mean Reversion,shadow,short,77706.1,77731.64,77708.32,77706.1,-13.29,-103.3,1175,low_vol
,2026-04-23T17:18:00.449378,ETH,Mean Reversion,paper,short,2312.99,2312.22,2312.99,2312.99,3.33,3.3,3314,low_vol
,2026-04-23T17:18:00.450017,ETH,Mean Reversion,shadow,short,2312.81,2313.29,2312.6,2312.81,-12.08,-102.1,2093,low_vol
,2026-04-23T17:18:06.520205,BTC,Mean Reversion,paper,short,77691.43,77687.25,77691.43,77691.43,0.54,0.5,1599,high_vol
,2026-04-23T17:18:06.521067,BTC,Mean Reversion,shadow,short,77690.69,77700.7,77677.39,77690.69,-11.29,-101.3,662,high_vol
,2026-04-23T17:18:12.585692,ETH,Mean Reversion,paper,long,2311.72,2311.97,2311.72,2311.72,1.08,1.1,1604,low_vol
,2026-04-23T17:18:12.586112,ETH,Mean Reversion,shadow,long,2313.62,2311.33,2312.03,2313.62,-19.9,-109.9,2890,low_vol
,2026-04-23T17:18:14.608417,ETH,Mean Reversion,paper,long,2310.97,2311.34,2310.97,2310.97,1.59,1.6,1676,ranging
,2026-04-23T17:18:14.609237,ETH,Mean Reversion,shadow,long,2313.06,2310.56,2311.25,2313.06,-20.81,-110.8,1675,ranging
,2026-04-23T17:18:16.634695,BTC,Mean Reversion,paper,long,77676.3,77679.98,77676.3,77676.3,0.47,0.5,2586,high_vol
,2026-04-23T17:18:16.635488,BTC,Mean Reversion,shadow,long,77742.06,77663.63,77686.94,77742.06,-20.09,-110.1,143,high_vol
,2026-04-23T17:18:28.765977,BTC,Mean Reversion,paper,long,77638.33,77641.8,77638.33,77638.33,0.45,0.4,409,low_vol
,2026-04-23T17:18:28.766682,BTC,Mean Reversion,shadow,long,77687.34,77623.96,77647.26,77687.34,-18.16,-108.2,2907,low_vol
,2026-04-23T17:18:30.784220,ETH,Mean Reversion,paper,short,2309.66,2309.66,2309.66,2309.66,-0.02,-0.0,3296,high_vol
,2026-04-23T17:18:30.784813,ETH,Mean Reversion,shadow,short,2309.36,2310.05,2309.36,2309.36,-13.02,-103.0,3314,high_vol
,2026-04-23T17:18:48.992806,BTC,Mean Reversion,paper,short,77660.54,77650.68,77660.54,77660.54,1.27,1.3,3120,ranging
,2026-04-23T17:18:48.993524,BTC,Mean Reversion,shadow,short,77667.27,77681.62,77658.33,77667.27,-11.85,-101.8,3588,ranging
,2026-04-23T17:18:53.028914,ETH,Mean Reversion,paper,short,2310.26,2310.23,2310.26,2310.26,0.13,0.1,2153,ranging
,2026-04-23T17:18:53.029730,ETH,Mean Reversion,shadow,short,2310.34,2310.78,2310.09,2310.34,-11.91,-101.9,2529,ranging
,2026-04-23T17:19:25.375332,ETH,Mean Reversion,paper,long,2310.78,2310.97,2310.78,2310.78,0.8,0.8,791,trending
,2026-04-23T17:19:25.376079,ETH,Mean Reversion,shadow,long,2312.5,2310.09,2310.78,2312.5,-20.45,-110.5,1997,trending
,2026-04-23T17:19:53.683641,ETH,Mean Reversion,paper,long,2311.02,2311.5,2311.02,2311.02,2.06,2.1,343,high_vol
,2026-04-23T17:19:53.684374,ETH,Mean Reversion,shadow,long,2312.85,2310.77,2311.47,2312.85,-19.01,-109.0,1492,high_vol
,2026-04-23T17:20:17.966916,BTC,Mean Reversion,paper,short,77632.01,77627.39,77632.01,77632.01,0.59,0.6,683,high_vol
,2026-04-23T17:20:17.967685,BTC,Mean Reversion,shadow,short,77656.85,77665.08,77641.79,77656.85,-11.06,-101.1,2196,high_vol
,2026-04-23T17:20:22.015866,BTC,Mean Reversion,paper,short,77644.62,77645.08,77644.62,77644.62,-0.06,-0.1,2559,trending
,2026-04-23T17:20:22.017402,BTC,Mean Reversion,shadow,short,77651.14,77668.74,77645.45,77651.14,-12.27,-102.3,2989,trending
,2026-04-23T17:21:14.570995,ETH,Mean Reversion,paper,short,2311.41,2311.17,2311.41,2311.41,1.04,1.0,172,ranging
,2026-04-23T17:21:14.571839,ETH,Mean Reversion,shadow,short,2311.07,2311.7,2311.01,2311.07,-12.71,-102.7,2710,ranging
,2026-04-23T17:21:16.587672,BTC,Mean Reversion,paper,short,77700.56,77703.2,77700.56,77700.56,-0.34,-0.3,1696,high_vol
,2026-04-23T17:21:16.588449,BTC,Mean Reversion,shadow,short,77697.37,77718.46,77695.15,77697.37,-12.71,-102.7,3503,high_vol
,2026-04-23T17:21:42.847063,ETH,Mean Reversion,paper,long,2313.14,2312.64,2313.14,2313.14,-2.15,-2.1,3405,low_vol
,2026-04-23T17:21:42.847524,ETH,Mean Reversion,shadow,long,2313.9,2312.0,2312.69,2313.9,-18.23,-108.2,2629,low_vol
,2026-04-23T17:22:01.068793,BTC,Mean Reversion,paper,short,77710.61,77690.7,77710.61,77710.61,2.56,2.6,214,ranging
,2026-04-23T17:22:01.069467,BTC,Mean Reversion,shadow,short,77711.54,77726.02,77702.71,77711.54,-11.86,-101.9,3019,ranging
,2026-04-23T17:22:05.113743,BTC,Mean Reversion,paper,long,77715.02,77698.99,77715.02,77715.02,-2.06,-2.1,3093,trending
,2026-04-23T17:22:05.114505,BTC,Mean Reversion,shadow,long,77747.77,77679.47,77702.79,77747.77,-18.78,-108.8,3159,trending
,2026-04-23T17:22:21.292261,BTC,Mean Reversion,paper,short,77670.9,77664.96,77670.9,77670.9,0.76,0.8,447,high_vol
,2026-04-23T17:22:21.293117,BTC,Mean Reversion,shadow,short,77672.65,77701.15,77677.85,77672.65,-13.67,-103.7,2522,high_vol
,2026-04-23T17:22:47.831799,ETH,Mean Reversion,paper,short,2310.1,2309.79,2310.1,2310.1,1.35,1.3,277,low_vol
,2026-04-23T17:22:47.833477,ETH,Mean Reversion,shadow,short,2309.64,2310.34,2309.65,2309.64,-13.03,-103.0,2066,low_vol
,2026-04-23T17:22:57.931135,ETH,Mean Reversion,paper,short,2310.8,2311.43,2310.8,2310.8,-2.71,-2.7,1779,trending
,2026-04-23T17:22:57.931956,ETH,Mean Reversion,shadow,short,2311.11,2311.83,2311.14,2311.11,-13.1,-103.1,2082,trending
,2026-04-23T17:22:59.952690,ETH,Mean Reversion,paper,long,2311.27,2310.96,2311.27,2311.27,-1.34,-1.3,2099,high_vol
,2026-04-23T17:22:59.953507,ETH,Mean Reversion,shadow,long,2312.96,2310.59,2311.28,2312.96,-20.23,-110.2,223,high_vol
,2026-04-23T17:23:24.197830,BTC,Mean Reversion,paper,long,77760.36,77753.71,77760.36,77760.36,-0.86,-0.9,758,ranging
,2026-04-23T17:23:24.198725,BTC,Mean Reversion,shadow,long,77792.66,77727.16,77750.49,77792.66,-18.42,-108.4,3266,ranging
,2026-04-23T17:23:48.439602,BTC,Mean Reversion,paper,long,77753.87,77763.07,77753.87,77753.87,1.18,1.2,715,trending
,2026-04-23T17:23:48.440297,BTC,Mean Reversion,shadow,long,77808.89,77743.27,77766.6,77808.89,-18.43,-108.4,1185,trending
,2026-04-23T17:23:56.505702,ETH,Mean Reversion,paper,long,2313.02,2312.87,2313.02,2313.02,-0.63,-0.6,183,ranging
,2026-04-23T17:23:56.506477,ETH,Mean Reversion,shadow,long,2314.1,2311.95,2312.64,2314.1,-19.28,-109.3,2825,ranging
,2026-04-23T17:24:16.703302,ETH,Mean Reversion,paper,long,2313.97,2314.11,2313.97,2313.97,0.58,0.6,1141,low_vol
,2026-04-23T17:24:16.704028,ETH,Mean Reversion,shadow,long,2315.65,2313.33,2314.02,2315.65,-20.0,-110.0,833,low_vol
,2026-04-23T17:24:20.740815,ETH,Mean Reversion,paper,short,2313.01,2313.36,2313.01,2313.01,-1.52,-1.5,2036,low_vol
,2026-04-23T17:24:20.741579,ETH,Mean Reversion,shadow,short,2313.52,2313.95,2313.26,2313.52,-11.88,-101.9,774,low_vol
,2026-04-23T17:24:44.986945,ETH,Mean Reversion,paper,short,2311.82,2311.57,2311.82,2311.82,1.1,1.1,975,trending
,2026-04-23T17:24:44.987762,ETH,Mean Reversion,shadow,short,2312.22,2312.61,2311.91,2312.22,-11.69,-101.7,1703,trending
,2026-04-23T17:24:51.048031,ETH,Mean Reversion,paper,short,2312.5,2312.35,2312.5,2312.5,0.66,0.7,1015,trending
,2026-04-23T17:24:51.048827,ETH,Mean Reversion,shadow,short,2312.02,2312.8,2312.11,2312.02,-13.38,-103.4,3001,trending
,2026-04-23T17:24:59.128121,ETH,Mean Reversion,paper,short,2312.0,2311.92,2312.0,2312.0,0.36,0.4,3419,low_vol
,2026-04-23T17:24:59.128935,ETH,Mean Reversion,shadow,short,2312.36,2312.87,2312.18,2312.36,-12.22,-102.2,2938,low_vol
,2026-04-23T17:25:05.186589,ETH,Mean Reversion,paper,short,2311.19,2310.84,2311.19,2311.19,1.49,1.5,2475,high_vol
,2026-04-23T17:25:05.187300,ETH,Mean Reversion,shadow,short,2310.96,2311.71,2311.02,2310.96,-13.28,-103.3,3062,high_vol
,2026-04-23T17:25:15.276122,ETH,Mean Reversion,paper,short,2311.22,2311.13,2311.22,2311.22,0.38,0.4,961,trending
,2026-04-23T17:25:15.276937,ETH,Mean Reversion,shadow,short,2310.91,2311.7,2311.01,2310.91,-13.41,-103.4,1541,trending
,2026-04-23T17:25:17.297041,BTC,Mean Reversion,paper,short,77662.99,77681.49,77662.99,77662.99,-2.38,-2.4,1771,high_vol
,2026-04-23T17:25:17.297869,BTC,Mean Reversion,shadow,short,77676.87,77693.8,77670.49,77676.87,-12.18,-102.2,3080,high_vol
,2026-04-23T17:25:23.353003,BTC,Mean Reversion,paper,long,77672.49,77684.54,77672.49,77672.49,1.55,1.6,113,ranging
,2026-04-23T17:25:23.353856,BTC,Mean Reversion,shadow,long,77727.12,77662.69,77685.99,77727.12,-18.29,-108.3,1307,ranging
,2026-04-23T17:25:27.395224,BTC,Mean Reversion,paper,short,77679.34,77704.48,77679.34,77679.34,-3.24,-3.2,1262,low_vol
,2026-04-23T17:25:27.395835,BTC,Mean Reversion,shadow,short,77689.44,77715.5,77692.2,77689.44,-13.35,-103.4,3004,low_vol
,2026-04-23T17:25:33.466183,ETH,Mean Reversion,paper,short,2312.11,2311.51,2312.11,2312.11,2.58,2.6,2938,ranging
,2026-04-23T17:25:33.466948,ETH,Mean Reversion,shadow,short,2311.75,2312.6,2311.91,2311.75,-13.71,-103.7,878,ranging
,2026-04-23T17:25:57.698027,ETH,Mean Reversion,paper,short,2311.82,2311.91,2311.82,2311.82,-0.37,-0.4,859,ranging
,2026-04-23T17:25:57.698848,ETH,Mean Reversion,shadow,short,2312.18,2312.88,2312.18,2312.18,-13.0,-103.0,1325,ranging
,2026-04-23T17:26:15.884268,BTC,Mean Reversion,paper,long,77801.02,77789.2,77801.02,77801.02,-1.52,-1.5,1072,high_vol
,2026-04-23T17:26:15.885089,BTC,Mean Reversion,shadow,long,77850.15,77768.28,77791.61,77850.15,-20.52,-110.5,871,high_vol
,2026-04-23T17:26:21.942834,BTC,Mean Reversion,paper,short,77890.85,77867.6,77890.85,77890.85,2.98,3.0,3341,high_vol
,2026-04-23T17:26:21.943596,BTC,Mean Reversion,shadow,short,77885.26,77899.18,77875.82,77885.26,-11.79,-101.8,1430,high_vol
,2026-04-23T17:26:46.175733,BTC,Mean Reversion,paper,short,77818.78,77834.83,77818.78,77818.78,-2.06,-2.1,2406,high_vol
,2026-04-23T17:26:46.176521,BTC,Mean Reversion,shadow,short,77837.69,77851.18,77827.83,77837.69,-11.73,-101.7,827,high_vol
,2026-04-23T17:26:48.197690,ETH,Mean Reversion,paper,short,2315.27,2315.77,2315.27,2315.27,-2.17,-2.2,3169,high_vol
,2026-04-23T17:26:48.198509,ETH,Mean Reversion,shadow,short,2315.8,2316.39,2315.69,2315.8,-12.55,-102.5,1163,high_vol
,2026-04-23T17:26:50.218272,BTC,Mean Reversion,paper,short,77824.22,77812.43,77824.22,77824.22,1.51,1.5,2092,high_vol
,2026-04-23T17:26:50.219106,BTC,Mean Reversion,shadow,short,77835.18,77843.4,77820.05,77835.18,-11.06,-101.1,1077,high_vol
,2026-04-23T17:26:56.278756,ETH,Mean Reversion,paper,short,2316.0,2315.99,2316.0,2316.0,0.03,0.0,2952,high_vol
,2026-04-23T17:26:56.279515,ETH,Mean Reversion,shadow,short,2316.35,2316.93,2316.23,2316.35,-12.51,-102.5,3581,high_vol
,2026-04-23T17:27:02.332870,BTC,Mean Reversion,paper,short,77828.11,77832.52,77828.11,77828.11,-0.57,-0.6,2466,high_vol
,2026-04-23T17:27:02.333679,BTC,Mean Reversion,shadow,short,77838.85,77866.68,77843.32,77838.85,-13.57,-103.6,256,high_vol
,2026-04-23T17:27:26.565340,BTC,Mean Reversion,paper,long,77810.31,77819.38,77810.31,77810.31,1.17,1.2,163,high_vol
,2026-04-23T17:27:26.566112,BTC,Mean Reversion,shadow,long,77867.15,77790.45,77813.8,77867.15,-19.85,-109.8,3365,high_vol
,2026-04-23T17:27:40.709321,ETH,Mean Reversion,paper,long,2313.43,2313.94,2313.43,2313.43,2.2,2.2,3133,high_vol
,2026-04-23T17:27:40.710104,ETH,Mean Reversion,shadow,long,2315.62,2313.1,2313.8,2315.62,-20.89,-110.9,546,high_vol
,2026-04-23T17:27:42.727178,BTC,Mean Reversion,paper,long,77780.85,77753.98,77780.85,77780.85,-3.45,-3.5,1260,low_vol
,2026-04-23T17:27:42.727975,BTC,Mean Reversion,shadow,long,77809.15,77743.28,77766.61,77809.15,-18.47,-108.5,2609,low_vol
,2026-04-23T17:28:02.967602,BTC,Mean Reversion,paper,long,77762.5,77751.12,77762.5,77762.5,-1.46,-1.5,1638,trending
,2026-04-23T17:28:02.968317,BTC,Mean Reversion,shadow,long,77808.86,77728.78,77752.11,77808.86,-20.29,-110.3,3020,trending
,2026-04-23T17:28:33.343331,ETH,Mean Reversion,paper,long,2310.76,2310.85,2310.76,2310.76,0.39,0.4,479,ranging
,2026-04-23T17:28:33.344096,ETH,Mean Reversion,shadow,long,2312.41,2310.12,2310.81,2312.41,-19.91,-109.9,723,ranging
,2026-04-23T17:28:47.513981,ETH,Mean Reversion,paper,long,2310.87,2311.02,2310.87,2310.87,0.63,0.6,1336,low_vol
,2026-04-23T17:28:47.514790,ETH,Mean Reversion,shadow,long,2312.28,2310.28,2310.97,2312.28,-18.64,-108.6,2687,low_vol
,2026-04-23T17:28:57.625135,BTC,Mean Reversion,paper,short,77700.88,77709.48,77700.88,77700.88,-1.11,-1.1,785,trending
,2026-04-23T17:28:57.625943,BTC,Mean Reversion,shadow,short,77698.4,77724.94,77701.62,77698.4,-13.42,-103.4,679,trending
,2026-04-23T17:29:09.759976,ETH,Mean Reversion,paper,long,2310.88,2310.83,2310.88,2310.88,-0.22,-0.2,3237,trending
,2026-04-23T17:29:09.760799,ETH,Mean Reversion,shadow,long,2312.85,2310.46,2311.15,2312.85,-20.31,-110.3,1933,trending
,2026-04-23T17:29:13.800180,BTC,Mean Reversion,paper,short,77713.4,77705.21,77713.4,77713.4,1.05,1.1,2728,ranging
,2026-04-23T17:29:13.800849,BTC,Mean Reversion,shadow,short,77705.84,77723.31,77700.0,77705.84,-12.25,-102.2,1268,ranging
,2026-04-23T17:29:23.909889,BTC,Mean Reversion,paper,short,77704.23,77702.41,77704.23,77704.23,0.23,0.2,892,trending
,2026-04-23T17:29:23.910691,BTC,Mean Reversion,shadow,short,77711.81,77728.32,77705.01,77711.81,-12.12,-102.1,595,trending
,2026-04-23T17:29:38.065699,BTC,Mean Reversion,paper,short,77659.18,77670.92,77659.18,77659.18,-1.51,-1.5,640,trending
,2026-04-23T17:29:38.066536,BTC,Mean Reversion,shadow,short,77658.74,77683.24,77659.95,77658.74,-13.16,-103.2,243,trending
,2026-04-23T17:29:58.309912,BTC,Mean Reversion,paper,long,77616.49,77634.14,77616.49,77616.49,2.27,2.3,3534,low_vol
,2026-04-23T17:29:58.310591,BTC,Mean Reversion,shadow,long,77681.02,77607.87,77631.16,77681.02,-19.42,-109.4,2957,low_vol
,2026-04-23T17:30:22.585340,ETH,Mean Reversion,paper,short,2309.61,2309.72,2309.61,2309.61,-0.49,-0.5,1663,low_vol
,2026-04-23T17:30:22.586131,ETH,Mean Reversion,shadow,short,2309.66,2310.48,2309.78,2309.66,-13.53,-103.5,2837,low_vol
,2026-04-23T17:30:28.661266,ETH,Mean Reversion,paper,short,2310.78,2310.83,2310.78,2310.78,-0.17,-0.2,2198,trending
,2026-04-23T17:30:28.662073,ETH,Mean Reversion,shadow,short,2310.33,2311.13,2310.43,2310.33,-13.47,-103.5,1518,trending
,2026-04-23T17:30:50.928974,ETH,Mean Reversion,paper,long,2311.36,2311.17,2311.36,2311.36,-0.81,-0.8,2490,trending
,2026-04-23T17:30:50.929784,ETH,Mean Reversion,shadow,long,2312.62,2310.57,2311.27,2312.62,-18.86,-108.9,2765,trending
,2026-04-23T17:30:56.999916,ETH,Mean Reversion,paper,long,2311.08,2310.98,2311.08,2311.08,-0.43,-0.4,1217,high_vol
,2026-04-23T17:30:57.000639,ETH,Mean Reversion,shadow,long,2312.89,2310.47,2311.16,2312.89,-20.46,-110.5,3313,high_vol
,2026-04-23T17:31:13.194350,ETH,Mean Reversion,paper,short,2310.19,2309.49,2310.19,2310.19,3.0,3.0,611,trending
,2026-04-23T17:31:13.194960,ETH,Mean Reversion,shadow,short,2309.91,2310.57,2309.88,2309.91,-12.84,-102.8,2356,trending
,2026-04-23T17:31:19.266418,BTC,Mean Reversion,paper,short,77584.59,77585.72,77584.59,77584.59,-0.15,-0.1,2657,ranging
,2026-04-23T17:31:19.267146,BTC,Mean Reversion,shadow,short,77601.65,77614.78,77591.51,77601.65,-11.69,-101.7,180,ranging
,2026-04-23T17:31:23.310177,ETH,Mean Reversion,paper,long,2308.5,2307.75,2308.5,2308.5,-3.26,-3.3,481,high_vol
,2026-04-23T17:31:23.311010,ETH,Mean Reversion,shadow,long,2309.69,2307.52,2308.21,2309.69,-19.41,-109.4,2098,high_vol
,2026-04-23T17:31:41.532572,BTC,Mean Reversion,paper,long,77583.65,77580.82,77583.65,77583.65,-0.36,-0.4,791,low_vol
,2026-04-23T17:31:41.533404,BTC,Mean Reversion,shadow,long,77622.47,77545.73,77569.0,77622.47,-19.89,-109.9,146,low_vol
,2026-04-23T17:31:53.677514,BTC,Mean Reversion,paper,short,77632.17,77635.44,77632.17,77632.17,-0.42,-0.4,3488,low_vol
,2026-04-23T17:31:53.678249,BTC,Mean Reversion,shadow,short,77613.92,77643.92,77620.64,77613.92,-13.87,-103.9,2955,low_vol
,2026-04-23T17:32:01.767737,ETH,Mean Reversion,paper,long,2308.56,2308.18,2308.56,2308.56,-1.66,-1.7,2796,trending
,2026-04-23T17:32:01.768522,ETH,Mean Reversion,shadow,long,2309.74,2307.8,2308.49,2309.74,-18.39,-108.4,2641,trending
,2026-04-23T17:32:50.317081,ETH,Mean Reversion,paper,long,2309.65,2309.69,2309.65,2309.65,0.17,0.2,1401,low_vol
,2026-04-23T17:32:50.317697,ETH,Mean Reversion,shadow,long,2311.51,2309.08,2309.78,2311.51,-20.5,-110.5,2969,low_vol
,2026-04-23T17:33:43.060794,ETH,Mean Reversion,paper,long,2309.24,2308.84,2309.24,2309.24,-1.74,-1.7,2588,high_vol
,2026-04-23T17:33:43.061800,ETH,Mean Reversion,shadow,long,2310.14,2308.1,2308.8,2310.14,-18.83,-108.8,2746,high_vol
,2026-04-23T17:34:17.408908,ETH,Mean Reversion,paper,long,2309.2,2309.33,2309.2,2309.2,0.56,0.6,2347,trending
,2026-04-23T17:34:17.409693,ETH,Mean Reversion,shadow,long,2310.42,2308.38,2309.07,2310.42,-18.84,-108.8,3246,trending
,2026-04-23T17:34:47.719034,ETH,Mean Reversion,paper,short,2309.3,2309.44,2309.3,2309.3,-0.61,-0.6,1286,low_vol
,2026-04-23T17:34:47.720471,ETH,Mean Reversion,shadow,short,2309.99,2310.4,2309.71,2309.99,-11.78,-101.8,483,low_vol
,2026-04-23T17:34:53.791572,ETH,Mean Reversion,paper,long,2310.91,2311.18,2310.91,2310.91,1.21,1.2,2059,trending
,2026-04-23T17:34:53.792224,ETH,Mean Reversion,shadow,long,2312.56,2310.54,2311.23,2312.56,-18.75,-108.7,2885,trending
,2026-04-23T17:35:16.000023,ETH,Mean Reversion,paper,short,2311.86,2311.59,2311.86,2311.86,1.17,1.2,1249,ranging
,2026-04-23T17:35:16.000850,ETH,Mean Reversion,shadow,short,2311.75,2312.38,2311.69,2311.75,-12.72,-102.7,2575,ranging
,2026-04-23T17:35:48.334777,BTC,Mean Reversion,paper,short,77670.69,77696.21,77670.69,77670.69,-3.28,-3.3,718,high_vol
,2026-04-23T17:35:48.335581,BTC,Mean Reversion,shadow,short,77693.15,77707.36,77684.05,77693.15,-11.83,-101.8,797,high_vol
,2026-04-23T17:36:06.519908,ETH,Mean Reversion,paper,long,2310.72,2310.99,2310.72,2310.72,1.19,1.2,2576,trending
,2026-04-23T17:36:06.520693,ETH,Mean Reversion,shadow,long,2312.42,2309.93,2310.62,2312.42,-20.77,-110.8,2389,trending
,2026-04-23T17:36:22.684068,BTC,Mean Reversion,paper,long,77675.7,77650.36,77675.7,77675.7,-3.26,-3.3,3151,high_vol
,2026-04-23T17:36:22.684883,BTC,Mean Reversion,shadow,long,77701.43,77637.91,77661.21,77701.43,-18.17,-108.2,2817,high_vol
,2026-04-23T17:36:28.741841,BTC,Mean Reversion,paper,long,77660.9,77673.78,77660.9,77660.9,1.66,1.7,1430,trending
,2026-04-23T17:36:28.742399,BTC,Mean Reversion,shadow,long,77717.2,77647.54,77670.85,77717.2,-18.96,-109.0,557,trending
,2026-04-23T17:36:36.816559,ETH,Mean Reversion,paper,short,2310.25,2310.88,2310.25,2310.25,-2.7,-2.7,2326,high_vol
,2026-04-23T17:36:36.817102,ETH,Mean Reversion,shadow,short,2310.93,2311.38,2310.69,2310.93,-11.95,-101.9,2587,high_vol
,2026-04-23T17:36:48.936641,BTC,Mean Reversion,paper,short,77525.88,77535.49,77525.88,77525.88,-1.24,-1.2,740,trending
,2026-04-23T17:36:48.937450,BTC,Mean Reversion,shadow,short,77547.26,77562.13,77538.86,77547.26,-11.92,-101.9,2763,trending
,2026-04-23T17:37:03.080821,BTC,Mean Reversion,paper,short,77517.24,77541.71,77517.24,77517.24,-3.16,-3.2,2571,high_vol
,2026-04-23T17:37:03.081649,BTC,Mean Reversion,shadow,short,77543.26,77553.74,77530.49,77543.26,-11.35,-101.4,3267,high_vol
,2026-04-23T17:37:13.183127,ETH,Mean Reversion,paper,short,2300.47,2300.37,2300.47,2300.47,0.43,0.4,2967,low_vol
,2026-04-23T17:37:13.183819,ETH,Mean Reversion,shadow,short,2300.02,2300.75,2300.06,2300.02,-13.17,-103.2,3238,low_vol
,2026-04-23T17:37:25.307524,BTC,Mean Reversion,paper,short,77500.4,77513.87,77500.4,77500.4,-1.74,-1.7,1430,low_vol
,2026-04-23T17:37:25.308381,BTC,Mean Reversion,shadow,short,77506.92,77523.91,77500.65,77506.92,-12.19,-102.2,2047,low_vol
,2026-04-23T17:37:31.366446,ETH,Mean Reversion,paper,long,2299.82,2300.25,2299.82,2299.82,1.86,1.9,128,trending
,2026-04-23T17:37:31.367247,ETH,Mean Reversion,shadow,long,2301.41,2299.37,2300.06,2301.41,-18.89,-108.9,3445,trending
,2026-04-23T17:37:37.427474,ETH,Mean Reversion,paper,short,2299.76,2299.32,2299.76,2299.76,1.92,1.9,1125,low_vol
,2026-04-23T17:37:37.428156,ETH,Mean Reversion,shadow,short,2299.53,2300.42,2299.73,2299.53,-13.85,-103.9,806,low_vol
,2026-04-23T17:37:45.512400,ETH,Mean Reversion,paper,long,2300.86,2300.75,2300.86,2300.86,-0.51,-0.5,2528,high_vol
,2026-04-23T17:37:45.513220,ETH,Mean Reversion,shadow,long,2301.86,2299.99,2300.68,2301.86,-18.11,-108.1,1467,high_vol
,2026-04-23T17:38:09.769399,BTC,Mean Reversion,paper,long,77506.57,77524.12,77506.57,77506.57,2.26,2.3,2879,high_vol
,2026-04-23T17:38:09.770108,BTC,Mean Reversion,shadow,long,77560.34,77486.77,77510.02,77560.34,-19.49,-109.5,3595,high_vol
,2026-04-23T17:38:21.898587,BTC,Mean Reversion,paper,long,77482.42,77469.0,77482.42,77482.42,-1.73,-1.7,606,ranging
,2026-04-23T17:38:21.899329,BTC,Mean Reversion,shadow,long,77540.09,77460.07,77483.31,77540.09,-20.32,-110.3,1342,ranging
,2026-04-23T17:38:25.942737,ETH,Mean Reversion,paper,short,2300.4,2300.71,2300.4,2300.4,-1.35,-1.3,2464,ranging
,2026-04-23T17:38:25.943517,ETH,Mean Reversion,shadow,short,2300.53,2301.44,2300.74,2300.53,-13.94,-103.9,1663,ranging
,2026-04-23T17:39:16.537125,ETH,Mean Reversion,paper,long,2302.4,2301.93,2302.4,2302.4,-2.06,-2.1,1784,high_vol
,2026-04-23T17:39:16.537850,ETH,Mean Reversion,shadow,long,2303.54,2301.38,2302.07,2303.54,-19.37,-109.4,257,high_vol
,2026-04-23T17:39:24.633801,ETH,Mean Reversion,paper,short,2301.62,2301.16,2301.62,2301.62,1.99,2.0,1696,trending
,2026-04-23T17:39:24.634550,ETH,Mean Reversion,shadow,short,2301.36,2301.99,2301.3,2301.36,-12.74,-102.7,1079,trending
,2026-04-23T17:39:36.793286,BTC,Mean Reversion,paper,short,77385.14,77378.69,77385.14,77385.14,0.83,0.8,2017,high_vol
,2026-04-23T17:39:36.794064,BTC,Mean Reversion,shadow,short,77379.98,77401.64,77378.43,77379.98,-12.8,-102.8,2391,high_vol
,2026-04-23T17:40:07.136075,ETH,Mean Reversion,paper,long,2294.17,2294.39,2294.17,2294.17,0.95,0.9,1692,low_vol
,2026-04-23T17:40:07.136855,ETH,Mean Reversion,shadow,long,2296.08,2293.91,2294.6,2296.08,-19.45,-109.5,2051,low_vol
,2026-04-23T17:40:19.269197,ETH,Mean Reversion,paper,short,2291.96,2291.91,2291.96,2291.96,0.21,0.2,121,trending
,2026-04-23T17:40:19.269848,ETH,Mean Reversion,shadow,short,2292.1,2292.65,2291.96,2292.1,-12.37,-102.4,241,trending
,2026-04-23T17:40:21.290585,ETH,Mean Reversion,paper,short,2292.09,2291.91,2292.09,2292.09,0.8,0.8,2961,ranging
,2026-04-23T17:40:21.291438,ETH,Mean Reversion,shadow,short,2291.92,2292.76,2292.07,2291.92,-13.66,-103.7,941,ranging
,2026-04-23T17:40:31.397139,BTC,Mean Reversion,paper,short,77113.88,77114.13,77113.88,77113.88,-0.03,-0.0,378,trending
,2026-04-23T17:40:31.398001,BTC,Mean Reversion,shadow,short,77103.91,77128.3,77105.17,77103.91,-13.16,-103.2,2852,trending
,2026-04-23T17:40:39.493018,BTC,Mean Reversion,paper,short,77097.96,77111.85,77097.96,77097.96,-1.8,-1.8,638,low_vol
,2026-04-23T17:40:39.493796,BTC,Mean Reversion,shadow,short,77099.54,77121.94,77098.81,77099.54,-12.91,-102.9,3453,low_vol
,2026-04-23T17:40:59.739062,ETH,Mean Reversion,paper,long,2291.48,2291.04,2291.48,2291.48,-1.91,-1.9,2308,ranging
,2026-04-23T17:40:59.739525,ETH,Mean Reversion,shadow,long,2293.07,2290.78,2291.47,2293.07,-20.01,-110.0,2162,ranging
,2026-04-23T17:41:09.851875,ETH,Mean Reversion,paper,long,2290.62,2290.34,2290.62,2290.62,-1.23,-1.2,291,ranging
,2026-04-23T17:41:09.852661,ETH,Mean Reversion,shadow,long,2292.45,2290.06,2290.74,2292.45,-20.43,-110.4,2624,ranging
,2026-04-23T17:41:30.099299,BTC,Mean Reversion,paper,long,77082.65,77065.61,77082.65,77082.65,-2.21,-2.2,1821,high_vol
,2026-04-23T17:41:30.100128,BTC,Mean Reversion,shadow,long,77124.98,77056.5,77079.62,77124.98,-18.88,-108.9,2161,high_vol
,2026-04-23T17:41:36.157754,BTC,Mean Reversion,paper,short,77047.98,77073.86,77047.98,77047.98,-3.36,-3.4,2401,ranging
,2026-04-23T17:41:36.158524,BTC,Mean Reversion,shadow,short,77053.69,77083.75,77060.63,77053.69,-13.9,-103.9,3270,ranging
,2026-04-23T17:41:48.291310,ETH,Mean Reversion,paper,short,2291.55,2291.55,2291.55,2291.55,-0.01,-0.0,2618,trending
,2026-04-23T17:41:48.292090,ETH,Mean Reversion,shadow,short,2291.51,2291.98,2291.3,2291.51,-12.08,-102.1,1035,trending
,2026-04-23T17:42:06.479279,BTC,Mean Reversion,paper,long,77065.33,77056.18,77065.33,77065.33,-1.19,-1.2,860,high_vol
,2026-04-23T17:42:06.480029,BTC,Mean Reversion,shadow,long,77119.04,77041.4,77064.51,77119.04,-20.07,-110.1,1557,high_vol
,2026-04-23T17:42:30.723049,BTC,Mean Reversion,paper,long,77192.58,77177.87,77192.58,77192.58,-1.91,-1.9,3281,low_vol
,2026-04-23T17:42:30.723686,BTC,Mean Reversion,shadow,long,77226.6,77163.17,77186.33,77226.6,-18.21,-108.2,2823,low_vol
,2026-04-23T17:42:38.818176,ETH,Mean Reversion,paper,short,2294.3,2293.75,2294.3,2294.3,2.4,2.4,1218,trending
,2026-04-23T17:42:38.818976,ETH,Mean Reversion,shadow,short,2294.0,2294.6,2293.91,2294.0,-12.63,-102.6,1197,trending
,2026-04-23T17:42:46.907064,BTC,Mean Reversion,paper,short,77222.34,77228.85,77222.34,77222.34,-0.84,-0.8,2817,low_vol
,2026-04-23T17:42:46.907903,BTC,Mean Reversion,shadow,short,77219.78,77238.03,77214.86,77219.78,-12.36,-102.4,1351,low_vol
,2026-04-23T17:42:50.950121,ETH,Mean Reversion,paper,short,2296.14,2296.17,2296.14,2296.14,-0.13,-0.1,1001,trending
,2026-04-23T17:42:50.950717,ETH,Mean Reversion,shadow,short,2295.88,2296.46,2295.78,2295.88,-12.54,-102.5,686,trending
,2026-04-23T17:43:19.231258,BTC,Mean Reversion,paper,long,77238.69,77239.05,77238.69,77238.69,0.05,0.0,3378,trending
,2026-04-23T17:43:19.232136,BTC,Mean Reversion,shadow,long,77277.75,77214.92,77238.1,77277.75,-18.13,-108.1,2674,trending
,2026-04-23T17:43:27.319074,ETH,Mean Reversion,paper,short,2294.86,2295.1,2294.86,2294.86,-1.05,-1.0,2079,trending
,2026-04-23T17:43:27.319790,ETH,Mean Reversion,shadow,short,2295.27,2295.92,2295.24,2295.27,-12.86,-102.9,1154,trending
,2026-04-23T17:44:03.695361,BTC,Mean Reversion,paper,short,77256.26,77252.61,77256.26,77256.26,0.47,0.5,2956,high_vol
,2026-04-23T17:44:03.696180,BTC,Mean Reversion,shadow,short,77252.22,77277.43,77254.26,77252.22,-13.26,-103.3,3074,high_vol
,2026-04-23T17:44:05.720278,ETH,Mean Reversion,paper,long,2295.03,2294.31,2295.03,2295.03,-3.15,-3.1,3027,trending
,2026-04-23T17:44:05.721600,ETH,Mean Reversion,shadow,long,2296.28,2293.96,2294.65,2296.28,-20.11,-110.1,3314,trending
,2026-04-23T17:44:25.936955,ETH,Mean Reversion,paper,long,2293.91,2293.21,2293.91,2293.91,-3.06,-3.1,2632,trending
,2026-04-23T17:44:25.937770,ETH,Mean Reversion,shadow,long,2294.82,2292.83,2293.51,2294.82,-18.7,-108.7,1269,trending
,2026-04-23T17:45:36.667908,BTC,Mean Reversion,paper,long,77070.85,77085.91,77070.85,77070.85,1.95,2.0,2435,low_vol
,2026-04-23T17:45:36.668679,BTC,Mean Reversion,shadow,long,77139.38,77057.3,77080.42,77139.38,-20.64,-110.6,1423,low_vol
,2026-04-23T17:45:38.688112,BTC,Mean Reversion,paper,long,77039.46,77041.69,77039.46,77039.46,0.29,0.3,423,trending
,2026-04-23T17:45:38.688893,BTC,Mean Reversion,shadow,long,77088.82,77026.89,77050.01,77088.82,-18.03,-108.0,2038,trending
,2026-04-23T17:45:56.870238,BTC,Mean Reversion,paper,short,77140.07,77141.27,77140.07,77140.07,-0.16,-0.2,3589,low_vol
,2026-04-23T17:45:56.870960,BTC,Mean Reversion,shadow,short,77154.93,77169.74,77146.6,77154.93,-11.92,-101.9,933,low_vol
,2026-04-23T17:46:04.953458,BTC,Mean Reversion,paper,short,77138.3,77149.34,77138.3,77138.3,-1.43,-1.4,2181,trending
,2026-04-23T17:46:04.955109,BTC,Mean Reversion,shadow,short,77140.58,77163.65,77140.51,77140.58,-12.99,-103.0,2278,trending
,2026-04-23T17:46:06.971334,ETH,Mean Reversion,paper,short,2292.86,2292.96,2292.86,2292.86,-0.48,-0.5,1998,ranging
,2026-04-23T17:46:06.972087,ETH,Mean Reversion,shadow,short,2293.37,2293.68,2292.99,2293.37,-11.33,-101.3,3042,ranging
,2026-04-23T17:46:11.016071,BTC,Mean Reversion,paper,short,77135.37,77140.2,77135.37,77135.37,-0.63,-0.6,1456,ranging
,2026-04-23T17:46:11.016657,BTC,Mean Reversion,shadow,short,77140.84,77156.84,77133.7,77140.84,-12.07,-102.1,3108,ranging
,2026-04-23T17:47:15.703687,BTC,Mean Reversion,paper,short,76994.34,76993.04,76994.34,76994.34,0.17,0.2,2573,high_vol
,2026-04-23T17:47:15.704506,BTC,Mean Reversion,shadow,short,76978.23,77003.38,76980.29,76978.23,-13.27,-103.3,119,high_vol
,2026-04-23T17:47:29.863566,ETH,Mean Reversion,paper,long,2286.49,2286.63,2286.49,2286.49,0.65,0.6,581,ranging
,2026-04-23T17:47:29.864434,ETH,Mean Reversion,shadow,long,2287.61,2285.78,2286.47,2287.61,-18.01,-108.0,3229,ranging
,2026-04-23T17:48:12.279819,BTC,Mean Reversion,paper,short,77226.15,77237.69,77226.15,77226.15,-1.49,-1.5,1075,ranging
,2026-04-23T17:48:12.281450,BTC,Mean Reversion,shadow,short,77235.36,77252.47,77229.29,77235.36,-12.22,-102.2,1392,ranging
,2026-04-23T17:48:22.374130,BTC,Mean Reversion,paper,short,77255.23,77252.99,77255.23,77255.23,0.29,0.3,3328,low_vol
,2026-04-23T17:48:22.374774,BTC,Mean Reversion,shadow,short,77255.86,77280.83,77257.65,77255.86,-13.23,-103.2,964,low_vol
,2026-04-23T17:48:26.412156,ETH,Mean Reversion,paper,long,2294.3,2293.73,2294.3,2294.3,-2.49,-2.5,1036,trending
,2026-04-23T17:48:26.412952,ETH,Mean Reversion,shadow,long,2295.32,2293.46,2294.15,2295.32,-18.11,-108.1,2005,trending
,2026-04-23T17:48:36.509960,BTC,Mean Reversion,paper,short,77280.4,77263.72,77280.4,77280.4,2.16,2.2,283,low_vol
,2026-04-23T17:48:36.510777,BTC,Mean Reversion,shadow,short,77276.4,77290.33,77267.14,77276.4,-11.8,-101.8,1956,low_vol
,2026-04-23T17:48:42.566980,ETH,Mean Reversion,paper,long,2294.75,2294.61,2294.75,2294.75,-0.6,-0.6,2603,low_vol
,2026-04-23T17:48:42.567758,ETH,Mean Reversion,shadow,long,2296.06,2293.97,2294.66,2296.06,-19.1,-109.1,579,low_vol
,2026-04-23T17:48:58.739121,ETH,Mean Reversion,paper,long,2295.26,2295.58,2295.26,2295.26,1.4,1.4,987,ranging
,2026-04-23T17:48:58.739857,ETH,Mean Reversion,shadow,long,2297.01,2294.6,2295.29,2297.01,-20.47,-110.5,3059,ranging
,2026-04-23T17:49:10.848433,ETH,Mean Reversion,paper,short,2296.1,2296.38,2296.1,2296.1,-1.21,-1.2,461,ranging
,2026-04-23T17:49:10.848937,ETH,Mean Reversion,shadow,short,2296.11,2296.7,2296.01,2296.11,-12.54,-102.5,1183,ranging
,2026-04-23T17:49:33.081568,ETH,Mean Reversion,paper,long,2294.84,2295.36,2294.84,2294.84,2.25,2.3,624,trending
,2026-04-23T17:49:33.082272,ETH,Mean Reversion,shadow,long,2296.49,2294.57,2295.26,2296.49,-18.35,-108.3,997,trending
,2026-04-23T17:49:37.127087,ETH,Mean Reversion,paper,short,2295.72,2294.9,2295.72,2295.72,3.58,3.6,2932,ranging
,2026-04-23T17:49:37.127876,ETH,Mean Reversion,shadow,short,2295.56,2296.01,2295.32,2295.56,-11.96,-102.0,315,ranging
,2026-04-23T17:49:41.167841,ETH,Mean Reversion,paper,short,2295.91,2295.84,2295.91,2295.91,0.29,0.3,1680,high_vol
,2026-04-23T17:49:41.168659,ETH,Mean Reversion,shadow,short,2295.94,2296.18,2295.49,2295.94,-11.07,-101.1,3429,high_vol
,2026-04-23T17:49:43.190012,BTC,Mean Reversion,paper,short,77340.26,77323.94,77340.26,77340.26,2.11,2.1,3517,ranging
,2026-04-23T17:49:43.190726,BTC,Mean Reversion,shadow,short,77351.54,77360.02,77336.82,77351.54,-11.1,-101.1,628,ranging
,2026-04-23T17:49:47.234865,BTC,Mean Reversion,paper,long,77290.77,77309.59,77290.77,77290.77,2.43,2.4,2261,high_vol
,2026-04-23T17:49:47.235667,BTC,Mean Reversion,shadow,long,77348.71,77272.82,77296.01,77348.71,-19.81,-109.8,1454,high_vol
,2026-04-23T17:49:49.256140,BTC,Mean Reversion,paper,long,77313.48,77301.78,77313.48,77313.48,-1.51,-1.5,2869,ranging
,2026-04-23T17:49:49.256806,BTC,Mean Reversion,shadow,long,77349.01,77275.53,77298.71,77349.01,-19.5,-109.5,3547,ranging
,2026-04-23T17:49:51.277089,BTC,Mean Reversion,paper,long,77330.27,77335.22,77330.27,77330.27,0.64,0.6,1704,trending
,2026-04-23T17:49:51.277737,BTC,Mean Reversion,shadow,long,77362.61,77297.53,77320.73,77362.61,-18.41,-108.4,2950,trending
,2026-04-23T17:49:57.340210,BTC,Mean Reversion,paper,long,77349.86,77345.24,77349.86,77349.86,-0.6,-0.6,2085,ranging
,2026-04-23T17:49:57.340866,BTC,Mean Reversion,shadow,long,77383.71,77312.0,77335.21,77383.71,-19.27,-109.3,1865,ranging
,2026-04-23T17:50:25.632766,ETH,Mean Reversion,paper,long,2292.27,2292.38,2292.27,2292.27,0.48,0.5,656,high_vol
,2026-04-23T17:50:25.634439,ETH,Mean Reversion,shadow,long,2293.68,2291.41,2292.1,2293.68,-19.92,-109.9,585,high_vol
,2026-04-23T17:51:31.876016,BTC,Mean Reversion,paper,short,77399.79,77393.53,77399.79,77399.79,0.81,0.8,3257,low_vol
,2026-04-23T17:51:31.876839,BTC,Mean Reversion,shadow,short,77410.92,77429.33,77406.11,77410.92,-12.38,-102.4,375,low_vol
,2026-04-23T17:51:35.917314,ETH,Mean Reversion,paper,long,2296.12,2296.7,2296.12,2296.12,2.53,2.5,2867,low_vol
,2026-04-23T17:51:35.918021,ETH,Mean Reversion,shadow,long,2298.17,2295.7,2296.39,2298.17,-20.78,-110.8,2417,low_vol
,2026-04-23T17:51:37.937319,BTC,Mean Reversion,paper,long,77395.43,77400.53,77395.43,77395.43,0.66,0.7,2066,ranging
,2026-04-23T17:51:37.938150,BTC,Mean Reversion,shadow,long,77451.91,77383.77,77406.99,77451.91,-18.8,-108.8,248,ranging
,2026-04-23T17:52:06.211183,ETH,Mean Reversion,paper,short,2297.25,2297.1,2297.25,2297.25,0.64,0.6,3099,trending
,2026-04-23T17:52:06.212030,ETH,Mean Reversion,shadow,short,2297.79,2298.15,2297.47,2297.79,-11.59,-101.6,479,trending
,2026-04-23T17:52:12.281438,ETH,Mean Reversion,paper,long,2298.27,2297.72,2298.27,2298.27,-2.39,-2.4,1776,trending
,2026-04-23T17:52:12.282650,ETH,Mean Reversion,shadow,long,2299.28,2297.23,2297.92,2299.28,-18.92,-108.9,3209,trending
,2026-04-23T17:52:20.359149,BTC,Mean Reversion,paper,short,77371.82,77364.24,77371.82,77371.82,0.98,1.0,2113,ranging
,2026-04-23T17:52:20.359715,BTC,Mean Reversion,shadow,short,77362.89,77383.8,77360.6,77362.89,-12.7,-102.7,2337,ranging
,2026-04-23T17:52:24.398007,BTC,Mean Reversion,paper,long,77367.14,77353.88,77367.14,77367.14,-1.71,-1.7,363,low_vol
,2026-04-23T17:52:24.398771,BTC,Mean Reversion,shadow,long,77412.87,77334.2,77357.4,77412.87,-20.16,-110.2,1797,low_vol
,2026-04-23T17:52:48.610994,ETH,Mean Reversion,paper,short,2297.35,2297.37,2297.35,2297.35,-0.09,-0.1,3251,low_vol
,2026-04-23T17:52:48.612757,ETH,Mean Reversion,shadow,short,2297.83,2298.29,2297.61,2297.83,-12.01,-102.0,3332,low_vol
,2026-04-23T17:52:54.665265,BTC,Mean Reversion,paper,long,77418.16,77405.15,77418.16,77418.16,-1.68,-1.7,153,low_vol
,2026-04-23T17:52:54.665937,BTC,Mean Reversion,shadow,long,77456.44,77387.39,77410.61,77456.44,-18.91,-108.9,3123,low_vol
,2026-04-23T17:53:10.824117,BTC,Mean Reversion,paper,short,77460.41,77458.0,77460.41,77460.41,0.31,0.3,1770,trending
,2026-04-23T17:53:10.825753,BTC,Mean Reversion,shadow,short,77460.8,77488.8,77465.56,77460.8,-13.61,-103.6,2148,trending
,2026-04-23T17:53:12.847195,BTC,Mean Reversion,paper,long,77457.87,77468.16,77457.87,77457.87,1.33,1.3,968,high_vol
,2026-04-23T17:53:12.847817,BTC,Mean Reversion,shadow,long,77526.19,77443.31,77466.54,77526.19,-20.69,-110.7,96,high_vol
,2026-04-23T17:53:33.044886,BTC,Mean Reversion,paper,long,77749.99,77751.15,77749.99,77749.99,0.15,0.1,1488,ranging
,2026-04-23T17:53:33.045424,BTC,Mean Reversion,shadow,long,77806.29,77722.26,77745.58,77806.29,-20.8,-110.8,2218,ranging
,2026-04-23T17:53:45.160045,BTC,Mean Reversion,paper,short,77747.39,77748.57,77747.39,77747.39,-0.15,-0.2,2832,high_vol
,2026-04-23T17:53:45.161736,BTC,Mean Reversion,shadow,short,77733.58,77757.77,77734.45,77733.58,-13.11,-103.1,3263,high_vol
,2026-04-23T17:53:53.239317,BTC,Mean Reversion,paper,long,77757.92,77746.68,77757.92,77757.92,-1.45,-1.4,1219,ranging
,2026-04-23T17:53:53.239936,BTC,Mean Reversion,shadow,long,77802.15,77719.51,77742.83,77802.15,-20.62,-110.6,2083,ranging
,2026-04-23T17:53:55.257576,ETH,Mean Reversion,paper,short,2306.44,2305.86,2306.44,2306.44,2.49,2.5,2106,low_vol
,2026-04-23T17:53:55.258002,ETH,Mean Reversion,shadow,short,2306.24,2306.87,2306.18,2306.24,-12.72,-102.7,1323,low_vol
,2026-04-23T17:54:25.526203,BTC,Mean Reversion,paper,short,77576.48,77560.03,77576.48,77576.48,2.12,2.1,2865,ranging
,2026-04-23T17:54:25.527667,BTC,Mean Reversion,shadow,short,77573.12,77591.61,77568.33,77573.12,-12.38,-102.4,3129,ranging
,2026-04-23T17:55:25.265317,ETH,Mean Reversion,paper,long,2307.34,2306.84,2307.34,2307.34,-2.16,-2.2,2817,trending
,2026-04-23T17:55:25.266113,ETH,Mean Reversion,shadow,long,2308.44,2306.22,2306.91,2308.44,-19.59,-109.6,2697,trending
,2026-04-23T17:55:39.419060,ETH,Mean Reversion,paper,short,2308.08,2308.08,2308.08,2308.08,-0.02,-0.0,819,high_vol
,2026-04-23T17:55:39.419845,ETH,Mean Reversion,shadow,short,2307.91,2308.59,2307.89,2307.91,-12.93,-102.9,3557,high_vol
,2026-04-23T17:55:57.602877,ETH,Mean Reversion,paper,long,2309.83,2309.72,2309.83,2309.83,-0.5,-0.5,1261,ranging
,2026-04-23T17:55:57.603702,ETH,Mean Reversion,shadow,long,2311.62,2309.3,2309.99,2311.62,-20.01,-110.0,422,ranging
,2026-04-23T17:56:13.775990,ETH,Mean Reversion,paper,long,2311.32,2310.88,2311.32,2311.32,-1.91,-1.9,3577,low_vol
,2026-04-23T17:56:13.777222,ETH,Mean Reversion,shadow,long,2312.43,2310.22,2310.91,2312.43,-19.53,-109.5,2733,low_vol
,2026-04-23T17:56:23.873077,ETH,Mean Reversion,paper,short,2310.78,2310.72,2310.78,2310.78,0.22,0.2,1143,high_vol
,2026-04-23T17:56:23.873767,ETH,Mean Reversion,shadow,short,2310.93,2311.64,2310.95,2310.93,-13.09,-103.1,361,high_vol
,2026-04-23T17:56:29.928654,ETH,Mean Reversion,paper,short,2309.85,2310.1,2309.85,2309.85,-1.09,-1.1,977,high_vol
,2026-04-23T17:56:29.929497,ETH,Mean Reversion,shadow,short,2310.1,2310.77,2310.08,2310.1,-12.9,-102.9,3120,high_vol
,2026-04-23T17:56:54.202370,BTC,Mean Reversion,paper,long,77827.83,77816.82,77827.83,77827.83,-1.41,-1.4,3337,low_vol
,2026-04-23T17:56:54.203049,BTC,Mean Reversion,shadow,long,77880.65,77804.45,77827.79,77880.65,-19.78,-109.8,1941,low_vol
,2026-04-23T17:57:00.244919,BTC,Mean Reversion,paper,short,77789.34,77782.22,77789.34,77789.34,0.92,0.9,3120,ranging
,2026-04-23T17:57:00.245738,BTC,Mean Reversion,shadow,short,77781.33,77812.01,77788.67,77781.33,-13.94,-103.9,80,ranging
,2026-04-23T17:57:06.299174,BTC,Mean Reversion,paper,long,77772.12,77780.24,77772.12,77772.12,1.04,1.0,1827,high_vol
,2026-04-23T17:57:06.299800,BTC,Mean Reversion,shadow,long,77828.07,77755.67,77779.01,77828.07,-19.3,-109.3,1408,high_vol
,2026-04-23T17:57:36.585540,BTC,Mean Reversion,paper,long,77743.31,77721.92,77743.31,77743.31,-2.75,-2.8,1219,low_vol
,2026-04-23T17:57:36.586349,BTC,Mean Reversion,shadow,long,77773.61,77709.18,77732.49,77773.61,-18.28,-108.3,3240,low_vol
,2026-04-23T17:58:10.928449,ETH,Mean Reversion,paper,short,2308.95,2309.18,2308.95,2308.95,-1.03,-1.0,2478,trending
,2026-04-23T17:58:10.929161,ETH,Mean Reversion,shadow,short,2309.2,2310.0,2309.31,2309.2,-13.48,-103.5,1931,trending
,2026-04-23T17:58:55.383550,BTC,Mean Reversion,paper,short,77826.52,77822.63,77826.52,77826.52,0.5,0.5,3348,ranging
,2026-04-23T17:58:55.384367,BTC,Mean Reversion,shadow,short,77826.35,77851.24,77827.89,77826.35,-13.2,-103.2,1655,ranging
,2026-04-23T17:58:57.407341,BTC,Mean Reversion,paper,short,77839.6,77826.16,77839.6,77839.6,1.73,1.7,3520,high_vol
,2026-04-23T17:58:57.408061,BTC,Mean Reversion,shadow,short,77834.68,77864.3,77840.95,77834.68,-13.81,-103.8,2532,high_vol
,2026-04-23T17:59:05.487472,ETH,Mean Reversion,paper,short,2310.26,2310.2,2310.26,2310.26,0.24,0.2,3279,low_vol
,2026-04-23T17:59:05.488320,ETH,Mean Reversion,shadow,short,2310.23,2310.92,2310.23,2310.23,-12.97,-103.0,817,low_vol
,2026-04-23T17:59:23.660586,BTC,Mean Reversion,paper,long,77807.32,77815.04,77807.32,77807.32,0.99,1.0,847,high_vol
,2026-04-23T17:59:23.662160,BTC,Mean Reversion,shadow,long,77850.27,77782.12,77805.46,77850.27,-18.75,-108.8,1675,high_vol
,2026-04-23T17:59:43.862941,BTC,Mean Reversion,paper,long,77814.21,77803.47,77814.21,77814.21,-1.38,-1.4,220,low_vol
,2026-04-23T17:59:43.863714,BTC,Mean Reversion,shadow,long,77855.92,77777.47,77800.82,77855.92,-20.08,-110.1,185,low_vol
,2026-04-23T17:59:47.903810,ETH,Mean Reversion,paper,long,2311.01,2311.75,2311.01,2311.01,3.19,3.2,3526,high_vol
,2026-04-23T17:59:47.904551,ETH,Mean Reversion,shadow,long,2312.53,2310.64,2311.34,2312.53,-18.14,-108.1,1136,high_vol
,2026-04-23T17:59:49.926614,ETH,Mean Reversion,paper,long,2310.54,2310.87,2310.54,2310.54,1.42,1.4,561,trending
,2026-04-23T17:59:49.927377,ETH,Mean Reversion,shadow,long,2312.38,2310.22,2310.91,2312.38,-19.35,-109.3,2003,trending
,2026-04-23T17:59:53.964847,BTC,Mean Reversion,paper,long,77798.55,77791.87,77798.55,77798.55,-0.86,-0.9,1369,low_vol
,2026-04-23T17:59:53.965468,BTC,Mean Reversion,shadow,long,77853.5,77770.97,77794.3,77853.5,-20.6,-110.6,2706,low_vol
,2026-04-23T18:00:18.225357,BTC,Mean Reversion,paper,short,77814.53,77833.87,77814.53,77814.53,-2.48,-2.5,3385,high_vol
,2026-04-23T18:00:18.225991,BTC,Mean Reversion,shadow,short,77834.79,77843.92,77820.57,77834.79,-11.17,-101.2,3577,high_vol
,2026-04-23T18:00:24.280876,BTC,Mean Reversion,paper,long,77823.31,77824.95,77823.31,77823.31,0.21,0.2,237,trending
,2026-04-23T18:00:24.281648,BTC,Mean Reversion,shadow,long,77876.31,77811.41,77834.76,77876.31,-18.33,-108.3,2278,trending
,2026-04-23T18:00:36.396634,BTC,Mean Reversion,paper,short,77849.93,77853.48,77849.93,77849.93,-0.46,-0.5,2012,ranging
,2026-04-23T18:00:36.397241,BTC,Mean Reversion,shadow,short,77863.72,77873.65,77850.29,77863.72,-11.28,-101.3,662,ranging
,2026-04-23T18:00:38.415862,BTC,Mean Reversion,paper,long,77823.1,77840.64,77823.1,77823.1,2.25,2.3,3457,ranging
,2026-04-23T18:00:38.416515,BTC,Mean Reversion,shadow,long,77880.78,77812.14,77835.49,77880.78,-18.81,-108.8,3006,ranging
,2026-04-23T18:00:44.472049,BTC,Mean Reversion,paper,long,77821.83,77837.7,77821.83,77821.83,2.04,2.0,1055,ranging
,2026-04-23T18:00:44.472739,BTC,Mean Reversion,shadow,long,77893.85,77811.45,77834.8,77893.85,-20.58,-110.6,285,ranging
,2026-04-23T18:01:06.692503,BTC,Mean Reversion,paper,short,77854.3,77846.21,77854.3,77854.3,1.04,1.0,3553,ranging
,2026-04-23T18:01:06.693157,BTC,Mean Reversion,shadow,short,77851.06,77864.84,77841.49,77851.06,-11.77,-101.8,1229,ranging
,2026-04-23T18:01:12.746939,ETH,Mean Reversion,paper,short,2311.33,2310.99,2311.33,2311.33,1.45,1.4,660,high_vol
,2026-04-23T18:01:12.747554,ETH,Mean Reversion,shadow,short,2311.49,2311.76,2311.07,2311.49,-11.17,-101.2,2504,high_vol
,2026-04-23T18:01:45.082758,BTC,Mean Reversion,paper,long,77905.87,77914.74,77905.87,77905.87,1.14,1.1,3152,trending
,2026-04-23T18:01:45.083381,BTC,Mean Reversion,shadow,long,77941.8,77876.48,77899.85,77941.8,-18.38,-108.4,268,trending
,2026-04-23T18:01:49.127494,ETH,Mean Reversion,paper,short,2310.51,2310.23,2310.51,2310.51,1.24,1.2,365,low_vol
,2026-04-23T18:01:49.128274,ETH,Mean Reversion,shadow,short,2310.59,2311.06,2310.37,2310.59,-12.06,-102.1,3335,low_vol
,2026-04-23T18:01:51.147977,ETH,Mean Reversion,paper,short,2310.49,2310.53,2310.49,2310.49,-0.2,-0.2,719,trending
,2026-04-23T18:01:51.148664,ETH,Mean Reversion,shadow,short,2310.7,2311.31,2310.62,2310.7,-12.64,-102.6,1034,trending
,2026-04-23T18:01:55.210642,ETH,Mean Reversion,paper,short,2315.22,2315.6,2315.22,2315.22,-1.62,-1.6,623,high_vol
,2026-04-23T18:01:55.211181,ETH,Mean Reversion,shadow,short,2315.74,2316.02,2315.33,2315.74,-11.23,-101.2,552,high_vol
,2026-04-23T18:02:05.297960,BTC,Mean Reversion,paper,short,77913.42,77900.24,77913.42,77913.42,1.69,1.7,385,ranging
,2026-04-23T18:02:05.298774,BTC,Mean Reversion,shadow,short,77899.65,77929.26,77905.89,77899.65,-13.8,-103.8,1835,ranging
,2026-04-23T18:02:17.427822,ETH,Mean Reversion,paper,short,2310.73,2311.32,2310.73,2310.73,-2.55,-2.5,2622,high_vol
,2026-04-23T18:02:17.428552,ETH,Mean Reversion,shadow,short,2311.43,2311.86,2311.16,2311.43,-11.87,-101.9,3410,high_vol
,2026-04-23T18:03:20.032813,BTC,Mean Reversion,paper,short,78005.94,78000.01,78005.94,78005.94,0.76,0.8,1980,high_vol
,2026-04-23T18:03:20.033647,BTC,Mean Reversion,shadow,short,78006.64,78014.9,77991.5,78006.64,-11.06,-101.1,3518,high_vol
,2026-04-23T18:03:22.056136,ETH,Mean Reversion,paper,long,2315.15,2314.71,2315.15,2315.15,-1.92,-1.9,253,low_vol
,2026-04-23T18:03:22.057845,ETH,Mean Reversion,shadow,long,2316.68,2314.22,2314.91,2316.68,-20.62,-110.6,3023,low_vol
,2026-04-23T18:03:44.317364,BTC,Mean Reversion,paper,long,77957.88,77951.96,77957.88,77957.88,-0.76,-0.8,2895,low_vol
,2026-04-23T18:03:44.318201,BTC,Mean Reversion,shadow,long,77996.66,77919.07,77942.46,77996.66,-19.95,-109.9,126,low_vol
,2026-04-23T18:03:48.358606,BTC,Mean Reversion,paper,short,77921.57,77918.89,77921.57,77921.57,0.34,0.3,741,ranging
,2026-04-23T18:03:48.359249,BTC,Mean Reversion,shadow,short,77928.47,77936.47,77913.1,77928.47,-11.03,-101.0,353,ranging
,2026-04-23T18:04:14.554426,BTC,Mean Reversion,paper,short,77916.46,77901.06,77916.46,77916.46,1.98,2.0,2111,high_vol
,2026-04-23T18:04:14.554695,BTC,Mean Reversion,shadow,short,77900.71,77926.38,77903.01,77900.71,-13.29,-103.3,2028,high_vol
,2026-04-23T18:04:22.647754,ETH,Mean Reversion,paper,short,2310.66,2310.92,2310.66,2310.66,-1.13,-1.1,2674,high_vol
,2026-04-23T18:04:22.648174,ETH,Mean Reversion,shadow,short,2310.53,2311.43,2310.74,2310.53,-13.9,-103.9,3413,high_vol
,2026-04-23T18:04:24.664376,ETH,Mean Reversion,paper,short,2310.91,2311.01,2310.91,2310.91,-0.44,-0.4,3411,high_vol
,2026-04-23T18:04:24.664992,ETH,Mean Reversion,shadow,short,2311.33,2311.61,2310.91,2311.33,-11.22,-101.2,1179,high_vol
,2026-04-23T18:04:26.686548,ETH,Mean Reversion,paper,long,2310.67,2310.82,2310.67,2310.67,0.63,0.6,2953,high_vol
,2026-04-23T18:04:26.687359,ETH,Mean Reversion,shadow,long,2312.27,2309.81,2310.5,2312.27,-20.66,-110.7,1530,high_vol
,2026-04-23T18:04:42.863330,ETH,Mean Reversion,paper,short,2310.86,2310.76,2310.86,2310.86,0.44,0.4,569,high_vol
,2026-04-23T18:04:42.864211,ETH,Mean Reversion,shadow,short,2310.71,2311.1,2310.41,2310.71,-11.72,-101.7,3199,high_vol
,2026-04-23T18:04:44.883459,BTC,Mean Reversion,paper,long,77818.03,77819.5,77818.03,77818.03,0.19,0.2,1883,low_vol
,2026-04-23T18:04:44.884010,BTC,Mean Reversion,shadow,long,77890.28,77805.26,77828.61,77890.28,-20.92,-110.9,3136,low_vol
,2026-04-23T18:04:54.983231,ETH,Mean Reversion,paper,short,2310.57,2311.15,2310.57,2310.57,-2.54,-2.5,2592,low_vol
,2026-04-23T18:04:54.983757,ETH,Mean Reversion,shadow,short,2310.94,2311.58,2310.89,2310.94,-12.78,-102.8,3442,low_vol
,2026-04-23T18:05:03.067108,ETH,Mean Reversion,paper,long,2310.12,2310.1,2310.12,2310.12,-0.1,-0.1,1322,high_vol
,2026-04-23T18:05:03.068690,ETH,Mean Reversion,shadow,long,2311.61,2309.39,2310.09,2311.61,-19.59,-109.6,2318,high_vol
,2026-04-23T18:05:39.443327,BTC,Mean Reversion,paper,long,77867.22,77862.9,77867.22,77867.22,-0.56,-0.6,969,low_vol
,2026-04-23T18:05:39.444062,BTC,Mean Reversion,shadow,long,77926.59,77843.72,77867.08,77926.59,-20.63,-110.6,1950,low_vol
,2026-04-23T18:06:09.745271,ETH,Mean Reversion,paper,long,2313.62,2314.36,2313.62,2313.62,3.24,3.2,2384,high_vol
,2026-04-23T18:06:09.745985,ETH,Mean Reversion,shadow,long,2315.66,2313.33,2314.03,2315.66,-20.07,-110.1,2266,high_vol
,2026-04-23T18:06:15.802068,BTC,Mean Reversion,paper,short,77978.07,77992.23,77978.07,77978.07,-1.82,-1.8,1932,high_vol
,2026-04-23T18:06:15.802918,BTC,Mean Reversion,shadow,short,77991.59,78002.56,77979.17,77991.59,-11.41,-101.4,61,high_vol
,2026-04-23T18:06:17.821174,ETH,Mean Reversion,paper,short,2315.12,2315.49,2315.12,2315.12,-1.61,-1.6,1158,trending
,2026-04-23T18:06:17.821956,ETH,Mean Reversion,shadow,short,2315.44,2315.96,2315.27,2315.44,-12.23,-102.2,2442,trending
,2026-04-23T18:06:29.939915,BTC,Mean Reversion,paper,long,78029.25,78055.82,78029.25,78029.25,3.4,3.4,3007,low_vol
,2026-04-23T18:06:29.940779,BTC,Mean Reversion,shadow,long,78090.27,78017.44,78040.86,78090.27,-19.33,-109.3,809,low_vol
,2026-04-23T18:06:46.102083,ETH,Mean Reversion,paper,short,2317.83,2318.21,2317.83,2317.83,-1.66,-1.7,1412,trending
,2026-04-23T18:06:46.102902,ETH,Mean Reversion,shadow,short,2318.1,2318.49,2317.8,2318.1,-11.7,-101.7,1371,trending
,2026-04-23T18:07:22.494273,ETH,Mean Reversion,paper,short,2314.53,2314.81,2314.53,2314.53,-1.19,-1.2,2611,low_vol
,2026-04-23T18:07:22.495082,ETH,Mean Reversion,shadow,short,2314.79,2315.41,2314.72,2314.79,-12.69,-102.7,194,low_vol
,2026-04-23T18:07:24.517907,BTC,Mean Reversion,paper,short,78048.48,78052.73,78048.48,78048.48,-0.54,-0.5,589,low_vol
,2026-04-23T18:07:24.518738,BTC,Mean Reversion,shadow,short,78059.9,78074.53,78051.11,78059.9,-11.87,-101.9,891,low_vol
,2026-04-23T18:07:52.824919,ETH,Mean Reversion,paper,long,2316.48,2316.59,2316.48,2316.48,0.51,0.5,1146,ranging
,2026-04-23T18:07:52.825735,ETH,Mean Reversion,shadow,long,2317.91,2316.04,2316.74,2317.91,-18.06,-108.1,2263,ranging
,2026-04-23T18:07:54.847466,BTC,Mean Reversion,paper,long,78075.09,78087.55,78075.09,78075.09,1.6,1.6,2516,ranging
,2026-04-23T18:07:54.848252,BTC,Mean Reversion,shadow,long,78127.91,78059.82,78083.24,78127.91,-18.72,-108.7,1791,ranging
,2026-04-23T18:08:02.930775,BTC,Mean Reversion,paper,short,78042.5,78045.16,78042.5,78042.5,-0.34,-0.3,1560,ranging
,2026-04-23T18:08:02.931569,BTC,Mean Reversion,shadow,short,78066.82,78076.01,78052.6,78066.82,-11.18,-101.2,1772,ranging
,2026-04-23T18:08:08.999465,ETH,Mean Reversion,paper,long,2315.76,2315.54,2315.76,2315.76,-0.94,-0.9,3421,trending
,2026-04-23T18:08:09.001274,ETH,Mean Reversion,shadow,long,2316.5,2314.61,2315.3,2316.5,-18.19,-108.2,1033,trending
,2026-04-23T18:09:11.661548,ETH,Mean Reversion,paper,long,2313.56,2313.45,2313.56,2313.56,-0.48,-0.5,888,low_vol
,2026-04-23T18:09:11.662411,ETH,Mean Reversion,shadow,long,2315.25,2312.92,2313.61,2315.25,-20.07,-110.1,3388,low_vol
,2026-04-23T18:09:54.086373,ETH,Mean Reversion,paper,short,2314.45,2313.98,2314.45,2314.45,2.03,2.0,1831,trending
,2026-04-23T18:09:54.087187,ETH,Mean Reversion,shadow,short,2314.59,2314.86,2314.16,2314.59,-11.16,-101.2,2110,trending
,2026-04-23T18:10:06.213315,ETH,Mean Reversion,paper,long,2314.41,2314.88,2314.41,2314.41,2.02,2.0,3196,high_vol
,2026-04-23T18:10:06.213859,ETH,Mean Reversion,shadow,long,2316.13,2314.16,2314.85,2316.13,-18.54,-108.5,329,high_vol
,2026-04-23T18:10:14.304301,BTC,Mean Reversion,paper,long,78004.86,78023.68,78004.86,78004.86,2.41,2.4,3102,high_vol
,2026-04-23T18:10:14.305027,BTC,Mean Reversion,shadow,long,78059.65,77995.42,78018.82,78059.65,-18.23,-108.2,2540,high_vol
,2026-04-23T18:10:20.369278,BTC,Mean Reversion,paper,long,78014.5,78036.87,78014.5,78014.5,2.87,2.9,3032,low_vol
,2026-04-23T18:10:20.370101,BTC,Mean Reversion,shadow,long,78070.8,78000.32,78023.73,78070.8,-19.03,-109.0,756,low_vol
,2026-04-23T18:10:26.430480,ETH,Mean Reversion,paper,short,2317.12,2317.33,2317.12,2317.12,-0.88,-0.9,2047,trending
,2026-04-23T18:10:26.431135,ETH,Mean Reversion,shadow,short,2317.08,2317.67,2316.97,2317.08,-12.53,-102.5,291,trending
,2026-04-23T18:10:28.449289,BTC,Mean Reversion,paper,short,78123.88,78124.04,78123.88,78123.88,-0.02,-0.0,557,trending
,2026-04-23T18:10:28.450127,BTC,Mean Reversion,shadow,short,78124.5,78150.47,78127.04,78124.5,-13.32,-103.3,2842,trending
,2026-04-23T18:10:30.472292,BTC,Mean Reversion,paper,short,78103.49,78086.27,78103.49,78103.49,2.21,2.2,1241,low_vol
,2026-04-23T18:10:30.472944,BTC,Mean Reversion,shadow,short,78106.74,78116.78,78093.35,78106.74,-11.29,-101.3,3398,low_vol
,2026-04-23T18:10:38.554196,ETH,Mean Reversion,paper,long,2316.46,2316.79,2316.46,2316.46,1.41,1.4,1795,low_vol
,2026-04-23T18:10:38.554660,ETH,Mean Reversion,shadow,long,2317.8,2315.78,2316.47,2317.8,-18.72,-108.7,2492,low_vol
,2026-04-23T18:10:40.577246,ETH,Mean Reversion,paper,long,2316.41,2315.83,2316.41,2316.41,-2.5,-2.5,1838,trending
,2026-04-23T18:10:40.578041,ETH,Mean Reversion,shadow,long,2317.81,2315.37,2316.07,2317.81,-20.52,-110.5,2168,trending
,2026-04-23T18:11:00.796010,ETH,Mean Reversion,paper,long,2318.52,2318.97,2318.52,2318.52,1.9,1.9,2356,trending
,2026-04-23T18:11:00.796542,ETH,Mean Reversion,shadow,long,2320.29,2317.84,2318.54,2320.29,-20.54,-110.5,3586,trending
,2026-04-23T18:11:06.848527,BTC,Mean Reversion,paper,long,78153.65,78143.75,78153.65,78153.65,-1.27,-1.3,1717,ranging
,2026-04-23T18:11:06.849332,BTC,Mean Reversion,shadow,long,78204.4,78121.76,78145.21,78204.4,-20.57,-110.6,3122,ranging
,2026-04-23T18:11:12.913803,BTC,Mean Reversion,paper,long,78173.93,78158.8,78173.93,78173.93,-1.93,-1.9,692,ranging
,2026-04-23T18:11:12.914536,BTC,Mean Reversion,shadow,long,78210.01,78140.42,78163.86,78210.01,-18.9,-108.9,1165,ranging
,2026-04-23T18:11:29.084666,ETH,Mean Reversion,paper,long,2318.47,2318.79,2318.47,2318.47,1.39,1.4,3300,low_vol
,2026-04-23T18:11:29.085336,ETH,Mean Reversion,shadow,long,2320.31,2317.78,2318.47,2320.31,-20.92,-110.9,1697,low_vol
,2026-04-23T18:11:31.105195,BTC,Mean Reversion,paper,long,78130.23,78113.91,78130.23,78130.23,-2.09,-2.1,160,high_vol
,2026-04-23T18:11:31.105872,BTC,Mean Reversion,shadow,long,78167.12,78093.48,78116.92,78167.12,-19.42,-109.4,2365,high_vol
,2026-04-23T18:11:45.247167,ETH,Mean Reversion,paper,long,2318.86,2318.57,2318.86,2318.86,-1.25,-1.3,2871,ranging
,2026-04-23T18:11:45.247837,ETH,Mean Reversion,shadow,long,2320.23,2318.25,2318.94,2320.23,-18.55,-108.5,389,ranging
,2026-04-23T18:11:49.288064,BTC,Mean Reversion,paper,long,78168.69,78155.53,78168.69,78168.69,-1.68,-1.7,3561,trending
,2026-04-23T18:11:49.288731,BTC,Mean Reversion,shadow,long,78214.6,78146.14,78169.6,78214.6,-18.75,-108.8,2691,trending
,2026-04-23T18:12:25.671550,BTC,Mean Reversion,paper,long,78110.13,78114.39,78110.13,78110.13,0.55,0.5,1618,trending
,2026-04-23T18:12:25.672182,BTC,Mean Reversion,shadow,long,78155.15,78081.07,78104.51,78155.15,-19.48,-109.5,3151,trending
,2026-04-23T18:13:04.075920,BTC,Mean Reversion,paper,short,78032.01,78035.75,78032.01,78032.01,-0.48,-0.5,833,high_vol
,2026-04-23T18:13:04.077438,BTC,Mean Reversion,shadow,short,78044.06,78056.61,78033.21,78044.06,-11.61,-101.6,2817,high_vol
,2026-04-23T18:13:06.096988,BTC,Mean Reversion,paper,short,78036.13,78035.65,78036.13,78036.13,0.06,0.1,1287,trending
,2026-04-23T18:13:06.097570,BTC,Mean Reversion,shadow,short,78050.08,78065.82,78042.4,78050.08,-12.02,-102.0,2868,trending
,2026-04-23T18:13:32.366049,BTC,Mean Reversion,paper,short,78038.47,78039.6,78038.47,78038.47,-0.15,-0.1,706,trending
,2026-04-23T18:13:32.366859,BTC,Mean Reversion,shadow,short,78048.71,78063.41,78039.99,78048.71,-11.88,-101.9,1332,trending
,2026-04-23T18:13:48.510774,ETH,Mean Reversion,paper,long,2315.61,2315.37,2315.61,2315.61,-1.05,-1.1,2646,high_vol
,2026-04-23T18:13:48.512430,ETH,Mean Reversion,shadow,long,2317.55,2315.05,2315.74,2317.55,-20.8,-110.8,1098,high_vol
,2026-04-23T18:14:18.030936,ETH,Mean Reversion,paper,long,2315.27,2314.95,2315.27,2315.27,-1.41,-1.4,2642,high_vol
,2026-04-23T18:14:18.031572,ETH,Mean Reversion,shadow,long,2316.97,2314.52,2315.22,2316.97,-20.58,-110.6,1946,high_vol
,2026-04-23T18:14:26.108447,ETH,Mean Reversion,paper,short,2315.27,2315.66,2315.27,2315.27,-1.69,-1.7,1622,low_vol
,2026-04-23T18:14:26.109137,ETH,Mean Reversion,shadow,short,2315.34,2316.25,2315.56,2315.34,-13.94,-103.9,1238,low_vol
,2026-04-23T18:14:30.154730,BTC,Mean Reversion,paper,short,78037.74,78041.55,78037.74,78037.74,-0.49,-0.5,2790,ranging
,2026-04-23T18:14:30.155572,BTC,Mean Reversion,shadow,short,78044.29,78067.59,78044.17,78044.29,-12.98,-103.0,1256,ranging
,2026-04-23T18:14:32.177505,ETH,Mean Reversion,paper,long,2315.66,2315.91,2315.66,2315.66,1.05,1.1,1511,ranging
,2026-04-23T18:14:32.178286,ETH,Mean Reversion,shadow,long,2317.13,2314.78,2315.47,2317.13,-20.14,-110.1,2488,ranging
,2026-04-23T18:14:36.220209,BTC,Mean Reversion,paper,short,78038.7,78043.45,78038.7,78038.7,-0.61,-0.6,3207,high_vol
,2026-04-23T18:14:36.221056,BTC,Mean Reversion,shadow,short,78064.53,78072.85,78049.43,78064.53,-11.07,-101.1,211,high_vol
,2026-04-23T18:14:46.322625,BTC,Mean Reversion,paper,short,78046.03,78059.32,78046.03,78046.03,-1.7,-1.7,1039,high_vol
,2026-04-23T18:14:46.323405,BTC,Mean Reversion,shadow,short,78058.1,78082.06,78058.64,78058.1,-13.07,-103.1,693,high_vol
,2026-04-23T18:15:00.486325,BTC,Mean Reversion,paper,short,77998.89,77999.34,77998.89,77998.89,-0.06,-0.1,2280,trending
,2026-04-23T18:15:00.487102,BTC,Mean Reversion,shadow,short,78005.61,78027.33,78003.93,78005.61,-12.78,-102.8,878,trending
,2026-04-23T18:15:08.573150,ETH,Mean Reversion,paper,long,2315.06,2314.6,2315.06,2315.06,-1.98,-2.0,854,ranging
,2026-04-23T18:15:08.573628,ETH,Mean Reversion,shadow,long,2316.4,2314.25,2314.94,2316.4,-19.3,-109.3,1044,ranging
,2026-04-23T18:15:24.751155,ETH,Mean Reversion,paper,short,2315.4,2315.85,2315.4,2315.4,-1.95,-2.0,1681,high_vol
,2026-04-23T18:15:24.751953,ETH,Mean Reversion,shadow,short,2315.95,2316.34,2315.65,2315.95,-11.69,-101.7,472,high_vol
,2026-04-23T18:15:49.028594,BTC,Mean Reversion,paper,short,78039.38,78047.4,78039.38,78039.38,-1.03,-1.0,377,low_vol
,2026-04-23T18:15:49.029205,BTC,Mean Reversion,shadow,short,78036.7,78061.1,78037.68,78036.7,-13.13,-103.1,633,low_vol
,2026-04-23T18:15:57.120741,ETH,Mean Reversion,paper,short,2315.77,2316.08,2315.77,2315.77,-1.35,-1.3,1262,low_vol
,2026-04-23T18:15:57.121678,ETH,Mean Reversion,shadow,short,2316.3,2316.57,2315.88,2316.3,-11.17,-101.2,2310,low_vol
,2026-04-23T18:16:13.299308,BTC,Mean Reversion,paper,long,78043.94,78020.02,78043.94,78043.94,-3.07,-3.1,2544,trending
,2026-04-23T18:16:13.300771,BTC,Mean Reversion,shadow,long,78078.87,78006.7,78030.11,78078.87,-19.24,-109.2,3063,trending
,2026-04-23T18:16:33.507020,ETH,Mean Reversion,paper,long,2316.7,2316.21,2316.7,2316.7,-2.12,-2.1,2969,ranging
,2026-04-23T18:16:33.508620,ETH,Mean Reversion,shadow,long,2317.51,2315.59,2316.28,2317.51,-18.32,-108.3,2453,ranging
,2026-04-23T18:16:45.622496,ETH,Mean Reversion,paper,long,2316.05,2315.84,2316.05,2316.05,-0.88,-0.9,2657,low_vol
,2026-04-23T18:16:45.622997,ETH,Mean Reversion,shadow,long,2317.72,2315.28,2315.97,2317.72,-20.53,-110.5,3268,low_vol
,2026-04-23T18:16:53.706859,BTC,Mean Reversion,paper,long,78028.39,78030.31,78028.39,78028.39,0.25,0.2,182,ranging
,2026-04-23T18:16:53.707579,BTC,Mean Reversion,shadow,long,78086.74,78016.06,78039.48,78086.74,-19.05,-109.1,3368,ranging
,2026-04-23T18:17:15.930834,ETH,Mean Reversion,paper,short,2317.53,2317.33,2317.53,2317.53,0.86,0.9,1480,ranging
,2026-04-23T18:17:15.931947,ETH,Mean Reversion,shadow,short,2317.11,2317.97,2317.22,2317.11,-13.68,-103.7,2201,ranging
,2026-04-23T18:17:56.363769,BTC,Mean Reversion,paper,short,77998.47,77986.47,77998.47,77998.47,1.54,1.5,2121,low_vol
,2026-04-23T18:17:56.364545,BTC,Mean Reversion,shadow,short,78009.57,78022.49,77999.1,78009.57,-11.66,-101.7,1396,low_vol
,2026-04-23T18:18:00.409389,ETH,Mean Reversion,paper,long,2314.4,2314.41,2314.4,2314.4,0.04,0.0,160,trending
,2026-04-23T18:18:00.410176,ETH,Mean Reversion,shadow,long,2315.65,2313.68,2314.38,2315.65,-18.5,-108.5,691,trending
,2026-04-23T18:18:02.432281,BTC,Mean Reversion,paper,long,77968.64,77990.61,77968.64,77968.64,2.82,2.8,1996,trending
,2026-04-23T18:18:02.433022,BTC,Mean Reversion,shadow,long,78031.49,77957.33,77980.73,78031.49,-19.5,-109.5,1238,trending
,2026-04-23T18:18:06.481967,BTC,Mean Reversion,paper,long,77946.04,77937.08,77946.04,77946.04,-1.15,-1.1,2781,high_vol
,2026-04-23T18:18:06.482785,BTC,Mean Reversion,shadow,long,77974.59,77908.87,77932.24,77974.59,-18.43,-108.4,1661,high_vol
,2026-04-23T18:18:10.528117,BTC,Mean Reversion,paper,long,77914.86,77932.12,77914.86,77914.86,2.22,2.2,3316,low_vol
,2026-04-23T18:18:10.528720,BTC,Mean Reversion,shadow,long,77971.12,77902.17,77925.54,77971.12,-18.84,-108.8,2140,low_vol
,2026-04-23T18:18:16.590526,BTC,Mean Reversion,paper,short,78030.22,78029.04,78030.22,78030.22,0.15,0.2,577,low_vol
,2026-04-23T18:18:16.591348,BTC,Mean Reversion,shadow,short,78032.92,78054.46,78031.05,78032.92,-12.76,-102.8,1465,low_vol
,2026-04-23T18:18:22.655022,BTC,Mean Reversion,paper,short,78016.42,78012.39,78016.42,78016.42,0.52,0.5,1906,trending
,2026-04-23T18:18:22.655815,BTC,Mean Reversion,shadow,short,78015.85,78029.65,78006.24,78015.85,-11.77,-101.8,1380,trending
,2026-04-23T18:18:28.722192,BTC,Mean Reversion,paper,short,77982.46,77989.63,77982.46,77982.46,-0.92,-0.9,974,high_vol
,2026-04-23T18:18:28.722902,BTC,Mean Reversion,shadow,short,77985.41,77998.82,77975.42,77985.41,-11.72,-101.7,1342,high_vol
,2026-04-23T18:18:42.880932,ETH,Mean Reversion,paper,short,2315.47,2314.83,2315.47,2315.47,2.74,2.7,1160,ranging
,2026-04-23T18:18:42.881781,ETH,Mean Reversion,shadow,short,2314.97,2315.72,2315.02,2314.97,-13.22,-103.2,2162,ranging
,2026-04-23T18:19:01.083988,ETH,Mean Reversion,paper,long,2313.15,2313.79,2313.15,2313.15,2.79,2.8,1155,trending
,2026-04-23T18:19:01.084687,ETH,Mean Reversion,shadow,long,2314.74,2312.75,2313.44,2314.74,-18.58,-108.6,3054,trending
,2026-04-23T18:19:29.378880,ETH,Mean Reversion,paper,short,2313.86,2313.44,2313.86,2313.86,1.8,1.8,1915,trending
,2026-04-23T18:19:29.379598,ETH,Mean Reversion,shadow,short,2313.69,2314.57,2313.88,2313.69,-13.8,-103.8,1128,trending
,2026-04-23T18:19:43.529053,BTC,Mean Reversion,paper,short,77962.02,77947.99,77962.02,77962.02,1.8,1.8,689,trending
,2026-04-23T18:19:43.529709,BTC,Mean Reversion,shadow,short,77968.37,77979.11,77955.73,77968.37,-11.38,-101.4,1163,trending
,2026-04-23T18:19:55.657650,ETH,Mean Reversion,paper,long,2313.93,2313.61,2313.93,2313.93,-1.39,-1.4,1666,high_vol
,2026-04-23T18:19:55.658433,ETH,Mean Reversion,shadow,long,2315.51,2312.99,2313.68,2315.51,-20.91,-110.9,2129,high_vol
,2026-04-23T18:20:05.768787,BTC,Mean Reversion,paper,short,77942.74,77938.02,77942.74,77942.74,0.6,0.6,322,low_vol
,2026-04-23T18:20:05.769627,BTC,Mean Reversion,shadow,short,77952.79,77966.26,77942.88,77952.79,-11.73,-101.7,853,low_vol
,2026-04-23T18:20:23.946535,ETH,Mean Reversion,paper,short,2313.35,2313.94,2313.35,2313.35,-2.57,-2.6,3247,ranging
,2026-04-23T18:20:23.947351,ETH,Mean Reversion,shadow,short,2313.98,2314.25,2313.56,2313.98,-11.17,-101.2,1027,ranging
,2026-04-23T18:20:25.968889,ETH,Mean Reversion,paper,short,2313.94,2313.66,2313.94,2313.94,1.2,1.2,707,low_vol
,2026-04-23T18:20:25.970705,ETH,Mean Reversion,shadow,short,2314.0,2314.53,2313.84,2314.0,-12.29,-102.3,3313,low_vol
,2026-04-23T18:20:46.182218,BTC,Mean Reversion,paper,long,77938.95,77954.72,77938.95,77938.95,2.02,2.0,1250,high_vol
,2026-04-23T18:20:46.183034,BTC,Mean Reversion,shadow,long,78005.81,77920.65,77944.03,78005.81,-20.92,-110.9,1457,high_vol
,2026-04-23T18:21:04.378496,BTC,Mean Reversion,paper,long,77970.41,77957.92,77970.41,77970.41,-1.6,-1.6,1096,trending
,2026-04-23T18:21:04.379239,BTC,Mean Reversion,shadow,long,78016.41,77941.61,77964.99,78016.41,-19.59,-109.6,2123,trending
,2026-04-23T18:21:16.506949,BTC,Mean Reversion,paper,short,77941.34,77935.18,77941.34,77941.34,0.79,0.8,61,trending
,2026-04-23T18:21:16.507502,BTC,Mean Reversion,shadow,short,77941.93,77962.82,77939.44,77941.93,-12.68,-102.7,320,trending
,2026-04-23T18:21:50.870041,ETH,Mean Reversion,paper,short,2313.0,2313.53,2313.0,2313.0,-2.28,-2.3,302,low_vol
,2026-04-23T18:21:50.870838,ETH,Mean Reversion,shadow,short,2313.48,2313.88,2313.18,2313.48,-11.73,-101.7,3032,low_vol
,2026-04-23T18:22:29.269934,BTC,Mean Reversion,paper,short,77926.61,77927.88,77926.61,77926.61,-0.16,-0.2,994,low_vol
,2026-04-23T18:22:29.270733,BTC,Mean Reversion,shadow,short,77923.72,77951.27,77927.89,77923.72,-13.54,-103.5,654,low_vol
,2026-04-23T18:22:43.421032,BTC,Mean Reversion,paper,short,77963.84,77963.05,77963.84,77963.84,0.1,0.1,1031,high_vol
,2026-04-23T18:22:43.421739,BTC,Mean Reversion,shadow,short,77966.22,77992.11,77968.71,77966.22,-13.32,-103.3,1220,high_vol
,2026-04-23T18:22:55.554037,ETH,Mean Reversion,paper,long,2312.9,2312.96,2312.9,2312.9,0.27,0.3,762,high_vol
,2026-04-23T18:22:55.554765,ETH,Mean Reversion,shadow,long,2314.86,2312.39,2313.09,2314.86,-20.68,-110.7,1419,high_vol
,2026-04-23T18:24:00.237144,BTC,Mean Reversion,paper,short,77982.26,77953.12,77982.26,77982.26,3.74,3.7,2572,trending
,2026-04-23T18:24:00.237822,BTC,Mean Reversion,shadow,short,77976.98,77991.5,77968.11,77976.98,-11.86,-101.9,2416,trending
,2026-04-23T18:24:04.280601,BTC,Mean Reversion,paper,long,77952.67,77982.1,77952.67,77952.67,3.78,3.8,3475,trending
,2026-04-23T18:24:04.281218,BTC,Mean Reversion,shadow,long,78018.2,77944.71,77968.11,78018.2,-19.42,-109.4,2428,trending
,2026-04-23T18:24:06.302064,ETH,Mean Reversion,paper,short,2313.3,2313.04,2313.3,2313.3,1.12,1.1,1047,low_vol
,2026-04-23T18:24:06.302777,ETH,Mean Reversion,shadow,short,2313.55,2313.86,2313.17,2313.55,-11.34,-101.3,943,low_vol
,2026-04-23T18:24:18.439380,ETH,Mean Reversion,paper,short,2312.55,2312.5,2312.55,2312.55,0.24,0.2,206,ranging
,2026-04-23T18:24:18.440195,ETH,Mean Reversion,shadow,short,2312.58,2313.29,2312.6,2312.58,-13.07,-103.1,133,ranging
,2026-04-23T18:24:20.463854,BTC,Mean Reversion,paper,long,77955.51,77965.78,77955.51,77955.51,1.32,1.3,1795,ranging
,2026-04-23T18:24:20.464675,BTC,Mean Reversion,shadow,long,78000.07,77934.12,77957.51,78000.07,-18.46,-108.5,3384,ranging
,2026-04-23T18:24:50.785178,ETH,Mean Reversion,paper,long,2312.22,2311.88,2312.22,2312.22,-1.47,-1.5,2186,high_vol
,2026-04-23T18:24:50.786016,ETH,Mean Reversion,shadow,long,2313.71,2311.63,2312.32,2313.71,-18.98,-109.0,2114,high_vol
,2026-04-23T18:25:35.259487,BTC,Mean Reversion,paper,long,77886.06,77890.31,77886.06,77886.06,0.55,0.5,477,trending
,2026-04-23T18:25:35.259993,BTC,Mean Reversion,shadow,long,77936.13,77870.34,77893.71,77936.13,-18.44,-108.4,3470,trending
,2026-04-23T18:25:49.405971,ETH,Mean Reversion,paper,short,2310.14,2310.5,2310.14,2310.14,-1.57,-1.6,1111,high_vol
,2026-04-23T18:25:49.406800,ETH,Mean Reversion,shadow,short,2310.62,2311.26,2310.57,2310.62,-12.77,-102.8,3038,high_vol
,2026-04-23T18:26:05.571324,BTC,Mean Reversion,paper,long,77907.51,77891.42,77907.51,77907.51,-2.07,-2.1,3554,low_vol
,2026-04-23T18:26:05.572058,BTC,Mean Reversion,shadow,long,77943.21,77877.37,77900.74,77943.21,-18.45,-108.4,3250,low_vol
,2026-04-23T18:26:07.594107,BTC,Mean Reversion,paper,long,77900.78,77904.26,77900.78,77900.78,0.45,0.4,2381,high_vol
,2026-04-23T18:26:07.594844,BTC,Mean Reversion,shadow,long,77944.05,77880.68,77904.05,77944.05,-18.13,-108.1,1006,high_vol
,2026-04-23T18:26:09.617658,BTC,Mean Reversion,paper,short,77913.17,77890.92,77913.17,77913.17,2.86,2.9,2372,low_vol
,2026-04-23T18:26:09.618494,BTC,Mean Reversion,shadow,short,77890.49,77921.12,77897.75,77890.49,-13.93,-103.9,2324,low_vol
,2026-04-23T18:26:23.771512,ETH,Mean Reversion,paper,short,2310.6,2310.12,2310.6,2310.6,2.09,2.1,1877,trending
,2026-04-23T18:26:23.772220,ETH,Mean Reversion,shadow,short,2310.25,2310.93,2310.23,2310.25,-12.95,-103.0,2587,trending
,2026-04-23T18:26:33.878356,BTC,Mean Reversion,paper,long,77913.83,77938.62,77913.83,77913.83,3.18,3.2,2846,low_vol
,2026-04-23T18:26:33.878958,BTC,Mean Reversion,shadow,long,77979.43,77903.49,77926.86,77979.43,-19.74,-109.7,1214,low_vol
,2026-04-23T18:26:39.945233,BTC,Mean Reversion,paper,long,77906.05,77898.62,77906.05,77906.05,-0.95,-1.0,1156,ranging
,2026-04-23T18:26:39.945966,BTC,Mean Reversion,shadow,long,77971.99,77888.93,77912.3,77971.99,-20.65,-110.7,1763,ranging
,2026-04-23T18:26:46.029661,BTC,Mean Reversion,paper,short,77914.64,77903.32,77914.64,77914.64,1.45,1.5,2319,low_vol
,2026-04-23T18:26:46.030255,BTC,Mean Reversion,shadow,short,77917.7,77932.58,77909.21,77917.7,-11.91,-101.9,3452,low_vol
,2026-04-23T18:26:50.067706,BTC,Mean Reversion,paper,short,77895.3,77907.41,77895.3,77895.3,-1.55,-1.6,1425,low_vol
,2026-04-23T18:26:50.068467,BTC,Mean Reversion,shadow,short,77909.9,77929.48,77906.11,77909.9,-12.51,-102.5,1105,low_vol
,2026-04-23T18:27:00.172219,BTC,Mean Reversion,paper,short,77928.25,77926.28,77928.25,77928.25,0.25,0.3,643,low_vol
,2026-04-23T18:27:00.172911,BTC,Mean Reversion,shadow,short,77929.69,77948.07,77924.7,77929.69,-12.36,-102.4,486,low_vol
,2026-04-23T18:27:16.342125,BTC,Mean Reversion,paper,long,77958.32,77957.15,77958.32,77958.32,-0.15,-0.1,845,low_vol
,2026-04-23T18:27:16.342748,BTC,Mean Reversion,shadow,long,78002.39,77931.83,77955.21,78002.39,-19.05,-109.0,3223,low_vol
,2026-04-23T18:27:18.367210,ETH,Mean Reversion,paper,short,2311.75,2311.32,2311.75,2311.75,1.86,1.9,2713,low_vol
,2026-04-23T18:27:18.368041,ETH,Mean Reversion,shadow,short,2311.3,2312.13,2311.43,2311.3,-13.57,-103.6,1716,low_vol
,2026-04-23T18:27:22.415024,ETH,Mean Reversion,paper,short,2311.69,2311.86,2311.69,2311.69,-0.74,-0.7,3309,trending
,2026-04-23T18:27:22.415811,ETH,Mean Reversion,shadow,short,2311.51,2312.42,2311.72,2311.51,-13.91,-103.9,988,trending
,2026-04-23T18:27:42.641017,ETH,Mean Reversion,paper,long,2310.49,2310.97,2310.49,2310.49,2.05,2.1,3541,low_vol
,2026-04-23T18:27:42.641818,ETH,Mean Reversion,shadow,long,2312.19,2310.0,2310.69,2312.19,-19.48,-109.5,3585,low_vol
,2026-04-23T18:27:46.688095,BTC,Mean Reversion,paper,long,77936.36,77933.0,77936.36,77936.36,-0.43,-0.4,1970,low_vol
,2026-04-23T18:27:46.688879,BTC,Mean Reversion,shadow,long,77991.64,77922.92,77946.3,77991.64,-18.81,-108.8,1585,low_vol
,2026-04-23T18:27:48.711171,BTC,Mean Reversion,paper,short,77942.54,77957.77,77942.54,77942.54,-1.95,-2.0,2466,high_vol
,2026-04-23T18:27:48.711980,BTC,Mean Reversion,shadow,short,77956.45,77969.69,77946.3,77956.45,-11.7,-101.7,2909,high_vol
,2026-04-23T18:27:50.733705,ETH,Mean Reversion,paper,short,2311.38,2310.72,2311.38,2311.38,2.86,2.9,1813,low_vol
,2026-04-23T18:27:50.734425,ETH,Mean Reversion,shadow,short,2311.22,2311.8,2311.11,2311.22,-12.5,-102.5,1572,low_vol
,2026-04-23T18:27:54.773604,ETH,Mean Reversion,paper,long,2310.81,2311.02,2310.81,2310.81,0.91,0.9,316,trending
,2026-04-23T18:27:54.775181,ETH,Mean Reversion,shadow,long,2312.33,2310.41,2311.11,2312.33,-18.28,-108.3,130,trending
,2026-04-23T18:27:58.820143,ETH,Mean Reversion,paper,long,2310.87,2310.36,2310.87,2310.87,-2.21,-2.2,60,ranging
,2026-04-23T18:27:58.820840,ETH,Mean Reversion,shadow,long,2312.46,2309.93,2310.62,2312.46,-20.94,-110.9,2143,ranging
,2026-04-23T18:28:04.890130,BTC,Mean Reversion,paper,short,77919.97,77917.87,77919.97,77919.97,0.27,0.3,791,low_vol
,2026-04-23T18:28:04.891364,BTC,Mean Reversion,shadow,short,77923.53,77950.87,77927.49,77923.53,-13.51,-103.5,1200,low_vol
,2026-04-23T18:28:08.935065,BTC,Mean Reversion,paper,short,77901.62,77905.47,77901.62,77901.62,-0.49,-0.5,1924,high_vol
,2026-04-23T18:28:08.935893,BTC,Mean Reversion,shadow,short,77911.66,77932.58,77909.21,77911.66,-12.68,-102.7,1685,high_vol
,2026-04-23T18:28:12.985084,BTC,Mean Reversion,paper,long,77921.75,77901.68,77921.75,77921.75,-2.58,-2.6,1118,low_vol
,2026-04-23T18:28:12.985763,BTC,Mean Reversion,shadow,long,77960.93,77890.54,77913.91,77960.93,-19.03,-109.0,924,low_vol
,2026-04-23T18:28:21.066863,ETH,Mean Reversion,paper,long,2310.09,2310.22,2310.09,2310.09,0.55,0.5,2253,high_vol
,2026-04-23T18:28:21.067564,ETH,Mean Reversion,shadow,long,2312.1,2309.62,2310.31,2312.1,-20.72,-110.7,60,high_vol
,2026-04-23T18:28:23.086775,BTC,Mean Reversion,paper,long,77922.37,77929.07,77922.37,77922.37,0.86,0.9,1020,trending
,2026-04-23T18:28:23.087602,BTC,Mean Reversion,shadow,long,77987.11,77907.52,77930.89,77987.11,-20.21,-110.2,322,trending
,2026-04-23T18:28:25.111736,ETH,Mean Reversion,paper,short,2310.03,2310.48,2310.03,2310.03,-1.91,-1.9,1920,high_vol
,2026-04-23T18:28:25.112370,ETH,Mean Reversion,shadow,short,2310.73,2311.17,2310.47,2310.73,-11.87,-101.9,1866,high_vol
,2026-04-23T18:28:43.316038,BTC,Mean Reversion,paper,short,77944.2,77939.3,77944.2,77944.2,0.63,0.6,3430,high_vol
,2026-04-23T18:28:43.317651,BTC,Mean Reversion,shadow,short,77943.66,77959.26,77935.88,77943.66,-12.0,-102.0,1214,high_vol
,2026-04-23T18:28:53.425864,BTC,Mean Reversion,paper,long,77936.6,77933.14,77936.6,77936.6,-0.44,-0.4,3235,ranging
,2026-04-23T18:28:53.426704,BTC,Mean Reversion,shadow,long,77975.61,77902.29,77925.67,77975.61,-19.4,-109.4,849,ranging
,2026-04-23T18:29:09.603957,ETH,Mean Reversion,paper,long,2309.72,2309.34,2309.72,2309.72,-1.66,-1.7,1518,ranging
,2026-04-23T18:29:09.604641,ETH,Mean Reversion,shadow,long,2310.84,2308.99,2309.68,2310.84,-18.03,-108.0,1939,ranging
,2026-04-23T18:29:15.670576,BTC,Mean Reversion,paper,long,77933.47,77934.45,77933.47,77933.47,0.12,0.1,2555,low_vol
,2026-04-23T18:29:15.671302,BTC,Mean Reversion,shadow,long,77978.16,77914.36,77937.74,77978.16,-18.18,-108.2,1143,low_vol
,2026-04-23T18:29:58.146059,ETH,Mean Reversion,paper,long,2310.55,2310.64,2310.55,2310.55,0.36,0.4,1548,ranging
,2026-04-23T18:29:58.146821,ETH,Mean Reversion,shadow,long,2312.71,2310.17,2310.86,2312.71,-20.98,-111.0,1792,ranging
,2026-04-23T18:30:08.262703,ETH,Mean Reversion,paper,short,2312.13,2311.95,2312.13,2312.13,0.8,0.8,1346,trending
,2026-04-23T18:30:08.263422,ETH,Mean Reversion,shadow,short,2312.06,2312.46,2311.77,2312.06,-11.73,-101.7,2379,trending
,2026-04-23T18:30:10.287598,BTC,Mean Reversion,paper,short,78014.21,78020.45,78014.21,78014.21,-0.8,-0.8,1056,low_vol
,2026-04-23T18:30:10.288278,BTC,Mean Reversion,shadow,short,78004.01,78029.14,78005.74,78004.01,-13.22,-103.2,3512,low_vol
,2026-04-23T18:30:24.442080,ETH,Mean Reversion,paper,short,2313.91,2313.25,2313.91,2313.91,2.85,2.9,2351,low_vol
,2026-04-23T18:30:24.443578,ETH,Mean Reversion,shadow,short,2314.04,2314.35,2313.65,2314.04,-11.35,-101.3,1803,low_vol
,2026-04-23T18:31:08.837167,BTC,Mean Reversion,paper,short,78059.77,78081.05,78059.77,78059.77,-2.73,-2.7,2398,trending
,2026-04-23T18:31:08.837849,BTC,Mean Reversion,shadow,short,78082.93,78091.05,78067.63,78082.93,-11.04,-101.0,2222,trending
,2026-04-23T18:31:16.906771,ETH,Mean Reversion,paper,long,2314.46,2313.93,2314.46,2314.46,-2.32,-2.3,1436,ranging
,2026-04-23T18:31:16.907599,ETH,Mean Reversion,shadow,long,2316.01,2313.62,2314.31,2316.01,-20.32,-110.3,1854,ranging
,2026-04-23T18:31:24.984763,ETH,Mean Reversion,paper,long,2314.71,2314.53,2314.71,2314.71,-0.79,-0.8,1584,trending
,2026-04-23T18:31:24.985712,ETH,Mean Reversion,shadow,long,2315.82,2313.91,2314.61,2315.82,-18.24,-108.2,470,trending
,2026-04-23T18:31:29.025728,ETH,Mean Reversion,paper,short,2314.39,2314.79,2314.39,2314.39,-1.75,-1.8,2075,high_vol
,2026-04-23T18:31:29.026294,ETH,Mean Reversion,shadow,short,2314.56,2315.4,2314.7,2314.56,-13.63,-103.6,2564,high_vol
,2026-04-23T18:31:49.208718,ETH,Mean Reversion,paper,long,2313.63,2313.66,2313.63,2313.63,0.13,0.1,1956,low_vol
,2026-04-23T18:31:49.209286,ETH,Mean Reversion,shadow,long,2315.26,2313.32,2314.01,2315.26,-18.38,-108.4,3187,low_vol
,2026-04-23T18:32:03.340902,BTC,Mean Reversion,paper,short,78034.48,78009.72,78034.48,78034.48,3.17,3.2,2438,low_vol
,2026-04-23T18:32:03.341653,BTC,Mean Reversion,shadow,short,78028.4,78043.12,78019.71,78028.4,-11.89,-101.9,2168,low_vol
,2026-04-23T18:32:07.380747,BTC,Mean Reversion,paper,long,78037.27,78028.33,78037.27,78037.27,-1.14,-1.1,1615,trending
,2026-04-23T18:32:07.381582,BTC,Mean Reversion,shadow,long,78074.62,78003.91,78027.32,78074.62,-19.06,-109.1,1678,trending
,2026-04-23T18:32:23.531711,BTC,Mean Reversion,paper,long,78035.07,78042.83,78035.07,78035.07,0.99,1.0,907,high_vol
,2026-04-23T18:32:23.532033,BTC,Mean Reversion,shadow,long,78107.34,78023.59,78047.01,78107.34,-20.72,-110.7,1798,high_vol
,2026-04-23T18:32:29.583098,BTC,Mean Reversion,paper,short,78033.12,78013.69,78033.12,78033.12,2.49,2.5,3181,trending
,2026-04-23T18:32:29.583936,BTC,Mean Reversion,shadow,short,78012.9,78041.11,78017.71,78012.9,-13.62,-103.6,2688,trending
,2026-04-23T18:33:07.936404,BTC,Mean Reversion,paper,long,77998.34,78008.38,77998.34,77998.34,1.29,1.3,2563,trending
,2026-04-23T18:33:07.937075,BTC,Mean Reversion,shadow,long,78051.0,77980.58,78003.99,78051.0,-19.02,-109.0,2442,trending
,2026-04-23T18:33:22.053553,ETH,Mean Reversion,paper,long,2313.66,2313.93,2313.66,2313.66,1.17,1.2,1352,trending
,2026-04-23T18:33:22.054046,ETH,Mean Reversion,shadow,long,2315.16,2312.98,2313.68,2315.16,-19.42,-109.4,1987,trending
,2026-04-23T18:33:28.099224,BTC,Mean Reversion,paper,short,78013.66,78017.26,78013.66,78013.66,-0.46,-0.5,617,ranging
,2026-04-23T18:33:28.100045,BTC,Mean Reversion,shadow,short,78033.31,78041.61,78018.21,78033.31,-11.06,-101.1,81,ranging
,2026-04-23T18:33:44.250998,ETH,Mean Reversion,paper,short,2314.09,2313.52,2314.09,2314.09,2.45,2.4,820,high_vol
,2026-04-23T18:33:44.252617,ETH,Mean Reversion,shadow,short,2313.93,2314.54,2313.85,2313.93,-12.65,-102.7,1294,high_vol
,2026-04-23T18:33:52.319406,ETH,Mean Reversion,paper,long,2313.5,2314.24,2313.5,2313.5,3.19,3.2,3237,high_vol
,2026-04-23T18:33:52.320129,ETH,Mean Reversion,shadow,long,2315.0,2313.11,2313.81,2315.0,-18.17,-108.2,2567,high_vol
,2026-04-23T18:33:54.339516,BTC,Mean Reversion,paper,long,78058.63,78040.29,78058.63,78058.63,-2.35,-2.3,347,low_vol
,2026-04-23T18:33:54.340221,BTC,Mean Reversion,shadow,long,78106.16,78027.91,78051.33,78106.16,-20.02,-110.0,2296,low_vol
,2026-04-23T18:34:00.392743,BTC,Mean Reversion,paper,long,78047.3,78034.11,78047.3,78047.3,-1.69,-1.7,119,low_vol
,2026-04-23T18:34:00.393398,BTC,Mean Reversion,shadow,long,78085.27,78021.3,78044.71,78085.27,-18.19,-108.2,1939,low_vol
,2026-04-23T18:34:12.509365,BTC,Mean Reversion,paper,short,78069.07,78087.43,78069.07,78069.07,-2.35,-2.4,383,low_vol
,2026-04-23T18:34:12.509944,BTC,Mean Reversion,shadow,short,78086.96,78105.84,78082.42,78086.96,-12.42,-102.4,600,low_vol
,2026-04-23T18:34:34.711879,ETH,Mean Reversion,paper,long,2313.65,2313.63,2313.65,2313.65,-0.07,-0.1,3113,low_vol
,2026-04-23T18:34:34.712591,ETH,Mean Reversion,shadow,long,2315.18,2313.26,2313.95,2315.18,-18.27,-108.3,678,low_vol
,2026-04-23T18:34:40.758051,BTC,Mean Reversion,paper,long,78037.92,78041.15,78037.92,78037.92,0.41,0.4,1215,ranging
,2026-04-23T18:34:40.758812,BTC,Mean Reversion,shadow,long,78084.56,78009.48,78032.89,78084.56,-19.62,-109.6,1475,ranging
,2026-04-23T18:34:54.888531,BTC,Mean Reversion,paper,long,78029.9,78026.77,78029.9,78029.9,-0.4,-0.4,1192,trending
,2026-04-23T18:34:54.889365,BTC,Mean Reversion,shadow,long,78069.47,78003.08,78026.49,78069.47,-18.5,-108.5,2697,trending
,2026-04-23T18:34:58.923753,BTC,Mean Reversion,paper,long,78013.05,78020.61,78013.05,78013.05,0.97,1.0,2339,high_vol
,2026-04-23T18:34:58.924449,BTC,Mean Reversion,shadow,long,78051.46,77985.0,78008.4,78051.46,-18.51,-108.5,1600,high_vol
,2026-04-23T18:35:00.938740,BTC,Mean Reversion,paper,long,77992.57,77993.14,77992.57,77992.57,0.07,0.1,1326,trending
,2026-04-23T18:35:00.939558,BTC,Mean Reversion,shadow,long,78056.22,77976.16,77999.55,78056.22,-20.26,-110.3,948,trending
,2026-04-23T18:35:13.062590,ETH,Mean Reversion,paper,long,2314.1,2313.64,2314.1,2314.1,-1.98,-2.0,654,trending
,2026-04-23T18:35:13.063264,ETH,Mean Reversion,shadow,long,2315.28,2312.96,2313.65,2315.28,-20.0,-110.0,2326,trending
,2026-04-23T18:35:23.160298,ETH,Mean Reversion,paper,short,2314.25,2314.01,2314.25,2314.25,1.05,1.0,557,ranging
,2026-04-23T18:35:23.161060,ETH,Mean Reversion,shadow,short,2313.84,2314.73,2314.04,2313.84,-13.86,-103.9,1410,ranging
,2026-04-23T18:35:25.176278,ETH,Mean Reversion,paper,short,2313.88,2313.93,2313.88,2313.88,-0.21,-0.2,642,ranging
,2026-04-23T18:35:25.176963,ETH,Mean Reversion,shadow,short,2314.35,2314.64,2313.94,2314.35,-11.26,-101.3,2708,ranging
,2026-04-23T18:35:31.236719,BTC,Mean Reversion,paper,long,78051.69,78028.0,78051.69,78051.69,-3.04,-3.0,2905,ranging
,2026-04-23T18:35:31.237321,BTC,Mean Reversion,shadow,long,78088.81,78015.01,78038.42,78088.81,-19.45,-109.5,3547,ranging
,2026-04-23T18:35:37.291209,ETH,Mean Reversion,paper,long,2313.55,2313.66,2313.55,2313.55,0.46,0.5,3190,high_vol
,2026-04-23T18:35:37.291915,ETH,Mean Reversion,shadow,long,2315.18,2313.17,2313.86,2315.18,-18.71,-108.7,1299,high_vol
,2026-04-23T18:35:47.384787,BTC,Mean Reversion,paper,long,78017.59,78002.36,78017.59,78017.59,-1.95,-2.0,2755,ranging
,2026-04-23T18:35:47.385462,BTC,Mean Reversion,shadow,long,78061.71,77985.0,78008.4,78061.71,-19.83,-109.8,678,ranging
,2026-04-23T18:35:49.402832,BTC,Mean Reversion,paper,short,78006.81,78000.85,78006.81,78006.81,0.76,0.8,3587,trending
,2026-04-23T18:35:49.403500,BTC,Mean Reversion,shadow,short,78015.81,78028.71,78005.3,78015.81,-11.65,-101.7,2933,trending
,2026-04-23T18:36:03.538626,ETH,Mean Reversion,paper,short,2314.17,2314.01,2314.17,2314.17,0.69,0.7,81,trending
,2026-04-23T18:36:03.539458,ETH,Mean Reversion,shadow,short,2314.19,2314.74,2314.05,2314.19,-12.38,-102.4,2020,trending
,2026-04-23T18:36:11.618213,ETH,Mean Reversion,paper,short,2313.87,2314.19,2313.87,2313.87,-1.36,-1.4,299,ranging
,2026-04-23T18:36:11.619050,ETH,Mean Reversion,shadow,short,2314.24,2314.57,2313.88,2314.24,-11.44,-101.4,3006,ranging
,2026-04-23T18:36:15.653390,ETH,Mean Reversion,paper,short,2314.34,2314.3,2314.34,2314.34,0.17,0.2,1214,low_vol
,2026-04-23T18:36:15.654147,ETH,Mean Reversion,shadow,short,2314.18,2314.78,2314.09,2314.18,-12.59,-102.6,1005,low_vol
,2026-04-23T18:36:23.728720,BTC,Mean Reversion,paper,short,78049.31,78045.81,78049.31,78049.31,0.45,0.4,2361,high_vol
,2026-04-23T18:36:23.729511,BTC,Mean Reversion,shadow,short,78049.39,78074.74,78051.33,78049.39,-13.25,-103.2,146,high_vol
,2026-04-23T18:36:31.802883,BTC,Mean Reversion,paper,short,78025.94,78023.72,78025.94,78025.94,0.28,0.3,213,low_vol
,2026-04-23T18:36:31.803628,BTC,Mean Reversion,shadow,short,78045.56,78056.61,78033.21,78045.56,-11.42,-101.4,581,low_vol
,2026-04-23T18:36:35.846288,BTC,Mean Reversion,paper,short,78049.26,78028.21,78049.26,78049.26,2.7,2.7,2687,ranging
,2026-04-23T18:36:35.847092,BTC,Mean Reversion,shadow,short,78053.05,78062.82,78039.4,78053.05,-11.25,-101.3,3041,ranging
,2026-04-23T18:36:43.924246,BTC,Mean Reversion,paper,long,78067.43,78083.73,78067.43,78067.43,2.09,2.1,1547,trending
,2026-04-23T18:36:43.924970,BTC,Mean Reversion,shadow,long,78118.24,78052.51,78075.93,78118.24,-18.41,-108.4,318,trending
,2026-04-23T18:36:54.033161,ETH,Mean Reversion,paper,short,2315.77,2315.07,2315.77,2315.77,3.02,3.0,950,ranging
,2026-04-23T18:36:54.033628,ETH,Mean Reversion,shadow,short,2315.39,2316.18,2315.48,2315.39,-13.4,-103.4,1924,ranging
,2026-04-23T18:37:10.169939,BTC,Mean Reversion,paper,short,78095.42,78109.92,78095.42,78095.42,-1.86,-1.9,1386,low_vol
,2026-04-23T18:37:10.170577,BTC,Mean Reversion,shadow,short,78120.83,78131.01,78107.58,78120.83,-11.3,-101.3,2460,low_vol
,2026-04-23T18:37:14.209507,BTC,Mean Reversion,paper,long,78086.35,78108.76,78086.35,78086.35,2.87,2.9,2874,ranging
,2026-04-23T18:37:14.210192,BTC,Mean Reversion,shadow,long,78144.66,78074.22,78097.64,78144.66,-19.01,-109.0,1993,ranging
,2026-04-23T18:37:24.309262,ETH,Mean Reversion,paper,short,2316.82,2316.44,2316.82,2316.82,1.68,1.7,540,trending
,2026-04-23T18:37:24.309822,ETH,Mean Reversion,shadow,short,2316.47,2317.2,2316.51,2316.47,-13.17,-103.2,3456,trending
,2026-04-23T18:37:30.365306,BTC,Mean Reversion,paper,short,78125.43,78112.06,78125.43,78125.43,1.71,1.7,215,trending
,2026-04-23T18:37:30.366108,BTC,Mean Reversion,shadow,short,78118.68,78137.24,78113.8,78118.68,-12.38,-102.4,1520,trending
,2026-04-23T18:37:34.404021,ETH,Mean Reversion,paper,short,2315.93,2315.98,2315.93,2315.93,-0.22,-0.2,2651,high_vol
,2026-04-23T18:37:34.404726,ETH,Mean Reversion,shadow,short,2315.71,2316.42,2315.72,2315.71,-13.04,-103.0,299,high_vol
,2026-04-23T18:37:54.595448,ETH,Mean Reversion,paper,long,2315.55,2315.8,2315.55,2315.55,1.09,1.1,3580,trending
,2026-04-23T18:37:54.596272,ETH,Mean Reversion,shadow,long,2317.29,2315.26,2315.95,2317.29,-18.76,-108.8,2072,trending
,2026-04-23T18:38:59.219454,BTC,Mean Reversion,paper,short,78095.16,78088.14,78095.16,78095.16,0.9,0.9,3014,high_vol
,2026-04-23T18:38:59.220217,BTC,Mean Reversion,shadow,short,78107.73,78123.5,78100.07,78107.73,-12.02,-102.0,1581,high_vol
,2026-04-23T18:39:17.381496,ETH,Mean Reversion,paper,short,2314.9,2314.75,2314.9,2314.9,0.67,0.7,3255,trending
,2026-04-23T18:39:17.382092,ETH,Mean Reversion,shadow,short,2314.52,2315.41,2314.72,2314.52,-13.83,-103.8,764,trending
,2026-04-23T18:39:53.704947,ETH,Mean Reversion,paper,long,2315.18,2315.03,2315.18,2315.18,-0.68,-0.7,620,ranging
,2026-04-23T18:39:53.705716,ETH,Mean Reversion,shadow,long,2316.92,2314.68,2315.38,2316.92,-19.66,-109.7,2632,ranging
,2026-04-23T18:40:07.836392,ETH,Mean Reversion,paper,short,2315.81,2315.49,2315.81,2315.81,1.36,1.4,1736,high_vol
,2026-04-23T18:40:07.837107,ETH,Mean Reversion,shadow,short,2315.73,2316.56,2315.87,2315.73,-13.6,-103.6,2686,high_vol
,2026-04-23T18:40:11.873684,BTC,Mean Reversion,paper,short,78111.6,78123.53,78111.6,78111.6,-1.53,-1.5,1561,low_vol
,2026-04-23T18:40:11.875409,BTC,Mean Reversion,shadow,short,78125.48,78143.38,78119.95,78125.48,-12.29,-102.3,372,low_vol
,2026-04-23T18:40:13.894248,BTC,Mean Reversion,paper,short,78121.2,78100.31,78121.2,78121.2,2.67,2.7,361,low_vol
,2026-04-23T18:40:13.895009,BTC,Mean Reversion,shadow,short,78104.1,78130.01,78106.58,78104.1,-13.32,-103.3,3495,low_vol
,2026-04-23T18:40:17.935096,ETH,Mean Reversion,paper,short,2315.21,2315.93,2315.21,2315.21,-3.1,-3.1,2189,low_vol
,2026-04-23T18:40:17.935688,ETH,Mean Reversion,shadow,short,2315.4,2316.22,2315.53,2315.4,-13.53,-103.5,821,low_vol
,2026-04-23T18:40:52.227945,BTC,Mean Reversion,paper,short,78048.15,78045.33,78048.15,78048.15,0.36,0.4,2016,low_vol
,2026-04-23T18:40:52.229856,BTC,Mean Reversion,shadow,short,78070.21,78083.92,78060.51,78070.21,-11.76,-101.8,3514,low_vol
,2026-04-23T18:41:16.450935,ETH,Mean Reversion,paper,long,2315.5,2315.88,2315.5,2315.5,1.63,1.6,3495,low_vol
,2026-04-23T18:41:16.451765,ETH,Mean Reversion,shadow,long,2317.41,2314.96,2315.65,2317.41,-20.59,-110.6,1987,low_vol
,2026-04-23T18:41:30.586278,ETH,Mean Reversion,paper,long,2316.1,2316.05,2316.1,2316.1,-0.18,-0.2,3448,trending
,2026-04-23T18:41:30.586967,ETH,Mean Reversion,shadow,long,2317.12,2315.06,2315.75,2317.12,-18.91,-108.9,2981,trending
,2026-04-23T18:41:58.845144,ETH,Mean Reversion,paper,short,2315.36,2315.94,2315.36,2315.36,-2.53,-2.5,2080,high_vol
,2026-04-23T18:41:58.845961,ETH,Mean Reversion,shadow,short,2315.61,2316.42,2315.72,2315.61,-13.5,-103.5,1815,high_vol
,2026-04-23T18:42:23.068562,ETH,Mean Reversion,paper,long,2316.08,2315.54,2316.08,2316.08,-2.29,-2.3,3089,trending
,2026-04-23T18:42:23.068877,ETH,Mean Reversion,shadow,long,2316.94,2315.06,2315.75,2316.94,-18.11,-108.1,2878,trending
,2026-04-23T18:42:35.179252,BTC,Mean Reversion,paper,short,78085.05,78068.92,78085.05,78085.05,2.07,2.1,2037,trending
,2026-04-23T18:42:35.180856,BTC,Mean Reversion,shadow,short,78083.79,78100.68,78077.26,78083.79,-12.16,-102.2,3427,trending
,2026-04-23T18:42:41.240959,ETH,Mean Reversion,paper,long,2314.95,2315.06,2314.95,2314.95,0.45,0.4,2347,high_vol
,2026-04-23T18:42:41.241639,ETH,Mean Reversion,shadow,long,2315.95,2313.93,2314.62,2315.95,-18.74,-108.7,2991,high_vol
,2026-04-23T18:42:53.363843,BTC,Mean Reversion,paper,short,78035.16,78019.5,78035.16,78035.16,2.01,2.0,1230,ranging
,2026-04-23T18:42:53.364523,BTC,Mean Reversion,shadow,short,78020.23,78050.41,78027.01,78020.23,-13.87,-103.9,3134,ranging
,2026-04-23T18:42:59.420700,ETH,Mean Reversion,paper,long,2313.85,2313.25,2313.85,2313.85,-2.56,-2.6,836,low_vol
,2026-04-23T18:42:59.421153,ETH,Mean Reversion,shadow,long,2314.94,2312.71,2313.4,2314.94,-19.65,-109.6,3117,low_vol
,2026-04-23T18:43:09.520452,ETH,Mean Reversion,paper,short,2313.06,2313.49,2313.06,2313.06,-1.88,-1.9,1252,low_vol
,2026-04-23T18:43:09.521216,ETH,Mean Reversion,shadow,short,2313.56,2313.85,2313.16,2313.56,-11.27,-101.3,3453,low_vol
,2026-04-23T18:43:17.594844,ETH,Mean Reversion,paper,long,2313.74,2314.44,2313.74,2313.74,3.05,3.0,3108,trending
,2026-04-23T18:43:17.595640,ETH,Mean Reversion,shadow,long,2315.51,2313.32,2314.02,2315.51,-19.48,-109.5,336,trending
,2026-04-23T18:43:21.637756,ETH,Mean Reversion,paper,short,2314.09,2314.02,2314.09,2314.09,0.3,0.3,2223,ranging
,2026-04-23T18:43:21.638450,ETH,Mean Reversion,shadow,short,2314.8,2315.14,2314.44,2314.8,-11.47,-101.5,2838,ranging
,2026-04-23T18:43:31.731046,BTC,Mean Reversion,paper,short,78105.67,78100.84,78105.67,78105.67,0.62,0.6,1774,ranging
,2026-04-23T18:43:31.732278,BTC,Mean Reversion,shadow,short,78108.47,78126.07,78102.64,78108.47,-12.25,-102.3,3546,ranging
,2026-04-23T18:43:55.951967,BTC,Mean Reversion,paper,short,78097.86,78099.83,78097.86,78097.86,-0.25,-0.3,1009,low_vol
,2026-04-23T18:43:55.952602,BTC,Mean Reversion,shadow,short,78102.46,78112.77,78089.35,78102.46,-11.32,-101.3,1924,low_vol
,2026-04-23T18:44:08.077205,ETH,Mean Reversion,paper,short,2315.11,2315.33,2315.11,2315.11,-0.94,-0.9,3183,low_vol
,2026-04-23T18:44:08.077640,ETH,Mean Reversion,shadow,short,2315.7,2316.08,2315.39,2315.7,-11.63,-101.6,860,low_vol
,2026-04-23T18:44:24.227412,ETH,Mean Reversion,paper,short,2315.59,2315.9,2315.59,2315.59,-1.31,-1.3,2734,trending
,2026-04-23T18:44:24.228101,ETH,Mean Reversion,shadow,short,2315.9,2316.19,2315.5,2315.9,-11.28,-101.3,2639,trending
,2026-04-23T18:44:30.286062,ETH,Mean Reversion,paper,long,2315.9,2316.15,2315.9,2315.9,1.11,1.1,700,low_vol
,2026-04-23T18:44:30.286721,ETH,Mean Reversion,shadow,long,2317.67,2315.35,2316.05,2317.67,-20.02,-110.0,559,low_vol
,2026-04-23T18:44:32.306669,BTC,Mean Reversion,paper,short,78076.58,78080.49,78076.58,78076.58,-0.5,-0.5,266,high_vol
,2026-04-23T18:44:32.307471,BTC,Mean Reversion,shadow,short,78089.0,78112.59,78089.17,78089.0,-13.02,-103.0,2548,high_vol
,2026-04-23T18:44:40.382952,BTC,Mean Reversion,paper,long,78098.37,78073.97,78098.37,78098.37,-3.12,-3.1,2309,ranging
,2026-04-23T18:44:40.384500,BTC,Mean Reversion,shadow,long,78147.73,78062.52,78085.95,78147.73,-20.9,-110.9,575,ranging
,2026-04-23T18:44:50.478229,ETH,Mean Reversion,paper,long,2316.04,2315.29,2316.04,2316.04,-3.21,-3.2,3512,low_vol
,2026-04-23T18:44:50.478699,ETH,Mean Reversion,shadow,long,2317.41,2314.99,2315.68,2317.41,-20.45,-110.4,1674,low_vol
,2026-04-23T18:45:02.592990,ETH,Mean Reversion,paper,short,2314.73,2314.95,2314.73,2314.73,-0.95,-1.0,3122,trending
,2026-04-23T18:45:02.593514,ETH,Mean Reversion,shadow,short,2314.68,2315.44,2314.74,2314.68,-13.27,-103.3,2673,trending
,2026-04-23T18:46:03.174178,ETH,Mean Reversion,paper,short,2313.39,2312.93,2313.39,2313.39,1.99,2.0,2669,trending
,2026-04-23T18:46:03.174967,ETH,Mean Reversion,shadow,short,2313.07,2313.85,2313.16,2313.07,-13.4,-103.4,3065,trending
,2026-04-23T18:46:07.217895,BTC,Mean Reversion,paper,long,78015.87,78012.25,78015.87,78015.87,-0.46,-0.5,3586,high_vol
,2026-04-23T18:46:07.218717,BTC,Mean Reversion,shadow,long,78059.09,77981.89,78005.29,78059.09,-19.89,-109.9,158,high_vol
,2026-04-23T18:46:09.240469,ETH,Mean Reversion,paper,long,2313.45,2313.68,2313.45,2313.45,0.97,1.0,2722,low_vol
,2026-04-23T18:46:09.241291,ETH,Mean Reversion,shadow,long,2314.77,2312.53,2313.23,2314.77,-19.69,-109.7,892,low_vol
,2026-04-23T18:46:13.276664,ETH,Mean Reversion,paper,long,2312.94,2312.92,2312.94,2312.94,-0.05,-0.1,3089,ranging
,2026-04-23T18:46:13.277375,ETH,Mean Reversion,shadow,long,2314.8,2312.49,2313.18,2314.8,-19.97,-110.0,1551,ranging
,2026-04-23T18:46:23.375819,BTC,Mean Reversion,paper,short,77989.12,78007.79,77989.12,77989.12,-2.39,-2.4,1186,trending
,2026-04-23T18:46:23.376611,BTC,Mean Reversion,shadow,short,77998.24,78020.07,77996.67,77998.24,-12.8,-102.8,3215,trending
,2026-04-23T18:46:31.448370,ETH,Mean Reversion,paper,short,2314.22,2313.93,2314.22,2314.22,1.22,1.2,3060,trending
,2026-04-23T18:46:31.449035,ETH,Mean Reversion,shadow,short,2314.05,2314.85,2314.15,2314.05,-13.44,-103.4,76,trending
,2026-04-23T18:46:53.665462,BTC,Mean Reversion,paper,long,78030.98,78031.38,78030.98,78030.98,0.05,0.1,604,low_vol
,2026-04-23T18:46:53.667103,BTC,Mean Reversion,shadow,long,78088.02,78018.32,78041.74,78088.02,-18.93,-108.9,555,low_vol
,2026-04-23T18:47:13.905362,BTC,Mean Reversion,paper,long,78042.16,78033.07,78042.16,78042.16,-1.17,-1.2,127,high_vol
,2026-04-23T18:47:13.906067,BTC,Mean Reversion,shadow,long,78095.6,78023.83,78047.24,78095.6,-19.19,-109.2,1330,high_vol
,2026-04-23T18:47:19.973244,BTC,Mean Reversion,paper,long,78050.91,78033.49,78050.91,78050.91,-2.23,-2.2,2412,high_vol
,2026-04-23T18:47:19.974647,BTC,Mean Reversion,shadow,long,78089.88,78022.86,78046.27,78089.88,-18.58,-108.6,3097,high_vol
,2026-04-23T18:47:30.078763,ETH,Mean Reversion,paper,short,2314.33,2314.25,2314.33,2314.33,0.38,0.4,2339,high_vol
,2026-04-23T18:47:30.080246,ETH,Mean Reversion,shadow,short,2314.35,2314.91,2314.22,2314.35,-12.44,-102.4,85,high_vol
,2026-04-23T18:47:44.227446,ETH,Mean Reversion,paper,short,2313.35,2314.25,2313.35,2313.35,-3.89,-3.9,1799,low_vol
,2026-04-23T18:47:44.228141,ETH,Mean Reversion,shadow,short,2314.01,2314.5,2313.81,2314.01,-12.1,-102.1,1144,low_vol
,2026-04-23T18:47:50.299659,ETH,Mean Reversion,paper,short,2314.25,2313.64,2314.25,2314.25,2.65,2.6,1847,high_vol
,2026-04-23T18:47:50.300494,ETH,Mean Reversion,shadow,short,2314.23,2314.58,2313.89,2314.23,-11.49,-101.5,2319,high_vol
,2026-04-23T18:47:52.325735,BTC,Mean Reversion,paper,short,77990.53,78001.98,77990.53,77990.53,-1.47,-1.5,1949,ranging
,2026-04-23T18:47:52.326541,BTC,Mean Reversion,shadow,short,77998.76,78026.4,78002.99,77998.76,-13.54,-103.5,534,ranging
,2026-04-23T18:48:14.593506,ETH,Mean Reversion,paper,short,2312.33,2312.98,2312.33,2312.33,-2.81,-2.8,343,high_vol
,2026-04-23T18:48:14.594140,ETH,Mean Reversion,shadow,short,2312.69,2313.41,2312.72,2312.69,-13.12,-103.1,978,high_vol
,2026-04-23T18:48:22.680955,BTC,Mean Reversion,paper,long,77972.1,77964.79,77972.1,77972.1,-0.94,-0.9,393,ranging
,2026-04-23T18:48:22.681737,BTC,Mean Reversion,shadow,long,78034.03,77950.92,77974.32,78034.03,-20.65,-110.7,66,ranging
,2026-04-23T18:48:57.070476,ETH,Mean Reversion,paper,long,2313.86,2314.18,2313.86,2313.86,1.36,1.4,2951,low_vol
,2026-04-23T18:48:57.071097,ETH,Mean Reversion,shadow,long,2316.08,2313.56,2314.26,2316.08,-20.89,-110.9,2855,low_vol
,2026-04-23T18:49:09.287754,ETH,Mean Reversion,paper,long,2314.6,2314.08,2314.6,2314.6,-2.24,-2.2,905,ranging
,2026-04-23T18:49:09.294853,ETH,Mean Reversion,shadow,long,2315.97,2313.67,2314.36,2315.97,-19.96,-110.0,3122,ranging
,2026-04-23T18:49:31.488615,BTC,Mean Reversion,paper,short,77924.5,77923.16,77924.5,77924.5,0.17,0.2,1120,low_vol
,2026-04-23T18:49:31.489267,BTC,Mean Reversion,shadow,short,77942.56,77959.39,77936.01,77942.56,-12.16,-102.2,148,low_vol
,2026-04-23T18:50:03.824399,ETH,Mean Reversion,paper,short,2310.92,2310.44,2310.92,2310.92,2.1,2.1,2285,trending
,2026-04-23T18:50:03.825048,ETH,Mean Reversion,shadow,short,2310.65,2311.22,2310.53,2310.65,-12.47,-102.5,2934,trending
,2026-04-23T18:50:05.844439,BTC,Mean Reversion,paper,long,77854.15,77859.73,77854.15,77854.15,0.72,0.7,3198,trending
,2026-04-23T18:50:05.845225,BTC,Mean Reversion,shadow,long,77905.93,77835.73,77859.08,77905.93,-19.01,-109.0,1563,trending
,2026-04-23T18:50:09.890551,BTC,Mean Reversion,paper,short,77829.26,77846.29,77829.26,77829.26,-2.19,-2.2,580,high_vol
,2026-04-23T18:50:09.891373,BTC,Mean Reversion,shadow,short,77836.21,77857.96,77834.61,77836.21,-12.79,-102.8,292,high_vol
,2026-04-23T18:50:15.958856,BTC,Mean Reversion,paper,short,77830.93,77843.19,77830.93,77830.93,-1.58,-1.6,2106,ranging
,2026-04-23T18:50:15.959670,BTC,Mean Reversion,shadow,short,77843.19,77853.05,77829.71,77843.19,-11.27,-101.3,2894,ranging
,2026-04-23T18:50:20.010268,ETH,Mean Reversion,paper,short,2308.78,2309.39,2308.78,2308.78,-2.65,-2.6,1254,ranging
,2026-04-23T18:50:20.010938,ETH,Mean Reversion,shadow,short,2309.12,2309.74,2309.05,2309.12,-12.66,-102.7,1647,ranging
,2026-04-23T18:50:30.126652,BTC,Mean Reversion,paper,short,77827.22,77848.56,77827.22,77827.22,-2.74,-2.7,2153,trending
,2026-04-23T18:50:30.127210,BTC,Mean Reversion,shadow,short,77828.01,77858.16,77834.8,77828.01,-13.87,-103.9,2640,trending
,2026-04-23T18:50:32.152670,BTC,Mean Reversion,paper,long,77827.05,77810.2,77827.05,77827.05,-2.17,-2.2,2220,ranging
,2026-04-23T18:50:32.153299,BTC,Mean Reversion,shadow,long,77872.42,77798.62,77821.96,77872.42,-19.48,-109.5,2479,ranging
,2026-04-23T18:50:42.279581,ETH,Mean Reversion,paper,short,2310.19,2309.86,2310.19,2310.19,1.41,1.4,1918,ranging
,2026-04-23T18:50:42.280410,ETH,Mean Reversion,shadow,short,2310.24,2310.84,2310.14,2310.24,-12.6,-102.6,3276,ranging
,2026-04-23T18:50:48.355399,ETH,Mean Reversion,paper,short,2311.18,2311.04,2311.18,2311.18,0.58,0.6,842,ranging
,2026-04-23T18:50:48.356219,ETH,Mean Reversion,shadow,short,2310.9,2311.53,2310.84,2310.9,-12.73,-102.7,686,ranging
,2026-04-23T18:51:12.641371,ETH,Mean Reversion,paper,short,2309.21,2309.37,2309.21,2309.21,-0.71,-0.7,1966,trending
,2026-04-23T18:51:12.642157,ETH,Mean Reversion,shadow,short,2309.06,2309.83,2309.14,2309.06,-13.33,-103.3,129,trending
,2026-04-23T18:51:20.742923,BTC,Mean Reversion,paper,long,77817.36,77838.24,77817.36,77817.36,2.68,2.7,169,low_vol
,2026-04-23T18:51:20.743611,BTC,Mean Reversion,shadow,long,77884.02,77808.88,77832.23,77884.02,-19.65,-109.6,518,low_vol
,2026-04-23T18:52:07.287124,BTC,Mean Reversion,paper,long,77902.08,77903.63,77902.08,77902.08,0.2,0.2,1691,high_vol
,2026-04-23T18:52:07.287778,BTC,Mean Reversion,shadow,long,77959.53,77892.02,77915.39,77959.53,-18.66,-108.7,471,high_vol
,2026-04-23T18:52:09.309943,BTC,Mean Reversion,paper,short,77932.71,77924.69,77932.71,77932.71,1.03,1.0,3240,low_vol
,2026-04-23T18:52:09.310648,BTC,Mean Reversion,shadow,short,77923.78,77941.77,77918.39,77923.78,-12.31,-102.3,2332,low_vol
,2026-04-23T18:52:11.334060,ETH,Mean Reversion,paper,long,2312.55,2312.35,2312.55,2312.55,-0.87,-0.9,3020,ranging
,2026-04-23T18:52:11.334828,ETH,Mean Reversion,shadow,long,2314.01,2311.98,2312.67,2314.01,-18.77,-108.8,795,ranging
,2026-04-23T18:52:25.510930,BTC,Mean Reversion,paper,long,77913.75,77899.32,77913.75,77913.75,-1.85,-1.9,2626,high_vol
,2026-04-23T18:52:25.511338,BTC,Mean Reversion,shadow,long,77942.9,77875.53,77898.89,77942.9,-18.64,-108.6,1406,high_vol
,2026-04-23T18:52:29.548176,BTC,Mean Reversion,paper,long,77901.09,77908.19,77901.09,77901.09,0.91,0.9,1022,trending
,2026-04-23T18:52:29.548998,BTC,Mean Reversion,shadow,long,77958.09,77876.32,77899.68,77958.09,-20.49,-110.5,3241,trending
,2026-04-23T18:52:41.687825,ETH,Mean Reversion,paper,long,2312.48,2312.72,2312.48,2312.48,1.05,1.0,913,high_vol
,2026-04-23T18:52:41.688643,ETH,Mean Reversion,shadow,long,2314.1,2311.76,2312.45,2314.1,-20.09,-110.1,3198,high_vol
,2026-04-23T18:52:51.806290,ETH,Mean Reversion,paper,long,2313.51,2313.33,2313.51,2313.51,-0.81,-0.8,217,trending
,2026-04-23T18:52:51.807019,ETH,Mean Reversion,shadow,long,2314.82,2312.47,2313.16,2314.82,-20.17,-110.2,3485,trending
,2026-04-23T18:53:14.078306,BTC,Mean Reversion,paper,short,77916.77,77888.4,77916.77,77916.77,3.64,3.6,1730,trending
,2026-04-23T18:53:14.078991,BTC,Mean Reversion,shadow,short,77914.22,77925.81,77902.43,77914.22,-11.49,-101.5,1586,trending
,2026-04-23T18:53:16.100447,ETH,Mean Reversion,paper,short,2312.21,2312.28,2312.21,2312.21,-0.28,-0.3,1559,ranging
,2026-04-23T18:53:16.101283,ETH,Mean Reversion,shadow,short,2311.88,2312.8,2312.11,2311.88,-13.99,-104.0,822,ranging
,2026-04-23T18:53:32.281359,ETH,Mean Reversion,paper,short,2312.2,2311.82,2312.2,2312.2,1.63,1.6,1481,trending
,2026-04-23T18:53:32.282180,ETH,Mean Reversion,shadow,short,2312.37,2312.96,2312.27,2312.37,-12.56,-102.6,692,trending
,2026-04-23T18:53:38.351508,ETH,Mean Reversion,paper,long,2312.44,2312.5,2312.44,2312.44,0.3,0.3,2164,trending
,2026-04-23T18:53:38.352867,ETH,Mean Reversion,shadow,long,2313.89,2311.82,2312.52,2313.89,-18.92,-108.9,1614,trending
,2026-04-23T18:53:48.467130,BTC,Mean Reversion,paper,short,77884.28,77881.87,77884.28,77884.28,0.31,0.3,360,low_vol
,2026-04-23T18:53:48.467809,BTC,Mean Reversion,shadow,short,77897.89,77910.87,77887.51,77897.89,-11.67,-101.7,2602,low_vol
,2026-04-23T18:55:07.377438,BTC,Mean Reversion,paper,long,77854.66,77852.85,77854.66,77854.66,-0.23,-0.2,2535,trending
,2026-04-23T18:55:07.377958,BTC,Mean Reversion,shadow,long,77917.61,77842.4,77865.76,77917.61,-19.65,-109.7,1256,trending
,2026-04-23T19:27:58.157270,BTC,Mean Reversion,paper,long,77839.46,77829.11,77839.46,77839.46,-1.33,-1.3,2474,low_vol
,2026-04-23T19:27:58.158467,BTC,Mean Reversion,shadow,long,77904.04,77819.38,77842.74,77904.04,-20.87,-110.9,3229,low_vol
,2026-04-23T19:28:30.553022,BTC,Mean Reversion,paper,short,77911.64,77908.77,77911.64,77911.64,0.37,0.4,1283,high_vol
,2026-04-23T19:28:30.554524,BTC,Mean Reversion,shadow,short,77896.14,77920.98,77897.61,77896.14,-13.19,-103.2,369,high_vol
,2026-04-23T19:28:36.624648,BTC,Mean Reversion,paper,short,77892.28,77910.07,77892.28,77892.28,-2.28,-2.3,2825,trending
,2026-04-23T19:28:36.625368,BTC,Mean Reversion,shadow,short,77898.24,77924.58,77901.21,77898.24,-13.38,-103.4,3093,trending
,2026-04-23T19:29:21.169094,ETH,Mean Reversion,paper,short,2314.93,2315.32,2314.93,2314.93,-1.66,-1.7,2323,trending
,2026-04-23T19:29:21.170759,ETH,Mean Reversion,shadow,short,2314.78,2315.65,2314.95,2314.78,-13.75,-103.8,154,trending
,2026-04-23T19:29:41.410039,BTC,Mean Reversion,paper,short,77928.96,77908.76,77928.96,77928.96,2.59,2.6,671,trending
,2026-04-23T19:29:41.410456,BTC,Mean Reversion,shadow,short,77909.68,77937.89,77914.52,77909.68,-13.62,-103.6,1599,trending
,2026-04-23T19:29:59.633277,ETH,Mean Reversion,paper,long,2314.59,2314.84,2314.59,2314.59,1.09,1.1,1039,high_vol
,2026-04-23T19:29:59.634107,ETH,Mean Reversion,shadow,long,2316.22,2313.95,2314.64,2316.22,-19.79,-109.8,2756,high_vol
,2026-04-23T19:30:01.658791,BTC,Mean Reversion,paper,short,77869.07,77867.16,77869.07,77869.07,0.25,0.2,343,low_vol
,2026-04-23T19:30:01.659593,BTC,Mean Reversion,shadow,short,77887.9,77902.36,77878.99,77887.9,-11.86,-101.9,1360,low_vol
,2026-04-23T19:30:03.685965,ETH,Mean Reversion,paper,short,2313.47,2314.08,2313.47,2313.47,-2.63,-2.6,1390,low_vol
,2026-04-23T19:30:03.686455,ETH,Mean Reversion,shadow,short,2314.01,2314.4,2313.7,2314.01,-11.68,-101.7,3417,low_vol
,2026-04-23T19:30:11.780173,BTC,Mean Reversion,paper,long,77871.2,77878.15,77871.2,77871.2,0.89,0.9,3094,low_vol
,2026-04-23T19:30:11.782389,BTC,Mean Reversion,shadow,long,77919.46,77843.66,77867.02,77919.46,-19.73,-109.7,2032,low_vol
,2026-04-23T19:30:29.992977,BTC,Mean Reversion,paper,long,77890.85,77899.78,77890.85,77890.85,1.15,1.1,392,low_vol
,2026-04-23T19:30:29.994709,BTC,Mean Reversion,shadow,long,77942.78,77868.79,77892.15,77942.78,-19.49,-109.5,2844,low_vol
,2026-04-23T19:30:42.146008,ETH,Mean Reversion,paper,long,2315.13,2315.11,2315.13,2315.13,-0.07,-0.1,101,ranging
,2026-04-23T19:30:42.146706,ETH,Mean Reversion,shadow,long,2316.13,2314.06,2314.76,2316.13,-18.92,-108.9,3599,ranging
,2026-04-23T19:31:04.406076,ETH,Mean Reversion,paper,long,2315.43,2315.4,2315.43,2315.43,-0.12,-0.1,3483,low_vol
,2026-04-23T19:31:04.406802,ETH,Mean Reversion,shadow,long,2316.67,2314.58,2315.28,2316.67,-19.0,-109.0,675,low_vol
,2026-04-23T19:31:06.430178,BTC,Mean Reversion,paper,long,77924.41,77923.03,77924.41,77924.41,-0.18,-0.2,1127,ranging
,2026-04-23T19:31:06.430673,BTC,Mean Reversion,shadow,long,77961.95,77887.62,77910.99,77961.95,-19.53,-109.5,996,ranging
,2026-04-23T19:31:16.546712,ETH,Mean Reversion,paper,short,2315.01,2315.2,2315.01,2315.01,-0.82,-0.8,1104,high_vol
,2026-04-23T19:31:16.548406,ETH,Mean Reversion,shadow,short,2315.54,2315.82,2315.12,2315.54,-11.22,-101.2,256,high_vol
,2026-04-23T19:31:18.571939,ETH,Mean Reversion,paper,long,2315.09,2314.65,2315.09,2315.09,-1.92,-1.9,2786,low_vol
,2026-04-23T19:31:18.572373,ETH,Mean Reversion,shadow,long,2316.43,2314.1,2314.8,2316.43,-20.05,-110.0,165,low_vol
,2026-04-23T19:31:20.594135,ETH,Mean Reversion,paper,short,2314.19,2314.14,2314.19,2314.19,0.2,0.2,2413,trending
,2026-04-23T19:31:20.594952,ETH,Mean Reversion,shadow,short,2314.07,2314.94,2314.25,2314.07,-13.78,-103.8,323,trending
,2026-04-23T19:31:42.867877,ETH,Mean Reversion,paper,short,2315.22,2315.61,2315.22,2315.22,-1.69,-1.7,2297,trending
,2026-04-23T19:31:42.869353,ETH,Mean Reversion,shadow,short,2315.26,2315.95,2315.26,2315.26,-12.97,-103.0,2993,trending
,2026-04-23T19:31:46.914380,ETH,Mean Reversion,paper,long,2315.03,2315.64,2315.03,2315.03,2.63,2.6,1739,trending
,2026-04-23T19:31:46.914814,ETH,Mean Reversion,shadow,long,2316.81,2314.56,2315.26,2316.81,-19.69,-109.7,1863,trending
,2026-04-23T19:32:40.045595,ETH,Mean Reversion,paper,short,2314.07,2314.89,2314.07,2314.07,-3.52,-3.5,501,ranging
,2026-04-23T19:32:40.046460,ETH,Mean Reversion,shadow,short,2314.34,2315.22,2314.53,2314.34,-13.82,-103.8,3255,ranging
,2026-04-23T19:32:48.153135,ETH,Mean Reversion,paper,short,2313.85,2313.45,2313.85,2313.85,1.71,1.7,2136,high_vol
,2026-04-23T19:32:48.153809,ETH,Mean Reversion,shadow,short,2314.03,2314.54,2313.85,2314.03,-12.22,-102.2,1540,high_vol
,2026-04-23T19:33:26.614435,BTC,Mean Reversion,paper,short,77782.15,77794.27,77782.15,77782.15,-1.56,-1.6,405,ranging
,2026-04-23T19:33:26.615198,BTC,Mean Reversion,shadow,short,77793.96,77818.93,77795.6,77793.96,-13.21,-103.2,2618,ranging
,2026-04-23T19:33:38.763032,BTC,Mean Reversion,paper,long,77779.91,77791.31,77779.91,77779.91,1.47,1.5,1570,ranging
,2026-04-23T19:33:38.763858,BTC,Mean Reversion,shadow,long,77842.92,77766.64,77789.98,77842.92,-19.8,-109.8,88,ranging
,2026-04-23T19:34:03.066264,BTC,Mean Reversion,paper,short,77743.54,77736.7,77743.54,77743.54,0.88,0.9,3376,high_vol
,2026-04-23T19:34:03.066969,BTC,Mean Reversion,shadow,short,77759.68,77770.37,77747.04,77759.68,-11.38,-101.4,521,high_vol
,2026-04-23T19:34:09.154063,BTC,Mean Reversion,paper,short,77735.35,77728.58,77735.35,77735.35,0.87,0.9,2253,high_vol
,2026-04-23T19:34:09.154775,BTC,Mean Reversion,shadow,short,77750.02,77765.23,77741.9,77750.02,-11.96,-102.0,2950,high_vol
,2026-04-23T19:34:13.201237,BTC,Mean Reversion,paper,short,77733.78,77729.49,77733.78,77733.78,0.55,0.6,2258,high_vol
,2026-04-23T19:34:13.202044,BTC,Mean Reversion,shadow,short,77756.39,77764.6,77741.28,77756.39,-11.06,-101.1,268,high_vol
,2026-04-23T19:34:37.487066,ETH,Mean Reversion,paper,long,2311.47,2311.35,2311.47,2311.47,-0.5,-0.5,709,high_vol
,2026-04-23T19:34:37.487828,ETH,Mean Reversion,shadow,long,2312.89,2310.52,2311.21,2312.89,-20.25,-110.2,3335,high_vol
,2026-04-23T19:34:43.560146,BTC,Mean Reversion,paper,long,77733.98,77720.62,77733.98,77733.98,-1.72,-1.7,396,trending
,2026-04-23T19:34:43.564796,BTC,Mean Reversion,shadow,long,77784.29,77702.25,77725.86,77784.29,-20.55,-110.5,195,trending
,2026-04-23T19:35:03.815239,BTC,Mean Reversion,paper,long,77720.97,77729.87,77720.97,77720.97,1.15,1.1,2850,trending
,2026-04-23T19:35:03.816986,BTC,Mean Reversion,shadow,long,77760.42,77696.79,77720.11,77760.42,-18.18,-108.2,1870,trending
,2026-04-23T19:36:34.956057,BTC,Mean Reversion,paper,long,77763.42,77765.36,77763.42,77763.42,0.25,0.2,3044,low_vol
,2026-04-23T19:36:34.956893,BTC,Mean Reversion,shadow,long,77810.73,77738.63,77761.96,77810.73,-19.27,-109.3,1566,low_vol
,2026-04-23T19:36:51.166095,ETH,Mean Reversion,paper,short,2312.3,2312.34,2312.3,2312.3,-0.18,-0.2,1993,ranging
,2026-04-23T19:36:51.167631,ETH,Mean Reversion,shadow,short,2311.97,2312.67,2311.98,2311.97,-13.05,-103.1,532,ranging
,2026-04-23T19:37:01.286016,BTC,Mean Reversion,paper,long,77768.51,77778.7,77768.51,77768.51,1.31,1.3,2224,ranging
,2026-04-23T19:37:01.286835,BTC,Mean Reversion,shadow,long,77829.44,77755.66,77778.99,77829.44,-19.48,-109.5,2447,ranging
,2026-04-23T19:37:17.474816,BTC,Mean Reversion,paper,short,77779.68,77773.86,77779.68,77779.68,0.75,0.7,166,ranging
,2026-04-23T19:37:17.475582,BTC,Mean Reversion,shadow,short,77766.2,77789.95,77766.62,77766.2,-13.06,-103.1,1215,ranging
,2026-04-23T19:37:35.690286,BTC,Mean Reversion,paper,long,77758.7,77764.1,77758.7,77758.7,0.69,0.7,3577,trending
,2026-04-23T19:37:35.690889,BTC,Mean Reversion,shadow,long,77822.39,77745.39,77768.73,77822.39,-19.89,-109.9,2647,trending
,2026-04-23T19:37:47.838011,ETH,Mean Reversion,paper,short,2312.51,2312.21,2312.51,2312.51,1.26,1.3,1773,ranging
,2026-04-23T19:37:47.838558,ETH,Mean Reversion,shadow,short,2312.24,2312.76,2312.07,2312.24,-12.25,-102.3,3192,ranging
,2026-04-23T19:38:02.006688,ETH,Mean Reversion,paper,short,2312.41,2312.07,2312.41,2312.41,1.5,1.5,3293,high_vol
,2026-04-23T19:38:02.007391,ETH,Mean Reversion,shadow,short,2311.99,2312.78,2312.09,2311.99,-13.39,-103.4,1371,high_vol
,2026-04-23T19:38:08.090143,ETH,Mean Reversion,paper,long,2310.89,2311.27,2310.89,2310.89,1.66,1.7,1014,high_vol
,2026-04-23T19:38:08.090916,ETH,Mean Reversion,shadow,long,2312.79,2310.26,2310.95,2312.79,-20.94,-110.9,691,high_vol
,2026-04-23T19:38:40.465364,BTC,Mean Reversion,paper,long,77741.15,77728.54,77741.15,77741.15,-1.62,-1.6,745,low_vol
,2026-04-23T19:38:40.466075,BTC,Mean Reversion,shadow,long,77786.47,77718.39,77741.71,77786.47,-18.75,-108.8,252,low_vol
,2026-04-23T19:38:52.608035,ETH,Mean Reversion,paper,long,2312.8,2313.04,2312.8,2312.8,1.02,1.0,2486,high_vol
,2026-04-23T19:38:52.608733,ETH,Mean Reversion,shadow,long,2314.65,2312.19,2312.88,2314.65,-20.64,-110.6,562,high_vol
,2026-04-23T19:38:54.635761,ETH,Mean Reversion,paper,long,2313.33,2313.42,2313.33,2313.33,0.4,0.4,1957,high_vol
,2026-04-23T19:38:54.636588,ETH,Mean Reversion,shadow,long,2314.28,2312.33,2313.02,2314.28,-18.45,-108.5,249,high_vol
,2026-04-23T19:38:56.661520,ETH,Mean Reversion,paper,long,2312.32,2312.49,2312.32,2312.32,0.74,0.7,741,low_vol
,2026-04-23T19:38:56.662331,ETH,Mean Reversion,shadow,long,2314.06,2311.89,2312.58,2314.06,-19.41,-109.4,1298,low_vol
,2026-04-23T19:39:04.757760,ETH,Mean Reversion,paper,long,2312.6,2312.92,2312.6,2312.6,1.39,1.4,3313,trending
,2026-04-23T19:39:04.758532,ETH,Mean Reversion,shadow,long,2314.3,2312.31,2313.01,2314.3,-18.61,-108.6,2873,trending
,2026-04-23T19:39:08.809152,ETH,Mean Reversion,paper,short,2312.78,2313.03,2312.78,2312.78,-1.07,-1.1,898,ranging
,2026-04-23T19:39:08.810350,ETH,Mean Reversion,shadow,short,2313.16,2313.79,2313.1,2313.16,-12.73,-102.7,1407,ranging
,2026-04-23T19:39:12.858060,BTC,Mean Reversion,paper,long,77774.77,77771.7,77774.77,77774.77,-0.39,-0.4,976,low_vol
,2026-04-23T19:39:12.858866,BTC,Mean Reversion,shadow,long,77837.3,77754.89,77778.23,77837.3,-20.59,-110.6,2558,low_vol
,2026-04-23T19:39:27.029730,ETH,Mean Reversion,paper,short,2312.21,2312.36,2312.21,2312.21,-0.62,-0.6,1502,trending
,2026-04-23T19:39:27.030528,ETH,Mean Reversion,shadow,short,2312.32,2312.62,2311.93,2312.32,-11.31,-101.3,3340,trending
,2026-04-23T19:39:49.304817,BTC,Mean Reversion,paper,long,77787.77,77768.26,77787.77,77787.77,-2.51,-2.5,1270,low_vol
,2026-04-23T19:39:49.305639,BTC,Mean Reversion,shadow,long,77816.21,77750.42,77773.76,77816.21,-18.45,-108.5,71,low_vol
,2026-04-23T19:40:01.457979,BTC,Mean Reversion,paper,long,77713.97,77737.54,77713.97,77713.97,3.03,3.0,1825,high_vol
,2026-04-23T19:40:01.458648,BTC,Mean Reversion,shadow,long,77772.1,77702.98,77726.29,77772.1,-18.89,-108.9,133,high_vol
,2026-04-23T19:40:05.508005,ETH,Mean Reversion,paper,short,2311.86,2311.63,2311.86,2311.86,1.0,1.0,416,trending
,2026-04-23T19:40:05.508846,ETH,Mean Reversion,shadow,short,2311.73,2312.1,2311.4,2311.73,-11.58,-101.6,565,trending
,2026-04-23T19:40:33.850473,BTC,Mean Reversion,paper,long,77698.41,77701.93,77698.41,77698.41,0.45,0.5,1906,high_vol
,2026-04-23T19:40:33.851185,BTC,Mean Reversion,shadow,long,77770.14,77690.48,77713.79,77770.14,-20.24,-110.2,412,high_vol
,2026-04-23T19:40:43.974596,ETH,Mean Reversion,paper,long,2311.67,2311.87,2311.67,2311.67,0.89,0.9,1759,low_vol
,2026-04-23T19:40:43.975400,ETH,Mean Reversion,shadow,long,2313.6,2311.31,2312.01,2313.6,-19.89,-109.9,1516,low_vol
,2026-04-23T19:41:02.207925,BTC,Mean Reversion,paper,long,77742.74,77749.61,77742.74,77742.74,0.88,0.9,1183,high_vol
,2026-04-23T19:41:02.208749,BTC,Mean Reversion,shadow,long,77787.51,77717.41,77740.74,77787.51,-19.01,-109.0,1557,high_vol
,2026-04-23T19:41:08.283526,ETH,Mean Reversion,paper,long,2313.58,2313.58,2313.58,2313.58,0.03,0.0,308,low_vol
,2026-04-23T19:41:08.284331,ETH,Mean Reversion,shadow,long,2314.99,2312.61,2313.31,2314.99,-20.27,-110.3,943,low_vol
,2026-04-23T19:41:42.691219,BTC,Mean Reversion,paper,long,77690.49,77686.11,77690.49,77690.49,-0.56,-0.6,2205,low_vol
,2026-04-23T19:41:42.692601,BTC,Mean Reversion,shadow,long,77751.05,77675.09,77698.39,77751.05,-19.77,-109.8,1192,low_vol
,2026-04-23T19:41:44.719388,BTC,Mean Reversion,paper,short,77718.6,77689.3,77718.6,77718.6,3.77,3.8,2033,low_vol
,2026-04-23T19:41:44.720156,BTC,Mean Reversion,shadow,short,77712.06,77727.91,77704.6,77712.06,-12.04,-102.0,1812,low_vol
,2026-04-23T19:41:46.745823,BTC,Mean Reversion,paper,short,77715.22,77716.25,77715.22,77715.22,-0.13,-0.1,1513,ranging
,2026-04-23T19:41:46.746637,BTC,Mean Reversion,shadow,short,77701.03,77727.91,77704.6,77701.03,-13.46,-103.5,2536,ranging
,2026-04-23T19:41:50.794301,ETH,Mean Reversion,paper,short,2311.9,2312.07,2311.9,2311.9,-0.73,-0.7,2245,high_vol
,2026-04-23T19:41:50.794959,ETH,Mean Reversion,shadow,short,2311.92,2312.44,2311.74,2311.92,-12.25,-102.3,3592,high_vol
,2026-04-23T19:42:00.909470,ETH,Mean Reversion,paper,long,2311.76,2311.79,2311.76,2311.76,0.11,0.1,3083,trending
,2026-04-23T19:42:00.910138,ETH,Mean Reversion,shadow,long,2313.47,2311.32,2312.02,2313.47,-19.27,-109.3,3441,trending
,2026-04-23T19:42:04.953616,ETH,Mean Reversion,paper,short,2312.1,2312.37,2312.1,2312.1,-1.17,-1.2,1110,low_vol
,2026-04-23T19:42:04.954426,ETH,Mean Reversion,shadow,short,2312.26,2313.06,2312.36,2312.26,-13.46,-103.5,2281,low_vol
,2026-04-23T19:42:19.129165,BTC,Mean Reversion,paper,short,77699.17,77689.93,77699.17,77699.17,1.19,1.2,1985,trending
,2026-04-23T19:42:19.130214,BTC,Mean Reversion,shadow,short,77682.14,77710.07,77686.76,77682.14,-13.6,-103.6,1144,trending
,2026-04-23T19:42:31.290038,ETH,Mean Reversion,paper,short,2312.23,2312.1,2312.23,2312.23,0.54,0.5,2144,trending
,2026-04-23T19:42:31.290753,ETH,Mean Reversion,shadow,short,2311.7,2312.6,2311.9,2311.7,-13.91,-103.9,1411,trending
,2026-04-23T19:42:37.371784,ETH,Mean Reversion,paper,short,2312.52,2312.21,2312.52,2312.52,1.32,1.3,903,ranging
,2026-04-23T19:42:37.372564,ETH,Mean Reversion,shadow,short,2311.91,2312.79,2312.1,2311.91,-13.8,-103.8,1744,ranging
,2026-04-23T19:42:39.402856,BTC,Mean Reversion,paper,short,77728.21,77718.58,77728.21,77728.21,1.24,1.2,2323,trending
,2026-04-23T19:42:39.403621,BTC,Mean Reversion,shadow,short,77729.48,77748.01,77724.7,77729.48,-12.38,-102.4,115,trending
,2026-04-23T19:42:55.643280,ETH,Mean Reversion,paper,long,2312.91,2312.64,2312.91,2312.91,-1.17,-1.2,1103,high_vol
,2026-04-23T19:42:55.644166,ETH,Mean Reversion,shadow,long,2313.96,2311.91,2312.61,2313.96,-18.84,-108.8,965,high_vol
,2026-04-23T19:42:59.698939,BTC,Mean Reversion,paper,long,77736.99,77735.29,77736.99,77736.99,-0.22,-0.2,1530,high_vol
,2026-04-23T19:42:59.699984,BTC,Mean Reversion,shadow,long,77785.77,77714.63,77737.96,77785.77,-19.14,-109.1,815,high_vol
,2026-04-23T19:43:03.757689,BTC,Mean Reversion,paper,short,77748.35,77750.64,77748.35,77748.35,-0.29,-0.3,1585,low_vol
,2026-04-23T19:43:03.758298,BTC,Mean Reversion,shadow,short,77746.44,77768.22,77744.89,77746.44,-12.8,-102.8,538,low_vol
,2026-04-23T19:43:15.931458,ETH,Mean Reversion,paper,short,2311.72,2311.9,2311.72,2311.72,-0.75,-0.8,1798,ranging
,2026-04-23T19:43:15.932161,ETH,Mean Reversion,shadow,short,2312.19,2312.63,2311.93,2312.19,-11.89,-101.9,1777,ranging
,2026-04-23T19:43:19.975419,BTC,Mean Reversion,paper,long,77708.38,77699.87,77708.38,77708.38,-1.1,-1.1,1291,ranging
,2026-04-23T19:43:19.976205,BTC,Mean Reversion,shadow,long,77771.73,77690.64,77713.96,77771.73,-20.43,-110.4,2197,ranging
,2026-04-23T19:43:38.220190,ETH,Mean Reversion,paper,short,2311.8,2311.51,2311.8,2311.8,1.24,1.2,3367,low_vol
,2026-04-23T19:43:38.221590,ETH,Mean Reversion,shadow,short,2311.81,2312.58,2311.89,2311.81,-13.31,-103.3,2148,low_vol
,2026-04-23T19:44:18.788353,ETH,Mean Reversion,paper,long,2311.96,2312.2,2311.96,2311.96,1.04,1.0,3593,ranging
,2026-04-23T19:44:18.789205,ETH,Mean Reversion,shadow,long,2313.46,2311.35,2312.05,2313.46,-19.11,-109.1,299,ranging
,2026-04-23T19:44:24.860552,ETH,Mean Reversion,paper,short,2312.24,2311.47,2312.24,2312.24,3.34,3.3,2656,trending
,2026-04-23T19:44:24.861382,ETH,Mean Reversion,shadow,short,2312.11,2312.61,2311.92,2312.11,-12.19,-102.2,799,trending
,2026-04-23T19:44:41.092182,ETH,Mean Reversion,paper,long,2310.92,2311.57,2310.92,2310.92,2.81,2.8,1756,high_vol
,2026-04-23T19:44:41.092989,ETH,Mean Reversion,shadow,long,2312.81,2310.53,2311.23,2312.81,-19.85,-109.9,654,high_vol
,2026-04-23T19:44:43.129754,ETH,Mean Reversion,paper,long,2311.26,2311.53,2311.26,2311.26,1.16,1.2,1575,trending
,2026-04-23T19:44:43.130421,ETH,Mean Reversion,shadow,long,2312.95,2310.65,2311.35,2312.95,-19.94,-109.9,83,trending
,2026-04-23T19:44:47.175226,ETH,Mean Reversion,paper,long,2311.69,2311.51,2311.69,2311.69,-0.77,-0.8,1611,trending
,2026-04-23T19:44:47.175873,ETH,Mean Reversion,shadow,long,2313.06,2310.85,2311.55,2313.06,-19.54,-109.5,659,trending
,2026-04-23T19:45:15.578430,ETH,Mean Reversion,paper,short,2313.07,2312.56,2313.07,2313.07,2.21,2.2,2219,trending
,2026-04-23T19:45:15.580046,ETH,Mean Reversion,shadow,short,2312.61,2313.51,2312.82,2312.61,-13.9,-103.9,1213,trending
,2026-04-23T19:45:17.606446,BTC,Mean Reversion,paper,short,77730.52,77719.19,77730.52,77730.52,1.46,1.5,1946,high_vol
,2026-04-23T19:45:17.607118,BTC,Mean Reversion,shadow,short,77725.46,77740.31,77716.99,77725.46,-11.91,-101.9,3311,high_vol
,2026-04-23T19:45:21.664756,BTC,Mean Reversion,paper,short,77728.51,77720.93,77728.51,77728.51,0.97,1.0,1104,ranging
,2026-04-23T19:45:21.665482,BTC,Mean Reversion,shadow,short,77727.9,77749.61,77726.29,77727.9,-12.79,-102.8,2911,ranging
,2026-04-23T19:45:37.889825,ETH,Mean Reversion,paper,long,2312.11,2312.85,2312.11,2312.11,3.19,3.2,2789,ranging
,2026-04-23T19:45:37.890484,ETH,Mean Reversion,shadow,long,2313.83,2311.71,2312.4,2313.83,-19.16,-109.2,1792,ranging
,2026-04-23T19:46:02.234113,ETH,Mean Reversion,paper,short,2313.0,2312.49,2313.0,2313.0,2.2,2.2,1293,high_vol
,2026-04-23T19:46:02.234872,ETH,Mean Reversion,shadow,short,2313.15,2313.52,2312.82,2313.15,-11.58,-101.6,3314,high_vol
,2026-04-23T19:46:12.372077,ETH,Mean Reversion,paper,short,2313.42,2312.82,2313.42,2313.42,2.59,2.6,1503,high_vol
,2026-04-23T19:46:12.372810,ETH,Mean Reversion,shadow,short,2313.04,2313.82,2313.12,2313.04,-13.37,-103.4,2246,high_vol
,2026-04-23T19:46:44.841788,BTC,Mean Reversion,paper,long,77729.99,77748.58,77729.99,77729.99,2.39,2.4,2223,ranging
,2026-04-23T19:46:44.843491,BTC,Mean Reversion,shadow,long,77789.52,77716.0,77739.33,77789.52,-19.45,-109.5,1388,ranging
,2026-04-23T19:46:54.982821,BTC,Mean Reversion,paper,short,77718.43,77708.3,77718.43,77718.43,1.3,1.3,589,low_vol
,2026-04-23T19:46:54.983545,BTC,Mean Reversion,shadow,short,77705.67,77731.96,77708.64,77705.67,-13.38,-103.4,3291,low_vol
,2026-04-23T19:47:07.150953,ETH,Mean Reversion,paper,short,2313.25,2313.47,2313.25,2313.25,-0.97,-1.0,320,ranging
,2026-04-23T19:47:07.151623,ETH,Mean Reversion,shadow,short,2313.58,2313.99,2313.3,2313.58,-11.76,-101.8,2135,ranging
,2026-04-23T19:47:17.275086,BTC,Mean Reversion,paper,long,77722.17,77717.49,77722.17,77722.17,-0.6,-0.6,364,high_vol
,2026-04-23T19:47:17.275888,BTC,Mean Reversion,shadow,long,77779.27,77707.67,77730.99,77779.27,-19.21,-109.2,2188,high_vol
,2026-04-23T19:47:25.393267,ETH,Mean Reversion,paper,long,2313.55,2313.8,2313.55,2313.55,1.06,1.1,1085,high_vol
,2026-04-23T19:47:25.394100,ETH,Mean Reversion,shadow,long,2315.37,2313.13,2313.82,2315.37,-19.68,-109.7,3349,high_vol
,2026-04-23T19:47:29.475153,BTC,Mean Reversion,paper,long,77733.15,77742.45,77733.15,77733.15,1.2,1.2,1160,ranging
,2026-04-23T19:47:29.475755,BTC,Mean Reversion,shadow,long,77788.41,77706.5,77729.82,77788.41,-20.53,-110.5,3114,ranging
,2026-04-23T19:47:40.016266,BTC,Mean Reversion,paper,long,77723.19,77710.9,77723.19,77723.19,-1.58,-1.6,178,low_vol
,2026-04-23T19:47:40.017848,BTC,Mean Reversion,shadow,long,77776.04,77699.89,77723.21,77776.04,-19.79,-109.8,948,low_vol
,2026-04-23T19:47:42.049311,ETH,Mean Reversion,paper,short,2313.86,2313.58,2313.86,2313.86,1.24,1.2,2668,high_vol
,2026-04-23T19:47:42.050039,ETH,Mean Reversion,shadow,short,2313.68,2314.14,2313.44,2313.68,-11.96,-102.0,3053,high_vol
,2026-04-23T19:48:04.359117,BTC,Mean Reversion,paper,long,77727.36,77724.13,77727.36,77727.36,-0.41,-0.4,2597,high_vol
,2026-04-23T19:48:04.359926,BTC,Mean Reversion,shadow,long,77767.42,77695.27,77718.58,77767.42,-19.28,-109.3,2061,high_vol
,2026-04-23T19:48:08.420240,BTC,Mean Reversion,paper,short,77703.79,77726.85,77703.79,77703.79,-2.97,-3.0,3562,low_vol
,2026-04-23T19:48:08.421054,BTC,Mean Reversion,shadow,short,77720.36,77741.9,77718.58,77720.36,-12.77,-102.8,471,low_vol
,2026-04-23T19:53:55.418584,BTC,Mean Reversion,paper,long,77712.07,77707.41,77712.07,77712.07,-0.6,-0.6,2764,trending
,2026-04-23T19:53:55.420267,BTC,Mean Reversion,shadow,long,77767.46,77698.95,77722.26,77767.46,-18.81,-108.8,118,trending
,2026-04-23T19:53:57.443519,BTC,Mean Reversion,paper,long,77718.98,77707.26,77718.98,77718.98,-1.51,-1.5,3203,ranging
,2026-04-23T19:53:57.444074,BTC,Mean Reversion,shadow,long,77770.03,77698.95,77722.26,77770.03,-19.14,-109.1,1889,ranging
,2026-04-23T19:54:03.535544,ETH,Mean Reversion,paper,long,2314.28,2314.6,2314.28,2314.28,1.4,1.4,3514,trending
,2026-04-23T19:54:03.536326,ETH,Mean Reversion,shadow,long,2315.72,2313.67,2314.36,2315.72,-18.87,-108.9,2743,trending
,2026-04-23T19:54:13.671476,BTC,Mean Reversion,paper,short,77723.15,77726.64,77723.15,77723.15,-0.45,-0.4,632,ranging
,2026-04-23T19:54:13.672254,BTC,Mean Reversion,shadow,short,77724.85,77745.58,77722.26,77724.85,-12.67,-102.7,668,ranging
,2026-04-23T20:09:53.140646,ETH,Mean Reversion,paper,long,2317.11,2317.23,2317.11,2317.11,0.54,0.5,2734,low_vol
,2026-04-23T20:09:53.142351,ETH,Mean Reversion,shadow,long,2318.72,2316.48,2317.18,2318.72,-19.62,-109.6,932,low_vol
,2026-04-23T20:18:12.025933,BTC,Mean Reversion,paper,long,77771.06,77759.73,77771.06,77771.06,-1.46,-1.5,446,high_vol
,2026-04-23T20:18:12.027451,BTC,Mean Reversion,shadow,long,77814.33,77751.66,77774.99,77814.33,-18.05,-108.1,222,high_vol
,2026-04-23T20:18:26.226148,ETH,Mean Reversion,paper,long,2317.12,2317.47,2317.12,2317.12,1.5,1.5,1586,low_vol
,2026-04-23T20:18:26.226879,ETH,Mean Reversion,shadow,long,2318.46,2316.48,2317.18,2318.46,-18.5,-108.5,648,low_vol
,2026-04-23T20:47:00.866911,BTC,Mean Reversion,paper,short,77981.73,77995.2,77981.73,77981.73,-1.73,-1.7,1038,ranging
,2026-04-23T20:47:00.867814,BTC,Mean Reversion,shadow,short,77983.97,78013.2,77989.8,77983.97,-13.75,-103.7,1990,ranging
,2026-04-23T20:47:15.034197,ETH,Mean Reversion,paper,long,2328.08,2328.41,2328.08,2328.08,1.41,1.4,763,low_vol
,2026-04-23T20:47:15.034996,ETH,Mean Reversion,shadow,long,2329.64,2327.53,2328.22,2329.64,-19.08,-109.1,2637,low_vol
,2026-04-23T20:47:21.107038,BTC,Mean Reversion,paper,long,77963.66,77951.59,77963.66,77963.66,-1.55,-1.5,585,ranging
,2026-04-23T20:47:21.107901,BTC,Mean Reversion,shadow,long,78007.98,77941.82,77965.21,78007.98,-18.48,-108.5,607,ranging
,2026-04-23T20:47:49.458029,BTC,Mean Reversion,paper,short,77953.69,77946.46,77953.69,77953.69,0.93,0.9,3177,high_vol
,2026-04-23T20:47:49.458807,BTC,Mean Reversion,shadow,short,77950.0,77979.09,77955.71,77950.0,-13.73,-103.7,1020,high_vol
,2026-04-23T20:48:19.834425,ETH,Mean Reversion,paper,long,2328.28,2328.72,2328.28,2328.28,1.86,1.9,78,low_vol
,2026-04-23T20:48:19.835392,ETH,Mean Reversion,shadow,long,2329.85,2327.69,2328.39,2329.85,-19.28,-109.3,351,low_vol
,2026-04-23T20:48:27.929390,ETH,Mean Reversion,paper,short,2328.48,2328.21,2328.48,2328.48,1.15,1.2,171,trending
,2026-04-23T20:48:27.930230,ETH,Mean Reversion,shadow,short,2328.66,2328.99,2328.3,2328.66,-11.44,-101.4,2227,trending
,2026-04-23T20:52:58.797076,BTC,Mean Reversion,paper,long,77951.24,77953.5,77951.24,77951.24,0.29,0.3,1463,ranging
,2026-04-23T20:52:58.797898,BTC,Mean Reversion,shadow,long,77980.46,77915.76,77939.14,77980.46,-18.3,-108.3,3108,ranging
,2026-04-23T20:53:25.126984,ETH,Mean Reversion,paper,short,2324.73,2324.12,2324.73,2324.73,2.63,2.6,2345,trending
,2026-04-23T20:53:25.127813,ETH,Mean Reversion,shadow,short,2324.55,2325.07,2324.37,2324.55,-12.23,-102.2,476,trending
,2026-04-23T20:53:27.154381,BTC,Mean Reversion,paper,short,77901.05,77903.7,77901.05,77901.05,-0.34,-0.3,630,trending
,2026-04-23T20:53:27.155107,BTC,Mean Reversion,shadow,short,77902.5,77931.74,77908.36,77902.5,-13.75,-103.8,3468,trending
,2026-04-23T20:53:47.401989,ETH,Mean Reversion,paper,short,2324.29,2324.01,2324.29,2324.29,1.19,1.2,2894,ranging
,2026-04-23T20:53:47.402716,ETH,Mean Reversion,shadow,short,2324.28,2325.12,2324.43,2324.28,-13.64,-103.6,3523,ranging
,2026-04-23T20:53:51.450131,BTC,Mean Reversion,paper,long,77882.19,77905.46,77882.19,77882.19,2.99,3.0,478,low_vol
,2026-04-23T20:53:51.450952,BTC,Mean Reversion,shadow,long,77958.04,77873.44,77896.8,77958.04,-20.85,-110.9,863,low_vol
,2026-04-23T20:54:23.817280,ETH,Mean Reversion,paper,short,2324.67,2324.32,2324.67,2324.67,1.55,1.5,1446,low_vol
,2026-04-23T20:54:23.817914,ETH,Mean Reversion,shadow,short,2324.58,2325.46,2324.77,2324.58,-13.82,-103.8,3338,low_vol
,2026-04-23T20:54:27.869459,ETH,Mean Reversion,paper,short,2324.4,2324.03,2324.4,2324.4,1.61,1.6,1696,high_vol
,2026-04-23T20:54:27.869794,ETH,Mean Reversion,shadow,short,2324.9,2325.13,2324.44,2324.9,-11.02,-101.0,3451,high_vol
,2026-04-23T20:54:44.000082,BTC,Mean Reversion,paper,long,77899.51,77893.95,77899.51,77899.51,-0.71,-0.7,1232,trending
,2026-04-23T20:54:44.000914,BTC,Mean Reversion,shadow,long,77968.01,77885.86,77909.24,77968.01,-20.54,-110.5,956,trending
,2026-04-23T20:54:48.044033,BTC,Mean Reversion,paper,long,77913.14,77903.98,77913.14,77913.14,-1.18,-1.2,75,trending
,2026-04-23T20:54:48.044627,BTC,Mean Reversion,shadow,long,77951.11,77885.86,77909.24,77951.11,-18.37,-108.4,1102,trending
,2026-04-23T20:54:58.146240,ETH,Mean Reversion,paper,short,2324.05,2324.13,2324.05,2324.05,-0.35,-0.3,2023,ranging
,2026-04-23T20:54:58.147004,ETH,Mean Reversion,shadow,short,2324.65,2325.17,2324.47,2324.65,-12.24,-102.2,1736,ranging
,2026-04-23T20:55:02.186587,ETH,Mean Reversion,paper,long,2322.52,2323.15,2322.52,2322.52,2.73,2.7,483,ranging
,2026-04-23T20:55:02.187090,ETH,Mean Reversion,shadow,long,2324.31,2322.17,2322.86,2324.31,-19.22,-109.2,2482,ranging
,2026-04-23T20:55:14.321934,ETH,Mean Reversion,paper,long,2322.63,2323.18,2322.63,2322.63,2.37,2.4,3234,high_vol
,2026-04-23T20:55:14.322621,ETH,Mean Reversion,shadow,long,2324.6,2322.3,2322.99,2324.6,-19.91,-109.9,2396,high_vol
,2026-04-23T20:55:28.460763,ETH,Mean Reversion,paper,long,2322.81,2323.5,2322.81,2322.81,2.95,2.9,1425,low_vol
,2026-04-23T20:55:28.461427,ETH,Mean Reversion,shadow,long,2325.02,2322.51,2323.2,2325.02,-20.81,-110.8,890,low_vol
,2026-04-23T20:55:30.486073,BTC,Mean Reversion,paper,short,77887.33,77908.25,77887.33,77887.33,-2.69,-2.7,1081,low_vol
,2026-04-23T20:55:30.486813,BTC,Mean Reversion,shadow,short,77909.11,77919.57,77896.21,77909.11,-11.34,-101.3,2452,low_vol
,2026-04-23T20:55:38.576525,BTC,Mean Reversion,paper,long,77901.59,77895.32,77901.59,77901.59,-0.8,-0.8,179,high_vol
,2026-04-23T20:55:38.577198,BTC,Mean Reversion,shadow,long,77947.17,77880.68,77904.05,77947.17,-18.53,-108.5,2683,high_vol
,2026-04-23T20:55:44.643692,BTC,Mean Reversion,paper,long,77908.4,77904.87,77908.4,77908.4,-0.45,-0.5,3306,ranging
,2026-04-23T20:55:44.644308,BTC,Mean Reversion,shadow,long,77964.62,77880.91,77904.29,77964.62,-20.74,-110.7,140,ranging
,2026-04-23T20:55:50.705811,BTC,Mean Reversion,paper,short,77897.52,77911.34,77897.52,77897.52,-1.77,-1.8,440,ranging
,2026-04-23T20:55:50.706575,BTC,Mean Reversion,shadow,short,77918.91,77931.37,77907.99,77918.91,-11.6,-101.6,3488,ranging
,2026-04-23T20:55:52.729094,BTC,Mean Reversion,paper,short,77892.95,77913.17,77892.95,77892.95,-2.6,-2.6,1155,high_vol
,2026-04-23T20:55:52.729828,BTC,Mean Reversion,shadow,short,77910.52,77931.38,77908.01,77910.52,-12.68,-102.7,1935,high_vol
,2026-04-23T20:55:54.749157,ETH,Mean Reversion,paper,long,2324.02,2323.46,2324.02,2324.02,-2.41,-2.4,451,ranging
,2026-04-23T20:55:54.749974,ETH,Mean Reversion,shadow,long,2325.16,2323.17,2323.86,2325.16,-18.56,-108.6,3323,ranging
,2026-04-23T20:56:00.816264,ETH,Mean Reversion,paper,short,2324.15,2324.19,2324.15,2324.15,-0.21,-0.2,329,trending
,2026-04-23T20:56:00.816840,ETH,Mean Reversion,shadow,short,2323.91,2324.58,2323.89,2323.91,-12.89,-102.9,398,trending
,2026-04-23T20:56:12.931662,ETH,Mean Reversion,paper,long,2323.79,2323.25,2323.79,2323.79,-2.3,-2.3,1134,ranging
,2026-04-23T20:56:12.932314,ETH,Mean Reversion,shadow,long,2325.38,2322.9,2323.6,2325.38,-20.69,-110.7,1063,ranging
,2026-04-23T20:56:35.152445,ETH,Mean Reversion,paper,short,2323.12,2322.52,2323.12,2323.12,2.58,2.6,383,ranging
,2026-04-23T20:56:35.153192,ETH,Mean Reversion,shadow,short,2323.07,2323.42,2322.72,2323.07,-11.5,-101.5,3367,ranging
,2026-04-23T20:56:39.197451,BTC,Mean Reversion,paper,short,77860.7,77872.9,77860.7,77860.7,-1.57,-1.6,3282,low_vol
,2026-04-23T20:56:39.198307,BTC,Mean Reversion,shadow,short,77880.15,77891.48,77868.11,77880.15,-11.45,-101.5,1672,low_vol
,2026-04-23T20:57:11.569600,BTC,Mean Reversion,paper,short,77872.7,77872.78,77872.7,77872.7,-0.01,-0.0,1681,low_vol
,2026-04-23T20:57:11.571153,BTC,Mean Reversion,shadow,short,77868.9,77898.46,77875.1,77868.9,-13.8,-103.8,2075,low_vol
,2026-04-23T20:57:13.599479,ETH,Mean Reversion,paper,short,2322.48,2322.72,2322.48,2322.48,-1.01,-1.0,485,high_vol
,2026-04-23T20:57:13.600273,ETH,Mean Reversion,shadow,short,2323.03,2323.4,2322.7,2323.03,-11.6,-101.6,2475,high_vol
,2026-04-23T20:57:17.656195,ETH,Mean Reversion,paper,long,2322.64,2322.29,2322.64,2322.64,-1.51,-1.5,385,high_vol
,2026-04-23T20:57:17.657062,ETH,Mean Reversion,shadow,long,2324.35,2321.99,2322.68,2324.35,-20.15,-110.2,1027,high_vol
,2026-04-23T20:57:39.934090,ETH,Mean Reversion,paper,short,2323.61,2323.6,2323.61,2323.61,0.08,0.1,3272,high_vol
,2026-04-23T20:57:39.935638,ETH,Mean Reversion,shadow,short,2323.29,2323.95,2323.26,2323.29,-12.86,-102.9,3071,high_vol
,2026-04-23T20:57:43.982052,ETH,Mean Reversion,paper,long,2323.28,2323.31,2323.28,2323.28,0.14,0.1,1797,high_vol
,2026-04-23T20:57:43.982800,ETH,Mean Reversion,shadow,long,2324.69,2322.72,2323.41,2324.69,-18.49,-108.5,1839,high_vol
,2026-04-23T20:57:56.136297,ETH,Mean Reversion,paper,short,2323.69,2323.72,2323.69,2323.69,-0.15,-0.2,2551,high_vol
,2026-04-23T20:57:56.137123,ETH,Mean Reversion,shadow,short,2323.99,2324.42,2323.72,2323.99,-11.87,-101.9,1952,high_vol
,2026-04-23T20:58:02.219469,ETH,Mean Reversion,paper,long,2324.03,2323.45,2324.03,2324.03,-2.49,-2.5,2490,trending
,2026-04-23T20:58:02.220217,ETH,Mean Reversion,shadow,long,2325.72,2323.19,2323.89,2325.72,-20.91,-110.9,798,trending
,2026-04-23T20:58:18.424410,ETH,Mean Reversion,paper,long,2323.76,2323.65,2323.76,2323.76,-0.48,-0.5,1251,trending
,2026-04-23T20:58:18.425949,ETH,Mean Reversion,shadow,long,2325.87,2323.34,2324.03,2325.87,-20.87,-110.9,1404,trending
,2026-04-23T20:58:32.600511,ETH,Mean Reversion,paper,long,2323.85,2324.46,2323.85,2323.85,2.65,2.7,1890,high_vol
,2026-04-23T20:58:32.601344,ETH,Mean Reversion,shadow,long,2325.82,2323.37,2324.07,2325.82,-20.52,-110.5,2566,high_vol
,2026-04-23T20:58:34.627670,BTC,Mean Reversion,paper,long,77887.75,77912.91,77887.75,77887.75,3.23,3.2,566,high_vol
,2026-04-23T20:58:34.628474,BTC,Mean Reversion,shadow,long,77960.2,77879.02,77902.39,77960.2,-20.41,-110.4,3560,high_vol
,2026-04-23T20:58:48.816768,BTC,Mean Reversion,paper,long,77911.31,77906.8,77911.31,77911.31,-0.58,-0.6,1991,low_vol
,2026-04-23T20:58:48.817868,BTC,Mean Reversion,shadow,long,77942.95,77879.02,77902.39,77942.95,-18.2,-108.2,473,low_vol
,2026-04-23T20:59:00.965499,ETH,Mean Reversion,paper,long,2324.84,2323.98,2324.84,2324.84,-3.71,-3.7,2030,ranging
,2026-04-23T20:59:00.966185,ETH,Mean Reversion,shadow,long,2325.99,2323.72,2324.41,2325.99,-19.77,-109.8,569,ranging
,2026-04-23T20:59:02.993838,ETH,Mean Reversion,paper,long,2324.67,2324.88,2324.67,2324.67,0.94,0.9,2469,ranging
,2026-04-23T20:59:02.994490,ETH,Mean Reversion,shadow,long,2326.14,2323.83,2324.53,2326.14,-19.95,-110.0,331,ranging
,2026-04-23T20:59:11.093793,BTC,Mean Reversion,paper,short,77902.25,77899.04,77902.25,77902.25,0.41,0.4,1631,high_vol
,2026-04-23T20:59:11.094480,BTC,Mean Reversion,shadow,short,77907.3,77926.38,77903.01,77907.3,-12.45,-102.4,3002,high_vol
,2026-04-23T20:59:29.321773,ETH,Mean Reversion,paper,long,2324.0,2324.26,2324.0,2324.0,1.11,1.1,1833,ranging
,2026-04-23T20:59:29.322622,ETH,Mean Reversion,shadow,long,2326.03,2323.75,2324.44,2326.03,-19.81,-109.8,1419,ranging
,2026-04-23T20:59:51.595484,ETH,Mean Reversion,paper,long,2326.05,2325.96,2326.05,2326.05,-0.4,-0.4,1718,low_vol
,2026-04-23T20:59:51.596300,ETH,Mean Reversion,shadow,long,2327.18,2325.18,2325.88,2327.18,-18.6,-108.6,3118,low_vol
,2026-04-23T21:00:01.722267,BTC,Mean Reversion,paper,long,77896.48,77919.05,77896.48,77896.48,2.9,2.9,560,high_vol
,2026-04-23T21:00:01.723042,BTC,Mean Reversion,shadow,long,77949.93,77884.32,77907.7,77949.93,-18.42,-108.4,1824,high_vol
,2026-04-23T21:00:15.912248,BTC,Mean Reversion,paper,long,77887.5,77884.23,77887.5,77887.5,-0.42,-0.4,3002,high_vol
,2026-04-23T21:00:15.913655,BTC,Mean Reversion,shadow,long,77939.57,77861.04,77884.4,77939.57,-20.08,-110.1,2476,high_vol
,2026-04-23T21:00:41.730308,BTC,Mean Reversion,paper,short,77873.19,77884.43,77873.19,77873.19,-1.44,-1.4,288,ranging
,2026-04-23T21:00:41.733645,BTC,Mean Reversion,shadow,short,77878.47,77901.57,77878.21,77878.47,-12.97,-103.0,2385,ranging
,2026-04-23T21:00:43.756611,ETH,Mean Reversion,paper,short,2326.69,2326.32,2326.69,2326.69,1.57,1.6,1995,ranging
,2026-04-23T21:00:43.757507,ETH,Mean Reversion,shadow,short,2326.42,2327.02,2326.32,2326.42,-12.57,-102.6,1468,ranging
,2026-04-23T21:00:55.917342,BTC,Mean Reversion,paper,long,77860.9,77872.76,77860.9,77860.9,1.52,1.5,3177,trending
,2026-04-23T21:00:55.918173,BTC,Mean Reversion,shadow,long,77923.11,77849.65,77873.01,77923.11,-19.43,-109.4,1280,trending
,2026-04-23T21:00:59.967326,BTC,Mean Reversion,paper,long,77867.54,77874.21,77867.54,77867.54,0.86,0.9,2160,ranging
,2026-04-23T21:00:59.967740,BTC,Mean Reversion,shadow,long,77926.72,77849.65,77873.01,77926.72,-19.89,-109.9,928,ranging
,2026-04-23T21:01:06.044701,ETH,Mean Reversion,paper,long,2326.12,2326.33,2326.12,2326.12,0.89,0.9,844,low_vol
,2026-04-23T21:01:06.045563,ETH,Mean Reversion,shadow,long,2328.17,2325.7,2326.4,2328.17,-20.58,-110.6,1950,low_vol
,2026-04-23T21:01:14.147932,ETH,Mean Reversion,paper,short,2326.23,2326.4,2326.23,2326.23,-0.74,-0.7,767,low_vol
,2026-04-23T21:01:14.148762,ETH,Mean Reversion,shadow,short,2326.81,2327.07,2326.38,2326.81,-11.12,-101.1,2926,low_vol
,2026-04-23T21:01:46.568576,BTC,Mean Reversion,paper,long,77850.01,77863.13,77850.01,77850.01,1.69,1.7,475,low_vol
,2026-04-23T21:01:46.570359,BTC,Mean Reversion,shadow,long,77910.74,77830.84,77854.2,77910.74,-20.26,-110.3,2150,low_vol
,2026-04-23T21:01:52.650905,BTC,Mean Reversion,paper,short,77855.69,77856.35,77855.69,77855.69,-0.08,-0.1,287,trending
,2026-04-23T21:01:52.651734,BTC,Mean Reversion,shadow,short,77867.8,77877.55,77854.2,77867.8,-11.25,-101.3,1017,trending
,2026-04-23T21:02:25.052362,ETH,Mean Reversion,paper,short,2324.26,2323.65,2324.26,2324.26,2.64,2.6,2498,low_vol
,2026-04-23T21:02:25.053233,ETH,Mean Reversion,shadow,short,2324.33,2324.57,2323.88,2324.33,-11.04,-101.0,2753,low_vol
,2026-04-23T21:03:11.674606,BTC,Mean Reversion,paper,short,77901.55,77902.88,77901.55,77901.55,-0.17,-0.2,1318,low_vol
,2026-04-23T21:03:11.675449,BTC,Mean Reversion,shadow,short,77893.59,77922.77,77899.4,77893.59,-13.75,-103.7,3449,low_vol
,2026-04-23T21:03:35.992123,BTC,Mean Reversion,paper,long,77871.79,77887.74,77871.79,77871.79,2.05,2.0,2170,low_vol
,2026-04-23T21:03:35.992948,BTC,Mean Reversion,shadow,long,77937.06,77855.45,77878.82,77937.06,-20.47,-110.5,1446,low_vol
,2026-04-23T21:03:46.121099,BTC,Mean Reversion,paper,long,77872.97,77884.78,77872.97,77872.97,1.52,1.5,2448,ranging
,2026-04-23T21:03:46.121895,BTC,Mean Reversion,shadow,long,77925.69,77855.45,77878.82,77925.69,-19.01,-109.0,1091,ranging
,2026-04-23T21:03:52.201467,ETH,Mean Reversion,paper,short,2325.48,2325.42,2325.48,2325.48,0.23,0.2,2064,low_vol
,2026-04-23T21:03:52.202256,ETH,Mean Reversion,shadow,short,2325.89,2326.54,2325.85,2325.89,-12.81,-102.8,1029,low_vol
,2026-04-23T21:04:08.400111,ETH,Mean Reversion,paper,short,2325.65,2325.59,2325.65,2325.65,0.29,0.3,1869,trending
,2026-04-23T21:04:08.400937,ETH,Mean Reversion,shadow,short,2325.93,2326.39,2325.69,2325.93,-11.99,-102.0,542,trending
,2026-04-23T21:04:22.587516,ETH,Mean Reversion,paper,long,2325.29,2325.07,2325.29,2325.29,-0.95,-0.9,83,trending
,2026-04-23T21:04:22.588297,ETH,Mean Reversion,shadow,long,2327.04,2324.65,2325.35,2327.04,-20.27,-110.3,2448,trending
,2026-04-23T21:04:30.692301,ETH,Mean Reversion,paper,long,2325.67,2325.58,2325.67,2325.67,-0.42,-0.4,3041,low_vol
,2026-04-23T21:04:30.693071,ETH,Mean Reversion,shadow,long,2326.82,2324.56,2325.26,2326.82,-19.73,-109.7,3052,low_vol
,2026-04-23T21:05:13.248923,ETH,Mean Reversion,paper,short,2325.17,2325.36,2325.17,2325.17,-0.83,-0.8,1443,high_vol
,2026-04-23T21:05:13.249586,ETH,Mean Reversion,shadow,short,2325.5,2325.73,2325.03,2325.5,-11.01,-101.0,2233,high_vol
,2026-04-23T21:05:15.268945,ETH,Mean Reversion,paper,long,2324.59,2324.95,2324.59,2324.59,1.53,1.5,3394,ranging
,2026-04-23T21:05:15.269505,ETH,Mean Reversion,shadow,long,2326.35,2324.31,2325.01,2326.35,-18.78,-108.8,2141,ranging
,2026-04-23T21:05:17.293239,BTC,Mean Reversion,paper,short,77863.75,77880.41,77863.75,77863.75,-2.14,-2.1,2499,ranging
,2026-04-23T21:05:17.293954,BTC,Mean Reversion,shadow,short,77870.65,77898.83,77875.46,77870.65,-13.62,-103.6,3380,ranging
,2026-04-23T21:05:29.458289,BTC,Mean Reversion,paper,long,77883.72,77869.86,77883.72,77883.72,-1.78,-1.8,1106,low_vol
,2026-04-23T21:05:29.458638,BTC,Mean Reversion,shadow,long,77929.97,77853.4,77876.76,77929.97,-19.82,-109.8,1374,low_vol
,2026-04-23T21:05:33.488511,ETH,Mean Reversion,paper,long,2325.77,2325.24,2325.77,2325.77,-2.28,-2.3,1631,ranging
,2026-04-23T21:05:33.489013,ETH,Mean Reversion,shadow,long,2326.68,2324.72,2325.41,2326.68,-18.42,-108.4,3094,ranging
,2026-04-23T21:05:35.504640,BTC,Mean Reversion,paper,short,77881.64,77889.86,77881.64,77881.64,-1.05,-1.1,186,high_vol
,2026-04-23T21:05:35.505322,BTC,Mean Reversion,shadow,short,77871.88,77900.83,77877.47,77871.88,-13.72,-103.7,1622,high_vol
,2026-04-23T21:05:47.634143,BTC,Mean Reversion,paper,short,77886.01,77877.73,77886.01,77886.01,1.06,1.1,270,high_vol
,2026-04-23T21:05:47.634802,BTC,Mean Reversion,shadow,short,77889.4,77910.86,77887.49,77889.4,-12.76,-102.8,3322,high_vol
,2026-04-23T21:05:49.658994,BTC,Mean Reversion,paper,long,77897.09,77877.37,77897.09,77897.09,-2.53,-2.5,754,high_vol
,2026-04-23T21:05:49.659457,BTC,Mean Reversion,shadow,long,77938.82,77864.13,77887.49,77938.82,-19.58,-109.6,895,high_vol
,2026-04-23T21:05:59.772139,BTC,Mean Reversion,paper,long,77889.59,77882.93,77889.59,77889.59,-0.85,-0.9,1518,high_vol
,2026-04-23T21:05:59.772615,BTC,Mean Reversion,shadow,long,77935.44,77864.13,77887.49,77935.44,-19.15,-109.2,2306,high_vol
,2026-04-23T21:06:03.817196,ETH,Mean Reversion,paper,short,2326.13,2325.97,2326.13,2326.13,0.68,0.7,1547,ranging
,2026-04-23T21:06:03.817985,ETH,Mean Reversion,shadow,short,2326.11,2326.7,2326.01,2326.11,-12.55,-102.6,2171,ranging
,2026-04-23T21:06:17.984289,ETH,Mean Reversion,paper,short,2325.87,2326.38,2325.87,2325.87,-2.16,-2.2,1287,ranging
,2026-04-23T21:06:17.985013,ETH,Mean Reversion,shadow,short,2325.99,2326.7,2326.01,2325.99,-13.06,-103.1,2482,ranging
,2026-04-23T21:07:00.494892,ETH,Mean Reversion,paper,short,2326.25,2326.57,2326.25,2326.25,-1.4,-1.4,2567,ranging
,2026-04-23T21:07:00.495971,ETH,Mean Reversion,shadow,short,2326.34,2327.19,2326.49,2326.34,-13.66,-103.7,1726,ranging
,2026-04-23T21:07:08.578311,BTC,Mean Reversion,paper,short,77908.04,77904.7,77908.04,77908.04,0.43,0.4,574,trending
,2026-04-23T21:07:08.578813,BTC,Mean Reversion,shadow,short,77899.82,77919.12,77895.75,77899.82,-12.48,-102.5,184,trending
,2026-04-23T21:07:16.666331,BTC,Mean Reversion,paper,long,77894.12,77901.23,77894.12,77894.12,0.91,0.9,209,low_vol
,2026-04-23T21:07:16.666687,BTC,Mean Reversion,shadow,long,77939.68,77873.79,77897.16,77939.68,-18.45,-108.5,936,low_vol
,2026-04-23T21:07:20.709025,ETH,Mean Reversion,paper,short,2326.67,2326.61,2326.67,2326.67,0.27,0.3,1171,trending
,2026-04-23T21:07:20.709664,ETH,Mean Reversion,shadow,short,2326.56,2327.22,2326.53,2326.56,-12.87,-102.9,1486,trending
,2026-04-23T21:07:32.847344,BTC,Mean Reversion,paper,short,77901.49,77896.47,77901.49,77901.49,0.65,0.6,1550,low_vol
,2026-04-23T21:07:32.848809,BTC,Mean Reversion,shadow,short,77896.98,77920.84,77897.48,77896.98,-13.06,-103.1,764,low_vol
,2026-04-23T21:07:36.895764,ETH,Mean Reversion,paper,short,2326.02,2326.51,2326.02,2326.02,-2.08,-2.1,2112,high_vol
,2026-04-23T21:07:36.896501,ETH,Mean Reversion,shadow,short,2326.3,2326.75,2326.06,2326.3,-11.97,-102.0,245,high_vol
,2026-04-23T21:07:38.920550,ETH,Mean Reversion,paper,long,2325.62,2325.72,2325.62,2325.62,0.42,0.4,753,high_vol
,2026-04-23T21:07:38.921140,ETH,Mean Reversion,shadow,long,2327.7,2325.36,2326.06,2327.7,-20.06,-110.1,3036,high_vol
,2026-04-23T21:08:05.220951,BTC,Mean Reversion,paper,short,77889.99,77882.13,77889.99,77889.99,1.01,1.0,3355,trending
,2026-04-23T21:08:05.222717,BTC,Mean Reversion,shadow,short,77871.4,77901.57,77878.21,77871.4,-13.87,-103.9,364,trending
,2026-04-23T21:08:11.300331,ETH,Mean Reversion,paper,short,2326.03,2325.58,2326.03,2326.03,1.93,1.9,3111,high_vol
,2026-04-23T21:08:11.301131,ETH,Mean Reversion,shadow,short,2326.42,2326.68,2325.98,2326.42,-11.13,-101.1,1726,high_vol
,2026-04-23T21:08:25.473842,ETH,Mean Reversion,paper,long,2325.31,2325.38,2325.31,2325.31,0.31,0.3,1801,trending
,2026-04-23T21:08:25.474227,ETH,Mean Reversion,shadow,long,2327.4,2324.88,2325.58,2327.4,-20.83,-110.8,3051,trending
,2026-04-23T21:08:29.507548,ETH,Mean Reversion,paper,long,2325.08,2325.62,2325.08,2325.08,2.32,2.3,383,trending
,2026-04-23T21:08:29.509057,ETH,Mean Reversion,shadow,long,2326.94,2324.74,2325.43,2326.94,-19.48,-109.5,1305,trending
,2026-04-23T21:08:55.831802,BTC,Mean Reversion,paper,short,77865.57,77867.24,77865.57,77865.57,-0.22,-0.2,682,trending
,2026-04-23T21:08:55.832713,BTC,Mean Reversion,shadow,short,77855.13,77885.26,77861.9,77855.13,-13.87,-103.9,108,trending
,2026-04-23T21:09:03.931694,ETH,Mean Reversion,paper,long,2325.22,2325.78,2325.22,2325.22,2.38,2.4,759,low_vol
,2026-04-23T21:09:03.932938,ETH,Mean Reversion,shadow,long,2327.08,2324.68,2325.38,2327.08,-20.34,-110.3,2990,low_vol
,2026-04-23T21:09:22.143748,BTC,Mean Reversion,paper,long,77872.25,77872.3,77872.25,77872.25,0.01,0.0,943,trending
,2026-04-23T21:09:22.144403,BTC,Mean Reversion,shadow,long,77917.45,77838.55,77861.9,77917.45,-20.13,-110.1,1281,trending
,2026-04-23T21:09:26.194987,ETH,Mean Reversion,paper,short,2325.52,2325.44,2325.52,2325.52,0.35,0.3,2940,trending
,2026-04-23T21:09:26.195795,ETH,Mean Reversion,shadow,short,2325.76,2326.01,2325.32,2325.76,-11.1,-101.1,3511,trending
,2026-04-23T21:09:52.507099,BTC,Mean Reversion,paper,long,77858.45,77850.0,77858.45,77858.45,-1.09,-1.1,1179,high_vol
,2026-04-23T21:09:52.507268,BTC,Mean Reversion,shadow,long,77914.22,77838.55,77861.9,77914.22,-19.71,-109.7,1896,high_vol
,2026-04-23T21:09:56.531126,BTC,Mean Reversion,paper,short,77868.54,77873.06,77868.54,77868.54,-0.58,-0.6,3428,trending
,2026-04-23T21:09:56.532105,BTC,Mean Reversion,shadow,short,77865.75,77885.26,77861.9,77865.75,-12.51,-102.5,2547,trending
,2026-04-23T21:10:12.734875,BTC,Mean Reversion,paper,short,77873.52,77856.78,77873.52,77873.52,2.15,2.1,1428,trending
,2026-04-23T21:10:12.735597,BTC,Mean Reversion,shadow,short,77863.22,77889.16,77865.8,77863.22,-13.33,-103.3,1772,trending
,2026-04-23T21:10:16.777777,BTC,Mean Reversion,paper,short,77865.16,77859.0,77865.16,77865.16,0.79,0.8,3331,low_vol
,2026-04-23T21:10:16.778797,BTC,Mean Reversion,shadow,short,77872.9,77889.16,77865.8,77872.9,-12.09,-102.1,3249,low_vol
,2026-04-23T21:10:22.857396,ETH,Mean Reversion,paper,long,2325.57,2325.48,2325.57,2325.57,-0.39,-0.4,2336,trending
,2026-04-23T21:10:22.858159,ETH,Mean Reversion,shadow,long,2327.05,2324.53,2325.22,2327.05,-20.84,-110.8,3280,trending
,2026-04-23T21:10:24.883297,ETH,Mean Reversion,paper,short,2324.84,2324.99,2324.84,2324.84,-0.64,-0.6,2299,high_vol
,2026-04-23T21:10:24.884133,ETH,Mean Reversion,shadow,short,2325.03,2325.92,2325.22,2325.03,-13.83,-103.8,2545,high_vol
,2026-04-23T21:10:47.166758,ETH,Mean Reversion,paper,short,2324.46,2324.18,2324.46,2324.46,1.22,1.2,313,trending
,2026-04-23T21:10:47.167605,ETH,Mean Reversion,shadow,short,2324.17,2325.04,2324.35,2324.17,-13.76,-103.8,1307,trending
,2026-04-23T21:10:55.272012,BTC,Mean Reversion,paper,short,77876.49,77875.71,77876.49,77876.49,0.1,0.1,3315,trending
,2026-04-23T21:10:55.272754,BTC,Mean Reversion,shadow,short,77859.95,77888.86,77865.51,77859.95,-13.71,-103.7,768,trending
,2026-04-23T21:10:57.298506,BTC,Mean Reversion,paper,long,77878.08,77872.35,77878.08,77878.08,-0.74,-0.7,149,low_vol
,2026-04-23T21:10:57.299297,BTC,Mean Reversion,shadow,long,77924.73,77842.15,77865.51,77924.73,-20.6,-110.6,1693,low_vol
,2026-04-23T21:10:59.326686,BTC,Mean Reversion,paper,short,77857.14,77872.1,77857.14,77857.14,-1.92,-1.9,3595,trending
,2026-04-23T21:10:59.327464,BTC,Mean Reversion,shadow,short,77870.86,77888.86,77865.51,77870.86,-12.31,-102.3,3176,trending
,2026-04-23T21:11:01.354799,BTC,Mean Reversion,paper,long,77856.09,77860.66,77856.09,77856.09,0.59,0.6,3432,high_vol
,2026-04-23T21:11:01.355578,BTC,Mean Reversion,shadow,long,77925.95,77842.15,77865.51,77925.95,-20.75,-110.8,2687,high_vol
,2026-04-23T21:11:13.487386,ETH,Mean Reversion,paper,short,2324.62,2324.12,2324.62,2324.62,2.18,2.2,549,trending
,2026-04-23T21:11:13.488595,ETH,Mean Reversion,shadow,short,2324.34,2325.04,2324.35,2324.34,-13.02,-103.0,399,trending
,2026-04-23T21:11:51.932224,BTC,Mean Reversion,paper,long,77904.58,77891.08,77904.58,77904.58,-1.73,-1.7,2451,ranging
,2026-04-23T21:11:51.933074,BTC,Mean Reversion,shadow,long,77933.78,77871.39,77894.76,77933.78,-18.01,-108.0,723,ranging
,2026-04-23T21:12:04.075759,BTC,Mean Reversion,paper,long,77904.7,77886.21,77904.7,77904.7,-2.37,-2.4,1815,low_vol
,2026-04-23T21:12:04.076394,BTC,Mean Reversion,shadow,long,77946.46,77871.39,77894.76,77946.46,-19.63,-109.6,639,low_vol
,2026-04-23T21:12:28.380691,ETH,Mean Reversion,paper,short,2323.01,2323.12,2323.01,2323.01,-0.48,-0.5,250,high_vol
,2026-04-23T21:12:28.382310,ETH,Mean Reversion,shadow,short,2323.64,2323.93,2323.23,2323.64,-11.27,-101.3,1879,high_vol
,2026-04-23T21:12:44.545908,BTC,Mean Reversion,paper,short,77898.94,77898.21,77898.94,77898.94,0.09,0.1,1396,ranging
,2026-04-23T21:12:44.547520,BTC,Mean Reversion,shadow,short,77895.77,77918.12,77894.76,77895.77,-12.87,-102.9,902,ranging
,2026-04-23T21:12:46.573442,BTC,Mean Reversion,paper,short,77881.39,77908.32,77881.39,77881.39,-3.46,-3.5,599,low_vol
,2026-04-23T21:12:46.574238,BTC,Mean Reversion,shadow,short,77894.0,77918.12,77894.76,77894.0,-13.1,-103.1,984,low_vol
,2026-04-23T21:12:50.628720,ETH,Mean Reversion,paper,long,2323.29,2322.84,2323.29,2323.29,-1.91,-1.9,1350,low_vol
,2026-04-23T21:12:50.629430,ETH,Mean Reversion,shadow,long,2324.37,2322.31,2323.01,2324.37,-18.86,-108.9,2855,low_vol
,2026-04-23T21:13:27.088969,BTC,Mean Reversion,paper,short,77907.63,77912.96,77907.63,77907.63,-0.68,-0.7,2597,ranging
,2026-04-23T21:13:27.090637,BTC,Mean Reversion,shadow,short,77913.48,77938.53,77915.15,77913.48,-13.21,-103.2,505,ranging
,2026-04-23T21:14:09.571108,ETH,Mean Reversion,paper,short,2322.69,2322.76,2322.69,2322.69,-0.31,-0.3,361,low_vol
,2026-04-23T21:14:09.572683,ETH,Mean Reversion,shadow,short,2322.44,2323.33,2322.63,2322.44,-13.83,-103.8,1902,low_vol
,2026-04-23T21:14:17.678141,ETH,Mean Reversion,paper,short,2322.06,2321.83,2322.06,2322.06,0.99,1.0,625,high_vol
,2026-04-23T21:14:17.678788,ETH,Mean Reversion,shadow,short,2322.07,2322.84,2322.14,2322.07,-13.32,-103.3,2175,high_vol
,2026-04-23T21:14:41.993975,ETH,Mean Reversion,paper,short,2321.86,2321.44,2321.86,2321.86,1.83,1.8,2037,ranging
,2026-04-23T21:14:41.994815,ETH,Mean Reversion,shadow,short,2321.68,2322.47,2321.78,2321.68,-13.43,-103.4,2702,ranging
,2026-04-23T21:15:12.387065,ETH,Mean Reversion,paper,short,2321.56,2321.87,2321.56,2321.56,-1.33,-1.3,1893,ranging
,2026-04-23T21:15:12.387531,ETH,Mean Reversion,shadow,short,2321.98,2322.57,2321.88,2321.98,-12.54,-102.5,2977,ranging
,2026-04-23T21:15:14.410956,BTC,Mean Reversion,paper,short,77908.08,77912.72,77908.08,77908.08,-0.59,-0.6,2487,ranging
,2026-04-23T21:15:14.411604,BTC,Mean Reversion,shadow,short,77897.36,77923.27,77899.9,77897.36,-13.33,-103.3,3099,ranging
,2026-04-23T21:15:18.477578,ETH,Mean Reversion,paper,short,2322.38,2322.28,2322.38,2322.38,0.42,0.4,3265,trending
,2026-04-23T21:15:18.477887,ETH,Mean Reversion,shadow,short,2322.66,2323.09,2322.39,2322.66,-11.86,-101.9,1787,trending
,2026-04-23T21:15:26.562032,BTC,Mean Reversion,paper,long,77888.61,77889.84,77888.61,77888.61,0.16,0.2,2971,low_vol
,2026-04-23T21:15:26.562659,BTC,Mean Reversion,shadow,long,77958.92,77876.54,77899.9,77958.92,-20.57,-110.6,2262,low_vol
,2026-04-23T21:15:30.617078,BTC,Mean Reversion,paper,short,77919.9,77911.53,77919.9,77919.9,1.07,1.1,2405,ranging
,2026-04-23T21:15:30.617828,BTC,Mean Reversion,shadow,short,77905.21,77930.38,77907.01,77905.21,-13.23,-103.2,2504,ranging
,2026-04-23T21:15:36.700937,BTC,Mean Reversion,paper,short,77918.72,77922.34,77918.72,77918.72,-0.46,-0.5,2069,ranging
,2026-04-23T21:15:36.701671,BTC,Mean Reversion,shadow,short,77908.26,77930.43,77907.05,77908.26,-12.85,-102.8,723,ranging
,2026-04-23T21:15:46.824266,BTC,Mean Reversion,paper,long,77925.05,77915.15,77925.05,77925.05,-1.27,-1.3,1891,trending
,2026-04-23T21:15:46.824909,BTC,Mean Reversion,shadow,long,77972.41,77892.02,77915.39,77972.41,-20.31,-110.3,1260,trending
,2026-04-23T21:16:00.989417,ETH,Mean Reversion,paper,long,2323.74,2323.45,2323.74,2323.74,-1.25,-1.3,1924,trending
,2026-04-23T21:16:00.989883,ETH,Mean Reversion,shadow,long,2324.95,2322.75,2323.44,2324.95,-19.49,-109.5,2486,trending
,2026-04-23T21:16:11.114883,BTC,Mean Reversion,paper,short,77927.16,77926.41,77927.16,77927.16,0.1,0.1,1275,trending
,2026-04-23T21:16:11.116550,BTC,Mean Reversion,shadow,short,77932.97,77951.17,77927.79,77932.97,-12.34,-102.3,1334,trending
,2026-04-23T21:16:19.223331,BTC,Mean Reversion,paper,short,77938.68,77916.48,77938.68,77938.68,2.85,2.8,2408,ranging
,2026-04-23T21:16:19.224140,BTC,Mean Reversion,shadow,short,77935.0,77951.17,77927.79,77935.0,-12.08,-102.1,3520,ranging
,2026-04-23T21:16:41.500129,BTC,Mean Reversion,paper,short,77926.59,77924.69,77926.59,77926.59,0.24,0.2,576,trending
,2026-04-23T21:16:41.500528,BTC,Mean Reversion,shadow,short,77920.04,77939.39,77916.02,77920.04,-12.48,-102.5,1473,trending
,2026-04-23T21:17:09.852729,ETH,Mean Reversion,paper,short,2322.03,2321.57,2322.03,2322.03,1.98,2.0,2616,trending
,2026-04-23T21:17:09.854221,ETH,Mean Reversion,shadow,short,2322.26,2322.52,2321.82,2322.26,-11.13,-101.1,2717,trending
,2026-04-23T21:17:36.191993,ETH,Mean Reversion,paper,short,2322.39,2322.14,2322.39,2322.39,1.08,1.1,1492,high_vol
,2026-04-23T21:17:36.192686,ETH,Mean Reversion,shadow,short,2322.12,2322.91,2322.21,2322.12,-13.39,-103.4,1595,high_vol
,2026-04-23T21:18:07.507775,ETH,Mean Reversion,paper,long,2322.52,2321.88,2322.52,2322.52,-2.76,-2.8,1890,high_vol
,2026-04-23T21:18:07.508638,ETH,Mean Reversion,shadow,long,2323.73,2321.55,2322.24,2323.73,-19.38,-109.4,1770,high_vol
,2026-04-23T21:18:15.612142,BTC,Mean Reversion,paper,long,77887.85,77866.12,77887.85,77887.85,-2.79,-2.8,3592,high_vol
,2026-04-23T21:18:15.612762,BTC,Mean Reversion,shadow,long,77927.24,77854.68,77878.04,77927.24,-19.31,-109.3,1288,high_vol
,2026-04-23T21:18:19.667997,BTC,Mean Reversion,paper,short,77892.96,77879.76,77892.96,77892.96,1.69,1.7,1991,low_vol
,2026-04-23T21:18:19.668819,BTC,Mean Reversion,shadow,short,77881.95,77901.41,77878.04,77881.95,-12.5,-102.5,2089,low_vol
,2026-04-23T21:18:31.829953,BTC,Mean Reversion,paper,long,77882.61,77875.71,77882.61,77882.61,-0.89,-0.9,925,ranging
,2026-04-23T21:18:31.830645,BTC,Mean Reversion,shadow,long,77936.18,77851.39,77874.76,77936.18,-20.88,-110.9,2892,ranging
,2026-04-23T21:18:33.854218,ETH,Mean Reversion,paper,long,2322.35,2321.86,2322.35,2322.35,-2.11,-2.1,1882,high_vol
,2026-04-23T21:18:33.854868,ETH,Mean Reversion,shadow,long,2323.34,2321.45,2322.14,2323.34,-18.14,-108.1,897,high_vol
,2026-04-23T21:18:48.032957,ETH,Mean Reversion,paper,short,2322.94,2322.15,2322.94,2322.94,3.42,3.4,262,low_vol
,2026-04-23T21:18:48.033759,ETH,Mean Reversion,shadow,short,2322.43,2323.21,2322.52,2322.43,-13.35,-103.3,2236,low_vol
,2026-04-23T21:18:54.117405,BTC,Mean Reversion,paper,short,77864.92,77870.68,77864.92,77864.92,-0.74,-0.7,1292,trending
,2026-04-23T21:18:54.118274,BTC,Mean Reversion,shadow,short,77877.32,77896.06,77872.7,77877.32,-12.41,-102.4,527,trending
,2026-04-23T21:19:22.491879,BTC,Mean Reversion,paper,long,77862.67,77883.28,77862.67,77862.67,2.65,2.6,515,high_vol
,2026-04-23T21:19:22.493459,BTC,Mean Reversion,shadow,long,77926.68,77849.22,77872.58,77926.68,-19.94,-109.9,797,high_vol
,2026-04-23T21:19:34.642121,ETH,Mean Reversion,paper,short,2322.56,2322.65,2322.56,2322.56,-0.41,-0.4,542,ranging
,2026-04-23T21:19:34.643705,ETH,Mean Reversion,shadow,short,2323.21,2323.54,2322.85,2323.21,-11.43,-101.4,2122,ranging
,2026-04-23T21:19:40.718981,BTC,Mean Reversion,paper,short,77880.11,77870.66,77880.11,77880.11,1.21,1.2,2625,trending
,2026-04-23T21:19:40.719600,BTC,Mean Reversion,shadow,short,77872.21,77892.48,77869.11,77872.21,-12.6,-102.6,3441,trending
,2026-04-23T21:19:44.773785,ETH,Mean Reversion,paper,long,2322.51,2322.56,2322.51,2322.51,0.2,0.2,326,ranging
,2026-04-23T21:19:44.774627,ETH,Mean Reversion,shadow,long,2323.85,2321.97,2322.66,2323.85,-18.12,-108.1,2971,ranging
,2026-04-23T21:20:13.142620,BTC,Mean Reversion,paper,short,77852.53,77872.73,77852.53,77852.53,-2.59,-2.6,3131,low_vol
,2026-04-23T21:20:13.143411,BTC,Mean Reversion,shadow,short,77868.03,77886.06,77862.71,77868.03,-12.32,-102.3,2395,low_vol
,2026-04-23T21:20:53.580588,BTC,Mean Reversion,paper,short,77835.74,77817.28,77835.74,77835.74,2.37,2.4,3060,ranging
,2026-04-23T21:20:53.581289,BTC,Mean Reversion,shadow,short,77820.04,77847.99,77824.64,77820.04,-13.59,-103.6,2092,ranging
,2026-04-23T21:21:39.676609,ETH,Mean Reversion,paper,short,2323.28,2322.98,2323.28,2323.28,1.31,1.3,1721,low_vol
,2026-04-23T21:21:39.677431,ETH,Mean Reversion,shadow,short,2322.9,2323.59,2322.89,2322.9,-12.94,-102.9,1992,low_vol
,2026-04-23T21:21:55.871604,ETH,Mean Reversion,paper,short,2322.54,2322.56,2322.54,2322.54,-0.12,-0.1,2564,trending
,2026-04-23T21:21:55.873158,ETH,Mean Reversion,shadow,short,2322.78,2323.42,2322.72,2322.78,-12.75,-102.7,1683,trending
,2026-04-23T21:22:38.403971,ETH,Mean Reversion,paper,short,2323.93,2323.55,2323.93,2323.93,1.62,1.6,879,high_vol
,2026-04-23T21:22:38.405496,ETH,Mean Reversion,shadow,short,2324.14,2324.41,2323.72,2324.14,-11.17,-101.2,1961,high_vol
,2026-04-23T21:22:50.560177,ETH,Mean Reversion,paper,long,2323.26,2323.64,2323.26,2323.26,1.64,1.6,3202,high_vol
,2026-04-23T21:22:50.561006,ETH,Mean Reversion,shadow,long,2325.32,2323.02,2323.72,2325.32,-19.89,-109.9,2349,high_vol
,2026-04-23T21:22:56.634461,BTC,Mean Reversion,paper,long,77870.2,77865.57,77870.2,77870.2,-0.59,-0.6,1250,trending
,2026-04-23T21:22:56.635022,BTC,Mean Reversion,shadow,long,77922.92,77851.66,77875.02,77922.92,-19.15,-109.1,1843,trending
,2026-04-23T21:23:10.817450,ETH,Mean Reversion,paper,short,2323.63,2323.63,2323.63,2323.63,0.01,0.0,622,low_vol
,2026-04-23T21:23:10.817791,ETH,Mean Reversion,shadow,short,2323.68,2324.59,2323.89,2323.68,-13.91,-103.9,1806,low_vol
,2026-04-23T21:23:14.867552,BTC,Mean Reversion,paper,long,77860.89,77854.22,77860.89,77860.89,-0.86,-0.9,3399,trending
,2026-04-23T21:23:14.868176,BTC,Mean Reversion,shadow,long,77920.94,77839.35,77862.71,77920.94,-20.47,-110.5,855,trending
,2026-04-23T21:23:27.025769,ETH,Mean Reversion,paper,long,2323.64,2323.92,2323.64,2323.64,1.2,1.2,806,ranging
,2026-04-23T21:23:27.026605,ETH,Mean Reversion,shadow,long,2325.26,2323.09,2323.78,2325.26,-19.34,-109.3,556,ranging
,2026-04-23T21:23:57.417766,BTC,Mean Reversion,paper,short,77859.62,77855.43,77859.62,77859.62,0.54,0.5,1318,high_vol
,2026-04-23T21:23:57.418423,BTC,Mean Reversion,shadow,short,77879.69,77893.29,77869.92,77879.69,-11.75,-101.7,2696,high_vol
,2026-04-23T21:24:23.751903,ETH,Mean Reversion,paper,long,2324.32,2323.78,2324.32,2324.32,-2.31,-2.3,828,trending
,2026-04-23T21:24:23.752609,ETH,Mean Reversion,shadow,long,2325.66,2323.29,2323.98,2325.66,-20.19,-110.2,1067,trending
,2026-04-23T21:24:31.875570,ETH,Mean Reversion,paper,short,2324.7,2324.07,2324.7,2324.7,2.71,2.7,3573,trending
,2026-04-23T21:24:31.876225,ETH,Mean Reversion,shadow,short,2324.11,2324.96,2324.26,2324.11,-13.67,-103.7,119,trending
,2026-04-23T21:24:48.065814,ETH,Mean Reversion,paper,short,2323.88,2323.85,2323.88,2323.88,0.17,0.2,528,low_vol
,2026-04-23T21:24:48.066490,ETH,Mean Reversion,shadow,short,2324.41,2325.0,2324.31,2324.41,-12.56,-102.6,904,low_vol
,2026-04-23T21:25:34.645105,BTC,Mean Reversion,paper,short,77862.02,77868.67,77862.02,77862.02,-0.86,-0.9,2218,high_vol
,2026-04-23T21:25:34.645653,BTC,Mean Reversion,shadow,short,77889.55,77900.58,77877.21,77889.55,-11.42,-101.4,1631,high_vol
,2026-04-23T21:25:46.803928,ETH,Mean Reversion,paper,short,2323.59,2323.81,2323.59,2323.59,-0.94,-0.9,2692,ranging
,2026-04-23T21:25:46.805061,ETH,Mean Reversion,shadow,short,2323.53,2324.31,2323.61,2323.53,-13.35,-103.4,2513,ranging
,2026-04-23T21:25:48.851358,ETH,Mean Reversion,paper,long,2324.12,2323.74,2324.12,2324.12,-1.63,-1.6,117,high_vol
,2026-04-23T21:25:48.851948,ETH,Mean Reversion,shadow,long,2325.59,2323.28,2323.98,2325.59,-19.9,-109.9,1143,high_vol
,2026-04-23T21:26:09.093417,BTC,Mean Reversion,paper,short,77871.45,77878.46,77871.45,77871.45,-0.9,-0.9,1608,low_vol
,2026-04-23T21:26:09.094223,BTC,Mean Reversion,shadow,short,77893.45,77909.04,77885.67,77893.45,-12.0,-102.0,2090,low_vol
,2026-04-23T21:26:21.257885,BTC,Mean Reversion,paper,short,77898.71,77894.25,77898.71,77898.71,0.57,0.6,1367,high_vol
,2026-04-23T21:26:21.258512,BTC,Mean Reversion,shadow,short,77883.64,77908.97,77885.61,77883.64,-13.25,-103.3,2778,high_vol
,2026-04-23T21:26:25.318386,ETH,Mean Reversion,paper,short,2324.01,2323.79,2324.01,2324.01,0.98,1.0,1594,ranging
,2026-04-23T21:26:25.319117,ETH,Mean Reversion,shadow,short,2323.89,2324.47,2323.78,2323.89,-12.51,-102.5,174,ranging
,2026-04-23T21:26:33.419345,BTC,Mean Reversion,paper,short,77907.49,77907.17,77907.49,77907.49,0.04,0.0,1773,low_vol
,2026-04-23T21:26:33.420194,BTC,Mean Reversion,shadow,short,77908.6,77926.36,77902.99,77908.6,-12.28,-102.3,3094,low_vol
,2026-04-23T21:26:41.527001,BTC,Mean Reversion,paper,long,77917.66,77912.95,77917.66,77917.66,-0.61,-0.6,2320,trending
,2026-04-23T21:26:41.527782,BTC,Mean Reversion,shadow,long,77957.94,77882.33,77905.71,77957.94,-19.7,-109.7,2445,trending
,2026-04-23T21:26:43.555100,ETH,Mean Reversion,paper,short,2324.49,2324.6,2324.49,2324.49,-0.44,-0.4,526,high_vol
,2026-04-23T21:26:43.555904,ETH,Mean Reversion,shadow,short,2324.66,2325.17,2324.47,2324.66,-12.18,-102.2,2755,high_vol
,2026-04-23T21:26:59.768946,ETH,Mean Reversion,paper,long,2324.02,2324.07,2324.02,2324.02,0.22,0.2,1774,trending
,2026-04-23T21:26:59.769774,ETH,Mean Reversion,shadow,long,2325.68,2323.77,2324.47,2325.68,-18.23,-108.2,1042,trending
,2026-04-23T21:27:13.952570,BTC,Mean Reversion,paper,short,77891.69,77906.97,77891.69,77891.69,-1.96,-2.0,2421,trending
,2026-04-23T21:27:13.953438,BTC,Mean Reversion,shadow,short,77900.02,77922.66,77899.29,77900.02,-12.91,-102.9,2913,trending
,2026-04-23T21:27:24.085842,ETH,Mean Reversion,paper,long,2324.8,2324.69,2324.8,2324.8,-0.5,-0.5,2799,ranging
,2026-04-23T21:27:24.086697,ETH,Mean Reversion,shadow,long,2325.98,2324.07,2324.77,2325.98,-18.23,-108.2,996,ranging
,2026-04-23T21:27:48.409396,BTC,Mean Reversion,paper,short,77898.45,77889.24,77898.45,77898.45,1.18,1.2,2849,low_vol
,2026-04-23T21:27:48.410192,BTC,Mean Reversion,shadow,short,77907.12,77926.37,77902.99,77907.12,-12.47,-102.5,845,low_vol
,2026-04-23T21:27:52.468001,ETH,Mean Reversion,paper,short,2324.07,2323.95,2324.07,2324.07,0.53,0.5,1637,low_vol
,2026-04-23T21:27:52.468752,ETH,Mean Reversion,shadow,short,2324.6,2324.94,2324.24,2324.6,-11.49,-101.5,1069,low_vol
,2026-04-23T21:28:00.571793,BTC,Mean Reversion,paper,long,77893.16,77901.27,77893.16,77893.16,1.04,1.0,2629,ranging
,2026-04-23T21:28:00.572601,BTC,Mean Reversion,shadow,long,77960.34,77879.62,77902.99,77960.34,-20.35,-110.4,3057,ranging
,2026-04-23T21:28:16.780361,ETH,Mean Reversion,paper,short,2324.39,2324.47,2324.39,2324.39,-0.34,-0.3,3555,high_vol
,2026-04-23T21:28:16.781160,ETH,Mean Reversion,shadow,short,2324.56,2324.95,2324.26,2324.56,-11.69,-101.7,2371,high_vol
,2026-04-23T21:28:39.068688,BTC,Mean Reversion,paper,short,77915.88,77889.98,77915.88,77915.88,3.32,3.3,1567,ranging
,2026-04-23T21:28:39.069061,BTC,Mean Reversion,shadow,short,77900.76,77926.45,77903.08,77900.76,-13.3,-103.3,786,ranging
,2026-04-23T21:28:57.303326,BTC,Mean Reversion,paper,long,77904.91,77924.4,77904.91,77904.91,2.5,2.5,1081,trending
,2026-04-23T21:28:57.304098,BTC,Mean Reversion,shadow,long,77960.25,77885.82,77909.2,77960.25,-19.55,-109.5,2706,trending
,2026-04-23T21:29:07.468273,BTC,Mean Reversion,paper,short,77905.42,77903.53,77905.42,77905.42,0.24,0.2,755,low_vol
,2026-04-23T21:29:07.468927,BTC,Mean Reversion,shadow,short,77914.78,77935.37,77911.99,77914.78,-12.64,-102.6,1559,low_vol
,2026-04-23T21:29:33.867471,ETH,Mean Reversion,paper,short,2324.59,2324.99,2324.59,2324.59,-1.71,-1.7,1360,ranging
,2026-04-23T21:29:33.868066,ETH,Mean Reversion,shadow,short,2324.81,2325.38,2324.68,2324.81,-12.44,-102.4,2140,ranging
,2026-04-23T21:29:41.973556,BTC,Mean Reversion,paper,long,77924.02,77920.01,77924.02,77924.02,-0.52,-0.5,2342,trending
,2026-04-23T21:29:41.974378,BTC,Mean Reversion,shadow,long,77973.59,77898.54,77921.92,77973.59,-19.63,-109.6,1589,trending
,2026-04-23T21:30:12.417482,ETH,Mean Reversion,paper,long,2325.15,2325.23,2325.15,2325.15,0.34,0.3,2358,low_vol
,2026-04-23T21:30:12.419131,ETH,Mean Reversion,shadow,long,2327.11,2324.81,2325.51,2327.11,-19.87,-109.9,2207,low_vol
,2026-04-23T21:30:20.544058,ETH,Mean Reversion,paper,short,2326.15,2325.65,2326.15,2326.15,2.14,2.1,3075,low_vol
,2026-04-23T21:30:20.544867,ETH,Mean Reversion,shadow,short,2325.86,2326.68,2325.98,2325.86,-13.55,-103.6,1015,low_vol
,2026-04-23T21:31:41.771996,ETH,Mean Reversion,paper,short,2325.87,2326.05,2325.87,2325.87,-0.78,-0.8,1730,low_vol
,2026-04-23T21:31:41.772814,ETH,Mean Reversion,shadow,short,2326.24,2326.57,2325.88,2326.24,-11.44,-101.4,247,low_vol
,2026-04-23T21:31:43.809805,BTC,Mean Reversion,paper,short,77982.17,77982.48,77982.17,77982.17,-0.04,-0.0,2167,low_vol
,2026-04-23T21:31:43.810550,BTC,Mean Reversion,shadow,short,77999.12,78010.09,77986.7,77999.12,-11.41,-101.4,1237,low_vol
,2026-04-23T21:31:45.854589,BTC,Mean Reversion,paper,long,77980.35,77979.91,77980.35,77980.35,-0.06,-0.1,1894,trending
,2026-04-23T21:31:45.855198,BTC,Mean Reversion,shadow,long,78026.14,77963.3,77986.7,78026.14,-18.05,-108.1,3316,trending
,2026-04-23T21:32:08.181410,ETH,Mean Reversion,paper,long,2326.74,2326.33,2326.74,2326.74,-1.77,-1.8,217,low_vol
,2026-04-23T21:32:08.181929,ETH,Mean Reversion,shadow,long,2327.79,2325.88,2326.57,2327.79,-18.22,-108.2,2255,low_vol
,2026-04-23T21:32:20.373252,ETH,Mean Reversion,paper,long,2326.41,2326.44,2326.41,2326.41,0.14,0.1,941,trending
,2026-04-23T21:32:20.374022,ETH,Mean Reversion,shadow,long,2327.77,2325.47,2326.17,2327.77,-19.88,-109.9,1378,trending
,2026-04-23T21:32:22.406435,ETH,Mean Reversion,paper,long,2326.53,2325.87,2326.53,2326.53,-2.81,-2.8,1688,low_vol
,2026-04-23T21:32:22.407137,ETH,Mean Reversion,shadow,long,2327.56,2325.47,2326.16,2327.56,-19.0,-109.0,2830,low_vol
,2026-04-23T21:32:36.630301,ETH,Mean Reversion,paper,short,2325.75,2325.77,2325.75,2325.75,-0.11,-0.1,1053,trending
,2026-04-23T21:32:36.631941,ETH,Mean Reversion,shadow,short,2326.24,2326.85,2326.15,2326.24,-12.62,-102.6,2656,trending
,2026-04-23T21:32:40.687560,BTC,Mean Reversion,paper,short,78004.28,78000.56,78004.28,78004.28,0.48,0.5,1464,high_vol
,2026-04-23T21:32:40.688341,BTC,Mean Reversion,shadow,short,77996.83,78019.4,77996.01,77996.83,-12.89,-102.9,2145,high_vol
,2026-04-23T21:32:58.973122,ETH,Mean Reversion,paper,long,2326.13,2326.02,2326.13,2326.13,-0.48,-0.5,920,ranging
,2026-04-23T21:32:58.973956,ETH,Mean Reversion,shadow,long,2327.76,2325.29,2325.99,2327.76,-20.6,-110.6,3352,ranging
,2026-04-23T21:33:07.104169,ETH,Mean Reversion,paper,short,2325.74,2325.86,2325.74,2325.74,-0.51,-0.5,2989,low_vol
,2026-04-23T21:33:07.104972,ETH,Mean Reversion,shadow,short,2326.41,2326.66,2325.97,2326.41,-11.09,-101.1,2161,low_vol
,2026-04-23T21:33:21.321804,ETH,Mean Reversion,paper,long,2326.56,2325.89,2326.56,2326.56,-2.9,-2.9,2635,trending
,2026-04-23T21:33:21.322596,ETH,Mean Reversion,shadow,long,2327.53,2325.5,2326.19,2327.53,-18.73,-108.7,540,trending
,2026-04-23T21:33:47.727525,ETH,Mean Reversion,paper,long,2327.52,2326.99,2327.52,2327.52,-2.28,-2.3,3181,high_vol
,2026-04-23T21:33:47.728346,ETH,Mean Reversion,shadow,long,2328.79,2326.7,2327.39,2328.79,-19.0,-109.0,1179,high_vol
,2026-04-23T21:34:01.920058,BTC,Mean Reversion,paper,long,78034.75,78011.91,78034.75,78034.75,-2.93,-2.9,3597,trending
,2026-04-23T21:34:01.920872,BTC,Mean Reversion,shadow,long,78061.52,77997.37,78020.77,78061.52,-18.22,-108.2,572,trending
,2026-04-23T21:34:08.020503,BTC,Mean Reversion,paper,long,78018.33,78017.79,78018.33,78018.33,-0.07,-0.1,785,low_vol
,2026-04-23T21:34:08.021197,BTC,Mean Reversion,shadow,long,78078.16,77997.37,78020.77,78078.16,-20.35,-110.3,2197,low_vol
,2026-04-23T21:34:22.737588,BTC,Mean Reversion,paper,long,78022.8,78023.54,78022.8,78022.8,0.09,0.1,95,ranging
,2026-04-23T21:34:22.738499,BTC,Mean Reversion,shadow,long,78057.94,77985.05,78008.46,78057.94,-19.34,-109.3,285,ranging
,2026-04-23T21:34:51.158870,ETH,Mean Reversion,paper,long,2327.3,2327.23,2327.3,2327.3,-0.32,-0.3,718,high_vol
,2026-04-23T21:34:51.159620,ETH,Mean Reversion,shadow,long,2329.15,2326.93,2327.62,2329.15,-19.55,-109.6,3155,high_vol
,2026-04-23T21:34:55.214123,BTC,Mean Reversion,paper,short,78003.75,78010.55,78003.75,78003.75,-0.87,-0.9,3278,trending
,2026-04-23T21:34:55.214987,BTC,Mean Reversion,shadow,short,78029.97,78038.15,78014.74,78029.97,-11.05,-101.0,2691,trending
,2026-04-23T21:34:57.248983,BTC,Mean Reversion,paper,short,78022.26,78016.14,78022.26,78022.26,0.79,0.8,3393,trending
,2026-04-23T21:34:57.249515,BTC,Mean Reversion,shadow,short,78015.71,78038.15,78014.74,78015.71,-12.88,-102.9,932,trending
,2026-04-23T21:34:59.280469,BTC,Mean Reversion,paper,short,78029.6,78024.9,78029.6,78029.6,0.6,0.6,3339,trending
,2026-04-23T21:34:59.281258,BTC,Mean Reversion,shadow,short,78032.92,78041.1,78017.7,78032.92,-11.05,-101.0,251,trending
,2026-04-23T21:37:21.971215,ETH,Mean Reversion,paper,long,2328.42,2328.63,2328.42,2328.42,0.89,0.9,915,low_vol
,2026-04-23T21:37:21.972155,ETH,Mean Reversion,shadow,long,2330.2,2327.95,2328.64,2330.2,-19.68,-109.7,304,low_vol
,2026-04-23T21:37:40.255602,BTC,Mean Reversion,paper,short,78056.7,78043.76,78056.7,78056.7,1.66,1.7,1597,trending
,2026-04-23T21:37:40.256250,BTC,Mean Reversion,shadow,short,78060.98,78080.35,78056.93,78060.98,-12.48,-102.5,787,trending
,2026-04-23T21:37:54.468023,ETH,Mean Reversion,paper,short,2329.85,2329.48,2329.85,2329.85,1.62,1.6,494,low_vol
,2026-04-23T21:37:54.468686,ETH,Mean Reversion,shadow,short,2329.32,2330.16,2329.47,2329.32,-13.64,-103.6,2197,low_vol
,2026-04-23T21:40:52.944903,ETH,Mean Reversion,paper,long,2329.53,2329.67,2329.53,2329.53,0.59,0.6,2499,low_vol
,2026-04-23T21:40:52.946606,ETH,Mean Reversion,shadow,long,2331.16,2328.79,2329.49,2331.16,-20.18,-110.2,1514,low_vol
,2026-04-23T21:40:54.975207,BTC,Mean Reversion,paper,short,78068.4,78059.12,78068.4,78068.4,1.19,1.2,1399,trending
,2026-04-23T21:40:54.975811,BTC,Mean Reversion,shadow,short,78056.53,78080.71,78057.29,78056.53,-13.1,-103.1,3594,trending
,2026-04-23T21:41:50.229957,BTC,Mean Reversion,paper,long,78058.53,78045.37,78058.53,78058.53,-1.69,-1.7,1576,ranging
,2026-04-23T21:41:50.230723,BTC,Mean Reversion,shadow,long,78099.26,78033.88,78057.29,78099.26,-18.37,-108.4,1105,ranging
,2026-04-23T21:42:33.813285,ETH,Mean Reversion,paper,short,2329.58,2329.23,2329.58,2329.58,1.46,1.5,3497,trending
,2026-04-23T21:42:33.813962,ETH,Mean Reversion,shadow,short,2329.32,2330.18,2329.49,2329.32,-13.7,-103.7,2218,trending
,2026-04-23T21:42:56.130946,ETH,Mean Reversion,paper,long,2329.14,2329.02,2329.14,2329.14,-0.51,-0.5,2006,high_vol
,2026-04-23T21:42:56.131680,ETH,Mean Reversion,shadow,long,2331.22,2328.79,2329.49,2331.22,-20.44,-110.4,2530,high_vol
,2026-04-23T22:00:16.608701,BTC,Mean Reversion,paper,short,78056.68,78066.29,78056.68,78056.68,-1.23,-1.2,518,trending
,2026-04-23T22:00:16.610274,BTC,Mean Reversion,shadow,short,78069.28,78080.71,78057.29,78069.28,-11.46,-101.5,2886,trending
,2026-04-23T22:00:34.905333,ETH,Mean Reversion,paper,short,2329.77,2329.25,2329.77,2329.77,2.24,2.2,1982,trending
,2026-04-23T22:00:34.906118,ETH,Mean Reversion,shadow,short,2329.5,2330.18,2329.49,2329.5,-12.94,-102.9,2790,trending
,2026-04-24T01:39:09.256562,BTC,Mean Reversion,paper,short,78108.58,78113.54,78108.58,78108.58,-0.64,-0.6,1854,low_vol
,2026-04-24T01:39:09.257435,BTC,Mean Reversion,shadow,short,78110.31,78134.12,78110.68,78110.31,-13.05,-103.0,1135,low_vol
,2026-04-24T01:39:11.280691,BTC,Mean Reversion,paper,long,78127.65,78131.19,78127.65,78127.65,0.45,0.5,2464,high_vol
,2026-04-24T01:39:11.281534,BTC,Mean Reversion,shadow,long,78163.04,78092.76,78116.2,78163.04,-18.99,-109.0,517,high_vol
,2026-04-24T01:39:15.323510,ETH,Mean Reversion,paper,long,2325.09,2325.11,2325.09,2325.09,0.12,0.1,932,low_vol
,2026-04-24T01:39:15.324184,ETH,Mean Reversion,shadow,long,2326.66,2324.18,2324.88,2326.66,-20.69,-110.7,1391,low_vol
,2026-04-24T01:39:33.536011,ETH,Mean Reversion,paper,short,2325.06,2324.88,2325.06,2325.06,0.76,0.8,2679,high_vol
,2026-04-24T01:39:33.537667,ETH,Mean Reversion,shadow,short,2324.66,2325.57,2324.88,2324.66,-13.92,-103.9,3126,high_vol
,2026-04-24T01:40:03.933491,BTC,Mean Reversion,paper,long,78139.94,78148.77,78139.94,78139.94,1.13,1.1,996,low_vol
,2026-04-24T01:40:03.934357,BTC,Mean Reversion,shadow,long,78187.05,78122.93,78146.38,78187.05,-18.2,-108.2,1581,low_vol
,2026-04-24T01:40:07.982748,ETH,Mean Reversion,paper,short,2325.56,2325.07,2325.56,2325.56,2.09,2.1,3476,ranging
,2026-04-24T01:40:07.983427,ETH,Mean Reversion,shadow,short,2325.33,2326.12,2325.43,2325.33,-13.39,-103.4,2619,ranging
,2026-04-24T01:40:12.041412,BTC,Mean Reversion,paper,long,78137.21,78142.24,78137.21,78137.21,0.64,0.6,1309,trending
,2026-04-24T01:40:12.042226,BTC,Mean Reversion,shadow,long,78187.33,78108.97,78132.4,78187.33,-20.02,-110.0,1237,trending
,2026-04-24T01:40:26.229455,BTC,Mean Reversion,paper,short,78124.08,78127.57,78124.08,78124.08,-0.45,-0.4,276,low_vol
,2026-04-24T01:40:26.230163,BTC,Mean Reversion,shadow,short,78136.73,78157.45,78134.01,78136.73,-12.65,-102.7,2045,low_vol
,2026-04-24T01:40:38.392342,ETH,Mean Reversion,paper,short,2326.33,2326.62,2326.33,2326.33,-1.24,-1.2,1952,trending
,2026-04-24T01:40:38.393015,ETH,Mean Reversion,shadow,short,2326.86,2327.16,2326.46,2326.86,-11.26,-101.3,1675,trending
,2026-04-24T01:40:46.492954,ETH,Mean Reversion,paper,short,2326.67,2326.52,2326.67,2326.67,0.68,0.7,3067,trending
,2026-04-24T01:40:46.493655,ETH,Mean Reversion,shadow,short,2326.32,2327.05,2326.36,2326.32,-13.16,-103.2,204,trending
,2026-04-24T01:40:48.517852,ETH,Mean Reversion,paper,long,2325.9,2325.97,2325.9,2325.9,0.26,0.3,2154,low_vol
,2026-04-24T01:40:48.518581,ETH,Mean Reversion,shadow,long,2328.09,2325.64,2326.34,2328.09,-20.51,-110.5,1873,low_vol
,2026-04-24T01:41:14.850087,BTC,Mean Reversion,paper,short,78152.57,78142.73,78152.57,78152.57,1.26,1.3,1501,high_vol
,2026-04-24T01:41:14.850848,BTC,Mean Reversion,shadow,short,78163.39,78181.5,78158.05,78163.39,-12.32,-102.3,61,high_vol
,2026-04-24T01:41:37.150980,BTC,Mean Reversion,paper,long,78139.99,78137.26,78139.99,78139.99,-0.35,-0.3,179,high_vol
,2026-04-24T01:41:37.151371,BTC,Mean Reversion,shadow,long,78190.79,78127.56,78151.01,78190.79,-18.09,-108.1,3181,high_vol
,2026-04-24T01:41:55.399616,ETH,Mean Reversion,paper,short,2325.53,2325.14,2325.53,2325.53,1.7,1.7,1258,high_vol
,2026-04-24T01:41:55.400429,ETH,Mean Reversion,shadow,short,2325.84,2326.26,2325.56,2325.84,-11.79,-101.8,126,high_vol
,2026-04-24T01:41:57.430930,ETH,Mean Reversion,paper,short,2325.33,2326.15,2325.33,2325.33,-3.52,-3.5,912,ranging
,2026-04-24T01:41:57.431724,ETH,Mean Reversion,shadow,short,2325.97,2326.42,2325.72,2325.97,-11.93,-101.9,1611,ranging
,2026-04-24T01:42:13.651020,ETH,Mean Reversion,paper,long,2325.31,2325.13,2325.31,2325.31,-0.78,-0.8,3396,trending
,2026-04-24T01:42:13.651727,ETH,Mean Reversion,shadow,long,2326.99,2324.87,2325.57,2326.99,-19.1,-109.1,1041,trending
,2026-04-24T01:42:15.676514,ETH,Mean Reversion,paper,short,2325.35,2325.71,2325.35,2325.35,-1.55,-1.6,811,low_vol
,2026-04-24T01:42:15.677184,ETH,Mean Reversion,shadow,short,2325.36,2326.26,2325.57,2325.36,-13.9,-103.9,2671,low_vol
,2026-04-24T01:42:25.794124,ETH,Mean Reversion,paper,long,2325.89,2325.7,2325.89,2325.89,-0.82,-0.8,2365,trending
,2026-04-24T01:42:25.794519,ETH,Mean Reversion,shadow,long,2326.88,2324.89,2325.59,2326.88,-18.57,-108.6,1694,trending
,2026-04-24T01:43:02.297044,BTC,Mean Reversion,paper,long,78123.11,78137.78,78123.11,78123.11,1.88,1.9,82,trending
,2026-04-24T01:43:02.297825,BTC,Mean Reversion,shadow,long,78175.85,78106.02,78129.46,78175.85,-18.93,-108.9,905,trending
,2026-04-24T01:43:06.356540,ETH,Mean Reversion,paper,long,2324.19,2323.85,2324.19,2324.19,-1.47,-1.5,1643,trending
,2026-04-24T01:43:06.357310,ETH,Mean Reversion,shadow,long,2326.03,2323.49,2324.19,2326.03,-20.9,-110.9,1096,trending
,2026-04-24T01:43:20.551665,ETH,Mean Reversion,paper,short,2323.38,2323.77,2323.38,2323.38,-1.7,-1.7,3536,trending
,2026-04-24T01:43:20.552480,ETH,Mean Reversion,shadow,short,2323.53,2324.32,2323.62,2323.53,-13.38,-103.4,3199,trending
,2026-04-24T01:43:24.612226,BTC,Mean Reversion,paper,short,78092.7,78090.46,78092.7,78092.7,0.29,0.3,2806,low_vol
,2026-04-24T01:43:24.613030,BTC,Mean Reversion,shadow,short,78100.02,78127.45,78104.01,78100.02,-13.51,-103.5,2773,low_vol
,2026-04-24T01:43:32.735496,BTC,Mean Reversion,paper,long,78081.08,78076.96,78081.08,78081.08,-0.53,-0.5,3394,ranging
,2026-04-24T01:43:32.735838,BTC,Mean Reversion,shadow,long,78146.24,78062.48,78085.9,78146.24,-20.72,-110.7,464,ranging
,2026-04-24T01:43:38.794424,ETH,Mean Reversion,paper,long,2323.0,2322.91,2323.0,2323.0,-0.36,-0.4,466,ranging
,2026-04-24T01:43:38.795102,ETH,Mean Reversion,shadow,long,2324.53,2322.39,2323.09,2324.53,-19.19,-109.2,2443,ranging
,2026-04-24T01:43:46.891931,ETH,Mean Reversion,paper,short,2322.93,2322.48,2322.93,2322.93,1.93,1.9,3529,trending
,2026-04-24T01:43:46.892510,ETH,Mean Reversion,shadow,short,2323.07,2323.52,2322.82,2323.07,-11.94,-101.9,2242,trending
,2026-04-24T01:43:50.943757,BTC,Mean Reversion,paper,short,78077.97,78078.64,78077.97,78077.97,-0.09,-0.1,846,ranging
,2026-04-24T01:43:50.944542,BTC,Mean Reversion,shadow,short,78066.3,78092.62,78069.2,78066.3,-13.37,-103.4,3296,ranging
,2026-04-24T01:44:01.067492,ETH,Mean Reversion,paper,short,2322.86,2323.25,2322.86,2322.86,-1.68,-1.7,698,low_vol
,2026-04-24T01:44:01.068177,ETH,Mean Reversion,shadow,short,2323.11,2323.55,2322.86,2323.11,-11.89,-101.9,3552,low_vol
,2026-04-24T01:44:35.564373,ETH,Mean Reversion,paper,long,2322.63,2321.98,2322.63,2322.63,-2.81,-2.8,2456,high_vol
,2026-04-24T01:44:35.565198,ETH,Mean Reversion,shadow,long,2323.51,2321.57,2322.27,2323.51,-18.36,-108.4,1842,high_vol
,2026-04-24T01:44:49.751048,BTC,Mean Reversion,paper,long,78070.91,78065.1,78070.91,78070.91,-0.74,-0.7,82,ranging
,2026-04-24T01:44:49.751659,BTC,Mean Reversion,shadow,long,78123.73,78054.69,78078.11,78123.73,-18.84,-108.8,3373,ranging
,2026-04-24T01:45:05.954574,ETH,Mean Reversion,paper,short,2322.17,2321.84,2322.17,2322.17,1.44,1.4,1830,ranging
,2026-04-24T01:45:05.955441,ETH,Mean Reversion,shadow,short,2322.53,2322.96,2322.27,2322.53,-11.87,-101.9,1861,ranging
,2026-04-24T01:45:20.134936,BTC,Mean Reversion,paper,long,78082.77,78069.5,78082.77,78082.77,-1.7,-1.7,2292,low_vol
,2026-04-24T01:45:20.135593,BTC,Mean Reversion,shadow,long,78120.96,78049.24,78072.67,78120.96,-19.18,-109.2,1563,low_vol
,2026-04-24T01:45:30.274946,ETH,Mean Reversion,paper,short,2322.69,2322.74,2322.69,2322.69,-0.23,-0.2,3291,ranging
,2026-04-24T01:45:30.275432,ETH,Mean Reversion,shadow,short,2322.37,2323.08,2322.39,2322.37,-13.06,-103.1,1644,ranging
,2026-04-24T01:45:38.412181,ETH,Mean Reversion,paper,long,2322.81,2322.27,2322.81,2322.81,-2.32,-2.3,1343,high_vol
,2026-04-24T01:45:38.413154,ETH,Mean Reversion,shadow,long,2323.57,2321.71,2322.4,2323.57,-18.0,-108.0,1341,high_vol
,2026-04-24T01:45:46.545450,ETH,Mean Reversion,paper,short,2321.7,2322.02,2321.7,2321.7,-1.36,-1.4,2284,trending
,2026-04-24T01:45:46.547064,ETH,Mean Reversion,shadow,short,2322.2,2322.65,2321.95,2322.2,-11.95,-102.0,788,trending
,2026-04-24T01:46:02.788213,ETH,Mean Reversion,paper,long,2321.74,2322.02,2321.74,2321.74,1.17,1.2,1465,ranging
,2026-04-24T01:46:02.788968,ETH,Mean Reversion,shadow,long,2323.12,2321.23,2321.93,2323.12,-18.12,-108.1,219,ranging
,2026-04-24T01:46:25.116611,ETH,Mean Reversion,paper,long,2322.93,2322.78,2322.93,2322.93,-0.63,-0.6,2111,ranging
,2026-04-24T01:46:25.117367,ETH,Mean Reversion,shadow,long,2324.4,2321.94,2322.64,2324.4,-20.59,-110.6,3495,ranging
,2026-04-24T01:46:49.504460,ETH,Mean Reversion,paper,long,2323.9,2323.77,2323.9,2323.9,-0.57,-0.6,562,ranging
,2026-04-24T01:46:49.505248,ETH,Mean Reversion,shadow,long,2324.66,2322.78,2323.48,2324.66,-18.07,-108.1,2337,ranging
,2026-04-24T01:47:13.887591,ETH,Mean Reversion,paper,long,2326.18,2326.3,2326.18,2326.18,0.49,0.5,1744,high_vol
,2026-04-24T01:47:13.888384,ETH,Mean Reversion,shadow,long,2327.86,2325.34,2326.04,2327.86,-20.83,-110.8,3379,high_vol
,2026-04-24T01:47:17.957741,ETH,Mean Reversion,paper,long,2326.57,2325.86,2326.57,2326.57,-3.04,-3.0,2733,high_vol
,2026-04-24T01:47:17.958468,ETH,Mean Reversion,shadow,long,2327.59,2325.44,2326.14,2327.59,-19.23,-109.2,2114,high_vol
,2026-04-24T01:47:24.059715,BTC,Mean Reversion,paper,long,78163.95,78152.28,78163.95,78163.95,-1.49,-1.5,150,low_vol
,2026-04-24T01:47:24.060290,BTC,Mean Reversion,shadow,long,78208.51,78128.5,78151.95,78208.51,-20.23,-110.2,159,low_vol
,2026-04-24T01:48:16.841311,ETH,Mean Reversion,paper,long,2329.36,2330.22,2329.36,2329.36,3.67,3.7,1150,low_vol
,2026-04-24T01:48:16.842024,ETH,Mean Reversion,shadow,long,2331.17,2329.12,2329.82,2331.17,-18.83,-108.8,2303,low_vol
,2026-04-24T01:48:20.903955,BTC,Mean Reversion,paper,long,78263.56,78248.63,78263.56,78263.56,-1.91,-1.9,1149,high_vol
,2026-04-24T01:48:20.904622,BTC,Mean Reversion,shadow,long,78312.09,78232.07,78255.54,78312.09,-20.22,-110.2,1629,high_vol
,2026-04-24T01:48:29.049443,ETH,Mean Reversion,paper,long,2330.09,2329.72,2330.09,2330.09,-1.6,-1.6,2932,ranging
,2026-04-24T01:48:29.050256,ETH,Mean Reversion,shadow,long,2331.44,2329.12,2329.82,2331.44,-19.97,-110.0,1103,ranging
,2026-04-24T01:48:31.083230,BTC,Mean Reversion,paper,long,78257.37,78261.71,78257.37,78257.37,0.55,0.6,2172,low_vol
,2026-04-24T01:48:31.084046,BTC,Mean Reversion,shadow,long,78298.95,78233.54,78257.01,78298.95,-18.35,-108.4,648,low_vol
,2026-04-24T01:48:37.184852,BTC,Mean Reversion,paper,short,78252.25,78247.59,78252.25,78252.25,0.6,0.6,2483,ranging
,2026-04-24T01:48:37.185645,BTC,Mean Reversion,shadow,short,78259.41,78271.9,78248.42,78259.41,-11.6,-101.6,3026,ranging
,2026-04-24T01:48:39.221737,BTC,Mean Reversion,paper,short,78230.74,78238.72,78230.74,78230.74,-1.02,-1.0,2493,trending
,2026-04-24T01:48:39.222552,BTC,Mean Reversion,shadow,short,78248.53,78267.48,78244.01,78248.53,-12.42,-102.4,3371,trending
,2026-04-24T01:48:53.457621,ETH,Mean Reversion,paper,long,2328.04,2328.6,2328.04,2328.04,2.41,2.4,285,ranging
,2026-04-24T01:48:53.459250,ETH,Mean Reversion,shadow,long,2330.1,2327.7,2328.39,2330.1,-20.31,-110.3,1134,ranging
,2026-04-24T01:50:37.059848,ETH,Mean Reversion,paper,short,2333.22,2333.4,2333.22,2333.22,-0.78,-0.8,1633,trending
,2026-04-24T01:50:37.061576,ETH,Mean Reversion,shadow,short,2333.23,2333.64,2332.94,2333.23,-11.78,-101.8,1992,trending
,2026-04-24T01:50:58.434316,BTC,Mean Reversion,paper,short,78395.75,78397.53,78395.75,78395.75,-0.23,-0.2,2070,ranging
,2026-04-24T01:50:58.435113,BTC,Mean Reversion,shadow,short,78399.98,78408.7,78385.18,78399.98,-11.11,-101.1,3446,ranging
,2026-04-24T01:51:04.531652,ETH,Mean Reversion,paper,long,2332.91,2332.58,2332.91,2332.91,-1.42,-1.4,2255,low_vol
,2026-04-24T01:51:04.532430,ETH,Mean Reversion,shadow,long,2334.39,2332.33,2333.03,2334.39,-18.83,-108.8,1539,low_vol
,2026-04-24T01:51:06.561644,ETH,Mean Reversion,paper,long,2333.33,2333.32,2333.33,2333.33,-0.03,-0.0,117,low_vol
,2026-04-24T01:51:06.562438,ETH,Mean Reversion,shadow,long,2334.32,2332.31,2333.01,2334.32,-18.65,-108.7,1148,low_vol
,2026-04-24T01:51:08.595805,BTC,Mean Reversion,paper,long,78400.83,78394.48,78400.83,78400.83,-0.81,-0.8,1275,low_vol
,2026-04-24T01:51:08.596580,BTC,Mean Reversion,shadow,long,78465.55,78384.77,78408.29,78465.55,-20.29,-110.3,1295,low_vol
,2026-04-24T01:51:16.726234,BTC,Mean Reversion,paper,short,78413.3,78412.03,78413.3,78413.3,0.16,0.2,2234,trending
,2026-04-24T01:51:16.727086,BTC,Mean Reversion,shadow,short,78406.22,78422.52,78399.01,78406.22,-12.08,-102.1,259,trending
,2026-04-24T01:51:24.831101,ETH,Mean Reversion,paper,short,2334.81,2334.14,2334.81,2334.81,2.9,2.9,2586,high_vol
,2026-04-24T01:51:24.831798,ETH,Mean Reversion,shadow,short,2334.3,2335.1,2334.4,2334.3,-13.42,-103.4,2204,high_vol
,2026-04-24T01:51:34.976531,BTC,Mean Reversion,paper,long,78435.59,78417.05,78435.59,78435.59,-2.36,-2.4,1524,high_vol
,2026-04-24T01:51:34.977224,BTC,Mean Reversion,shadow,long,78481.31,78406.48,78430.01,78481.31,-19.53,-109.5,843,high_vol
,2026-04-24T01:51:53.235495,BTC,Mean Reversion,paper,short,78487.4,78475.87,78487.4,78487.4,1.47,1.5,827,ranging
,2026-04-24T01:51:53.236255,BTC,Mean Reversion,shadow,short,78480.49,78496.52,78472.98,78480.49,-12.04,-102.0,1350,ranging
,2026-04-24T01:52:03.372338,BTC,Mean Reversion,paper,long,78454.0,78463.16,78454.0,78454.0,1.17,1.2,2911,low_vol
,2026-04-24T01:52:03.373136,BTC,Mean Reversion,shadow,long,78501.43,78424.17,78447.71,78501.43,-19.84,-109.8,1209,low_vol
,2026-04-24T01:52:09.447130,ETH,Mean Reversion,paper,long,2332.6,2333.21,2332.6,2332.6,2.63,2.6,2200,high_vol
,2026-04-24T01:52:09.447891,ETH,Mean Reversion,shadow,long,2334.16,2332.2,2332.89,2334.16,-18.44,-108.4,185,high_vol
,2026-04-24T01:52:43.828843,ETH,Mean Reversion,paper,long,2333.49,2334.03,2333.49,2333.49,2.3,2.3,2605,ranging
,2026-04-24T01:52:43.829523,ETH,Mean Reversion,shadow,long,2335.5,2333.1,2333.8,2335.5,-20.26,-110.3,2293,ranging
,2026-04-24T01:53:24.305285,ETH,Mean Reversion,paper,short,2332.33,2332.0,2332.33,2332.33,1.43,1.4,2322,low_vol
,2026-04-24T01:53:24.306763,ETH,Mean Reversion,shadow,short,2332.32,2333.02,2332.32,2332.32,-13.04,-103.0,2178,low_vol
,2026-04-24T01:53:58.689930,BTC,Mean Reversion,paper,short,78403.21,78383.63,78403.21,78403.21,2.5,2.5,2665,ranging
,2026-04-24T01:53:58.690119,BTC,Mean Reversion,shadow,short,78394.47,78422.77,78399.26,78394.47,-13.61,-103.6,2260,ranging
,2026-04-24T01:54:00.701290,BTC,Mean Reversion,paper,long,78405.74,78390.68,78405.74,78405.74,-1.92,-1.9,2762,trending
,2026-04-24T01:54:00.702127,BTC,Mean Reversion,shadow,long,78442.79,78372.47,78395.99,78442.79,-18.96,-109.0,2171,trending
,2026-04-24T01:54:22.956621,ETH,Mean Reversion,paper,long,2332.45,2332.27,2332.45,2332.45,-0.76,-0.8,2396,low_vol
,2026-04-24T01:54:22.957446,ETH,Mean Reversion,shadow,long,2334.0,2331.8,2332.49,2334.0,-19.44,-109.4,3593,low_vol
,2026-04-24T01:54:26.999405,ETH,Mean Reversion,paper,short,2332.03,2332.76,2332.03,2332.03,-3.12,-3.1,351,high_vol
,2026-04-24T01:54:27.000023,ETH,Mean Reversion,shadow,short,2332.55,2333.15,2332.45,2332.55,-12.57,-102.6,3443,high_vol
,2026-04-24T01:54:29.024061,ETH,Mean Reversion,paper,long,2332.31,2332.6,2332.31,2332.31,1.25,1.2,1245,trending
,2026-04-24T01:54:29.024880,ETH,Mean Reversion,shadow,long,2333.82,2331.74,2332.43,2333.82,-18.93,-108.9,2876,trending
,2026-04-24T01:54:31.046489,ETH,Mean Reversion,paper,short,2332.62,2332.11,2332.62,2332.62,2.17,2.2,1221,low_vol
,2026-04-24T01:54:31.047351,ETH,Mean Reversion,shadow,short,2332.68,2333.21,2332.51,2332.68,-12.27,-102.3,1410,low_vol
,2026-04-24T01:54:33.068234,ETH,Mean Reversion,paper,long,2332.27,2332.31,2332.27,2332.27,0.15,0.1,818,ranging
,2026-04-24T01:54:33.068882,ETH,Mean Reversion,shadow,long,2333.99,2331.72,2332.41,2333.99,-19.76,-109.8,476,ranging
,2026-04-24T01:54:43.186016,ETH,Mean Reversion,paper,short,2331.83,2332.26,2331.83,2331.83,-1.84,-1.8,1440,high_vol
,2026-04-24T01:54:43.186667,ETH,Mean Reversion,shadow,short,2332.44,2332.9,2332.2,2332.44,-12.01,-102.0,773,high_vol
,2026-04-24T01:54:49.257004,ETH,Mean Reversion,paper,long,2332.44,2332.46,2332.44,2332.44,0.08,0.1,3557,ranging
,2026-04-24T01:54:49.257832,ETH,Mean Reversion,shadow,long,2334.06,2331.87,2332.57,2334.06,-19.38,-109.4,3051,ranging
,2026-04-24T01:54:59.375101,BTC,Mean Reversion,paper,short,78416.79,78422.72,78416.79,78416.79,-0.76,-0.8,1198,ranging
,2026-04-24T01:54:59.375848,BTC,Mean Reversion,shadow,short,78417.58,78445.48,78421.96,78417.58,-13.56,-103.6,1052,ranging
,2026-04-24T01:55:01.398914,BTC,Mean Reversion,paper,short,78411.07,78433.78,78411.07,78411.07,-2.9,-2.9,3442,trending
,2026-04-24T01:55:01.399600,BTC,Mean Reversion,shadow,short,78434.5,78443.52,78419.99,78434.5,-11.15,-101.2,3491,trending
,2026-04-24T01:55:09.491122,ETH,Mean Reversion,paper,long,2332.21,2332.29,2332.21,2332.21,0.35,0.4,3375,high_vol
,2026-04-24T01:55:09.497215,ETH,Mean Reversion,shadow,long,2333.5,2331.57,2332.27,2333.5,-18.25,-108.3,487,high_vol
,2026-04-24T01:55:37.808001,ETH,Mean Reversion,paper,short,2332.49,2332.3,2332.49,2332.49,0.81,0.8,1989,ranging
,2026-04-24T01:55:37.808586,ETH,Mean Reversion,shadow,short,2332.41,2333.27,2332.57,2332.41,-13.71,-103.7,505,ranging
,2026-04-24T01:56:46.348588,BTC,Mean Reversion,paper,long,78416.18,78423.64,78416.18,78416.18,0.95,1.0,2167,ranging
,2026-04-24T01:56:46.349247,BTC,Mean Reversion,shadow,long,78482.93,78403.74,78427.26,78482.93,-20.09,-110.1,428,ranging
,2026-04-24T01:57:20.794248,BTC,Mean Reversion,paper,long,78463.22,78453.23,78463.22,78463.22,-1.27,-1.3,2104,high_vol
,2026-04-24T01:57:20.795275,BTC,Mean Reversion,shadow,long,78510.05,78434.37,78457.9,78510.05,-19.64,-109.6,415,high_vol
,2026-04-24T01:57:24.851896,BTC,Mean Reversion,paper,short,78464.65,78453.51,78464.65,78464.65,1.42,1.4,167,low_vol
,2026-04-24T01:57:24.852469,BTC,Mean Reversion,shadow,short,78462.47,78492.3,78468.76,78462.47,-13.8,-103.8,1461,low_vol
,2026-04-24T01:57:37.021569,BTC,Mean Reversion,paper,short,78473.17,78462.52,78473.17,78473.17,1.36,1.4,3206,ranging
,2026-04-24T01:57:37.023039,BTC,Mean Reversion,shadow,short,78479.19,78488.38,78464.85,78479.19,-11.17,-101.2,2485,ranging
,2026-04-24T01:57:43.088549,ETH,Mean Reversion,paper,short,2333.64,2334.03,2333.64,2333.64,-1.69,-1.7,489,ranging
,2026-04-24T01:57:43.089354,ETH,Mean Reversion,shadow,short,2333.57,2334.43,2333.73,2333.57,-13.67,-103.7,1499,ranging
,2026-04-24T01:57:55.265136,ETH,Mean Reversion,paper,long,2333.62,2333.44,2333.62,2333.62,-0.77,-0.8,3345,trending
,2026-04-24T01:57:55.265940,ETH,Mean Reversion,shadow,long,2335.28,2332.9,2333.61,2335.28,-20.18,-110.2,3046,trending
,2026-04-24T01:58:13.531665,ETH,Mean Reversion,paper,long,2334.26,2334.16,2334.26,2334.26,-0.43,-0.4,1893,low_vol
,2026-04-24T01:58:13.533058,ETH,Mean Reversion,shadow,long,2335.03,2333.13,2333.83,2335.03,-18.14,-108.1,2975,low_vol
,2026-04-24T01:58:31.764490,ETH,Mean Reversion,paper,short,2333.48,2333.93,2333.48,2333.48,-1.95,-2.0,3457,high_vol
,2026-04-24T01:58:31.765230,ETH,Mean Reversion,shadow,short,2334.2,2334.59,2333.89,2334.2,-11.63,-101.6,508,high_vol
,2026-04-24T01:58:39.876630,BTC,Mean Reversion,paper,short,78476.82,78474.17,78476.82,78476.82,0.34,0.3,148,high_vol
,2026-04-24T01:58:39.877326,BTC,Mean Reversion,shadow,short,78462.45,78490.75,78467.21,78462.45,-13.61,-103.6,359,high_vol
,2026-04-24T01:59:00.133438,ETH,Mean Reversion,paper,long,2333.92,2333.81,2333.92,2333.92,-0.48,-0.5,1929,ranging
,2026-04-24T01:59:00.134339,ETH,Mean Reversion,shadow,long,2334.79,2332.83,2333.53,2334.79,-18.38,-108.4,2725,ranging
,2026-04-24T01:59:06.207882,BTC,Mean Reversion,paper,long,78468.99,78469.9,78468.99,78468.99,0.12,0.1,3468,low_vol
,2026-04-24T01:59:06.208721,BTC,Mean Reversion,shadow,long,78521.64,78443.98,78467.52,78521.64,-19.89,-109.9,710,low_vol
,2026-04-24T01:59:28.454588,BTC,Mean Reversion,paper,long,78465.29,78460.36,78465.29,78465.29,-0.63,-0.6,3165,ranging
,2026-04-24T01:59:28.456206,BTC,Mean Reversion,shadow,long,78516.37,78440.02,78463.55,78516.37,-19.73,-109.7,1620,ranging
,2026-04-24T02:04:21.444591,ETH,Mean Reversion,paper,long,2334.98,2334.83,2334.98,2334.98,-0.61,-0.6,630,low_vol
,2026-04-24T02:04:21.446426,ETH,Mean Reversion,shadow,long,2336.29,2334.2,2334.91,2336.29,-18.95,-108.9,1084,low_vol
,2026-04-24T02:04:23.475845,ETH,Mean Reversion,paper,long,2334.49,2334.81,2334.49,2334.49,1.36,1.4,1142,low_vol
,2026-04-24T02:04:23.477032,ETH,Mean Reversion,shadow,long,2336.38,2333.81,2334.52,2336.38,-20.98,-111.0,2704,low_vol
,2026-04-24T02:04:35.636605,BTC,Mean Reversion,paper,long,78488.77,78503.63,78488.77,78488.77,1.89,1.9,2820,trending
,2026-04-24T02:04:35.637438,BTC,Mean Reversion,shadow,long,78557.66,78474.66,78498.21,78557.66,-20.57,-110.6,1001,trending
,2026-04-24T02:04:59.959666,BTC,Mean Reversion,paper,short,78448.6,78439.87,78448.6,78448.6,1.11,1.1,1942,high_vol
,2026-04-24T02:04:59.960480,BTC,Mean Reversion,shadow,short,78464.02,78478.01,78454.48,78464.02,-11.78,-101.8,1101,high_vol
,2026-04-24T02:05:36.455760,BTC,Mean Reversion,paper,long,78443.27,78428.01,78443.27,78443.27,-1.95,-1.9,2087,high_vol
,2026-04-24T02:05:36.457389,BTC,Mean Reversion,shadow,long,78478.57,78405.71,78429.24,78478.57,-19.28,-109.3,239,high_vol
,2026-04-24T02:05:54.680812,ETH,Mean Reversion,paper,short,2331.87,2332.36,2331.87,2331.87,-2.07,-2.1,1166,trending
,2026-04-24T02:05:54.681470,ETH,Mean Reversion,shadow,short,2332.37,2332.7,2332.0,2332.37,-11.4,-101.4,1615,trending
,2026-04-24T02:05:56.701149,ETH,Mean Reversion,paper,long,2331.72,2331.38,2331.72,2331.72,-1.46,-1.5,1300,trending
,2026-04-24T02:05:56.701848,ETH,Mean Reversion,shadow,long,2333.15,2331.12,2331.82,2333.15,-18.72,-108.7,3353,trending
,2026-04-24T02:08:03.400152,BTC,Mean Reversion,paper,short,78375.25,78386.31,78375.25,78375.25,-1.41,-1.4,510,low_vol
,2026-04-24T02:08:03.400858,BTC,Mean Reversion,shadow,short,78397.48,78412.66,78389.14,78397.48,-11.94,-101.9,2985,low_vol
,2026-04-24T02:08:05.421814,ETH,Mean Reversion,paper,short,2331.13,2331.43,2331.13,2331.13,-1.25,-1.2,309,high_vol
,2026-04-24T02:08:05.422597,ETH,Mean Reversion,shadow,short,2331.06,2331.82,2331.12,2331.06,-13.26,-103.3,1824,high_vol
,2026-04-24T02:08:11.492997,ETH,Mean Reversion,paper,long,2330.9,2331.09,2330.9,2330.9,0.82,0.8,2630,trending
,2026-04-24T02:08:11.493845,ETH,Mean Reversion,shadow,long,2333.01,2330.56,2331.26,2333.01,-20.53,-110.5,1719,trending
,2026-04-24T02:08:17.566356,ETH,Mean Reversion,paper,short,2330.9,2331.1,2330.9,2330.9,-0.86,-0.9,1476,trending
,2026-04-24T02:08:17.567175,ETH,Mean Reversion,shadow,short,2330.92,2331.7,2331.01,2330.92,-13.37,-103.4,2756,trending
,2026-04-24T02:08:25.656890,ETH,Mean Reversion,paper,short,2331.32,2331.0,2331.32,2331.32,1.36,1.4,2637,low_vol
,2026-04-24T02:08:25.657306,ETH,Mean Reversion,shadow,short,2331.45,2331.83,2331.13,2331.45,-11.62,-101.6,475,low_vol
,2026-04-24T02:08:37.817877,BTC,Mean Reversion,paper,long,78385.82,78397.92,78385.82,78385.82,1.54,1.5,1142,trending
,2026-04-24T02:08:37.818413,BTC,Mean Reversion,shadow,long,78448.03,78364.36,78387.88,78448.03,-20.67,-110.7,199,trending
,2026-04-24T02:08:49.907916,ETH,Mean Reversion,paper,long,2330.32,2330.1,2330.32,2330.32,-0.95,-0.9,1713,ranging
,2026-04-24T02:08:49.908432,ETH,Mean Reversion,shadow,long,2331.94,2329.86,2330.56,2331.94,-18.93,-108.9,2280,ranging
,2026-04-24T02:13:52.253494,BTC,Mean Reversion,paper,long,78453.97,78448.36,78453.97,78453.97,-0.72,-0.7,865,high_vol
,2026-04-24T02:13:52.262386,BTC,Mean Reversion,shadow,long,78497.83,78417.56,78441.1,78497.83,-20.23,-110.2,2439,high_vol
,2026-04-24T02:14:00.348140,ETH,Mean Reversion,paper,short,2330.46,2330.26,2330.46,2330.46,0.86,0.9,2110,low_vol
,2026-04-24T02:14:00.348963,ETH,Mean Reversion,shadow,short,2330.44,2330.89,2330.19,2330.44,-11.94,-101.9,140,low_vol
,2026-04-24T02:14:18.549276,ETH,Mean Reversion,paper,long,2330.79,2330.18,2330.79,2330.79,-2.59,-2.6,197,high_vol
,2026-04-24T02:14:18.550142,ETH,Mean Reversion,shadow,long,2332.37,2329.94,2330.64,2332.37,-20.44,-110.4,290,high_vol
,2026-04-24T02:14:20.569049,ETH,Mean Reversion,paper,long,2330.4,2330.15,2330.4,2330.4,-1.09,-1.1,339,high_vol
,2026-04-24T02:14:20.569849,ETH,Mean Reversion,shadow,long,2332.28,2329.89,2330.59,2332.28,-20.22,-110.2,1792,high_vol
,2026-04-24T02:14:24.612968,ETH,Mean Reversion,paper,long,2331.06,2330.86,2331.06,2331.06,-0.85,-0.9,869,trending
,2026-04-24T02:14:24.613535,ETH,Mean Reversion,shadow,long,2332.28,2329.9,2330.6,2332.28,-20.21,-110.2,3409,trending
,2026-04-24T02:14:57.656979,BTC,Mean Reversion,paper,long,78423.96,78433.72,78423.96,78423.96,1.24,1.2,1621,trending
,2026-04-24T02:14:57.657835,BTC,Mean Reversion,shadow,long,78471.87,78398.75,78422.27,78471.87,-19.32,-109.3,3576,trending
,2026-04-24T02:15:01.706799,ETH,Mean Reversion,paper,long,2329.52,2329.58,2329.52,2329.52,0.27,0.3,1621,high_vol
,2026-04-24T02:15:01.707509,ETH,Mean Reversion,shadow,long,2331.53,2329.2,2329.89,2331.53,-20.03,-110.0,3595,high_vol
,2026-04-24T02:15:15.849422,ETH,Mean Reversion,paper,long,2329.7,2330.19,2329.7,2329.7,2.12,2.1,1821,ranging
,2026-04-24T02:15:15.850920,ETH,Mean Reversion,shadow,long,2331.33,2329.16,2329.86,2331.33,-19.32,-109.3,1294,ranging
,2026-04-24T02:15:34.085658,ETH,Mean Reversion,paper,long,2329.06,2329.46,2329.06,2329.06,1.73,1.7,962,low_vol
,2026-04-24T02:15:34.086478,ETH,Mean Reversion,shadow,long,2330.77,2328.6,2329.3,2330.77,-19.31,-109.3,1549,low_vol
,2026-04-24T02:15:38.141667,ETH,Mean Reversion,paper,long,2329.5,2329.41,2329.5,2329.5,-0.4,-0.4,2583,high_vol
,2026-04-24T02:15:38.142624,ETH,Mean Reversion,shadow,long,2330.77,2328.69,2329.39,2330.77,-18.92,-108.9,1054,high_vol
,2026-04-24T02:16:12.598494,BTC,Mean Reversion,paper,short,78403.92,78423.78,78403.92,78403.92,-2.53,-2.5,624,ranging
,2026-04-24T02:16:12.599985,BTC,Mean Reversion,shadow,short,78425.81,78441.12,78417.6,78425.81,-11.95,-102.0,131,ranging
,2026-04-24T02:16:22.723581,ETH,Mean Reversion,paper,short,2329.64,2330.08,2329.64,2329.64,-1.89,-1.9,645,ranging
,2026-04-24T02:16:22.734634,ETH,Mean Reversion,shadow,short,2329.94,2330.44,2329.74,2329.94,-12.18,-102.2,2105,ranging
,2026-04-24T02:16:28.774458,ETH,Mean Reversion,paper,long,2329.76,2330.04,2329.76,2329.76,1.18,1.2,3503,low_vol
,2026-04-24T02:16:28.775071,ETH,Mean Reversion,shadow,long,2330.96,2329.02,2329.72,2330.96,-18.36,-108.4,1335,low_vol
,2026-04-24T02:16:48.996707,ETH,Mean Reversion,paper,long,2328.9,2329.58,2328.9,2328.9,2.91,2.9,3420,high_vol
,2026-04-24T02:16:48.997567,ETH,Mean Reversion,shadow,long,2330.86,2328.42,2329.11,2330.86,-20.47,-110.5,2412,high_vol
,2026-04-24T02:24:08.747972,BTC,Mean Reversion,paper,short,78312.53,78306.53,78312.53,78312.53,0.77,0.8,1396,low_vol
,2026-04-24T02:24:08.749767,BTC,Mean Reversion,shadow,short,78301.16,78326.7,78303.21,78301.16,-13.26,-103.3,1267,low_vol
,2026-04-24T02:24:37.145384,BTC,Mean Reversion,paper,long,78321.94,78318.13,78321.94,78321.94,-0.49,-0.5,2977,low_vol
,2026-04-24T02:24:37.146200,BTC,Mean Reversion,shadow,long,78365.28,78289.04,78312.54,78365.28,-19.73,-109.7,1457,low_vol
,2026-04-24T02:24:57.429979,BTC,Mean Reversion,paper,long,78302.85,78295.84,78302.85,78302.85,-0.89,-0.9,2370,low_vol
,2026-04-24T02:24:57.430757,BTC,Mean Reversion,shadow,long,78347.78,78268.52,78292.01,78347.78,-20.12,-110.1,2600,low_vol
,2026-04-24T02:26:08.992642,ETH,Mean Reversion,paper,long,2325.9,2326.14,2325.9,2325.9,1.06,1.1,1801,ranging
,2026-04-24T02:26:09.000781,ETH,Mean Reversion,shadow,long,2327.32,2325.33,2326.03,2327.32,-18.58,-108.6,1977,ranging
,2026-04-24T02:26:25.216791,ETH,Mean Reversion,paper,long,2325.16,2325.37,2325.16,2325.16,0.89,0.9,114,ranging
,2026-04-24T02:26:25.217664,ETH,Mean Reversion,shadow,long,2326.91,2324.81,2325.51,2326.91,-19.04,-109.0,2911,ranging
,2026-04-24T02:26:31.312751,BTC,Mean Reversion,paper,short,78270.3,78260.9,78270.3,78270.3,1.2,1.2,3345,high_vol
,2026-04-24T02:26:31.313590,BTC,Mean Reversion,shadow,short,78275.52,78293.81,78270.33,78275.52,-12.34,-102.3,2574,high_vol
,2026-04-24T02:27:05.787903,BTC,Mean Reversion,paper,long,78277.7,78285.44,78277.7,78277.7,0.99,1.0,1344,low_vol
,2026-04-24T02:27:05.788722,BTC,Mean Reversion,shadow,long,78353.71,78269.69,78293.17,78353.71,-20.72,-110.7,1686,low_vol
,2026-04-24T02:27:15.929649,ETH,Mean Reversion,paper,short,2326.65,2326.52,2326.65,2326.65,0.58,0.6,3512,trending
,2026-04-24T02:27:15.930491,ETH,Mean Reversion,shadow,short,2326.47,2327.27,2326.57,2326.47,-13.45,-103.4,458,trending
,2026-04-24T02:27:22.036741,BTC,Mean Reversion,paper,short,78295.83,78297.82,78295.83,78295.83,-0.25,-0.3,748,trending
,2026-04-24T02:27:22.037507,BTC,Mean Reversion,shadow,short,78297.27,78307.47,78283.99,78297.27,-11.3,-101.3,2100,trending
,2026-04-24T02:28:36.439207,ETH,Mean Reversion,paper,long,2325.71,2325.31,2325.71,2325.71,-1.73,-1.7,521,trending
,2026-04-24T02:28:36.440044,ETH,Mean Reversion,shadow,long,2326.87,2324.81,2325.51,2326.87,-18.87,-108.9,1043,trending
,2026-04-24T02:28:38.469502,BTC,Mean Reversion,paper,long,78279.42,78275.79,78279.42,78279.42,-0.46,-0.5,2399,trending
,2026-04-24T02:28:38.470358,BTC,Mean Reversion,shadow,long,78322.56,78257.72,78281.21,78322.56,-18.28,-108.3,1463,trending
,2026-04-24T02:29:06.859213,ETH,Mean Reversion,paper,long,2325.06,2325.38,2325.06,2325.06,1.37,1.4,2655,ranging
,2026-04-24T02:29:06.860800,ETH,Mean Reversion,shadow,long,2327.03,2324.72,2325.41,2327.03,-19.95,-109.9,277,ranging
,2026-04-24T02:29:12.937822,BTC,Mean Reversion,paper,long,78266.76,78294.12,78266.76,78266.76,3.5,3.5,1976,high_vol
,2026-04-24T02:29:12.938645,BTC,Mean Reversion,shadow,long,78329.42,78257.69,78281.17,78329.42,-19.16,-109.2,2427,high_vol
,2026-04-24T02:29:14.967272,ETH,Mean Reversion,paper,short,2325.59,2324.97,2325.59,2325.59,2.68,2.7,1093,high_vol
,2026-04-24T02:29:14.971406,ETH,Mean Reversion,shadow,short,2325.25,2325.96,2325.26,2325.25,-13.06,-103.1,1172,high_vol
,2026-04-24T02:29:37.576480,BTC,Mean Reversion,paper,long,78267.84,78271.27,78267.84,78267.84,0.44,0.4,773,trending
,2026-04-24T02:29:37.585570,BTC,Mean Reversion,shadow,long,78342.1,78257.48,78280.96,78342.1,-20.8,-110.8,1372,trending
,2026-04-24T02:30:17.836650,ETH,Mean Reversion,paper,long,2326.9,2326.07,2326.9,2326.9,-3.56,-3.6,1129,ranging
,2026-04-24T02:30:17.837483,ETH,Mean Reversion,shadow,long,2328.25,2325.75,2326.45,2328.25,-20.72,-110.7,3378,ranging
,2026-04-24T02:30:21.884655,BTC,Mean Reversion,paper,short,78275.73,78298.9,78275.73,78275.73,-2.96,-3.0,1556,trending
,2026-04-24T02:30:21.885467,BTC,Mean Reversion,shadow,short,78291.75,78314.49,78291.01,78291.75,-12.9,-102.9,3080,trending
,2026-04-24T02:30:34.019644,ETH,Mean Reversion,paper,long,2326.97,2327.11,2326.97,2326.97,0.6,0.6,847,high_vol
,2026-04-24T02:30:34.020504,ETH,Mean Reversion,shadow,long,2328.29,2326.43,2327.12,2328.29,-18.02,-108.0,2211,high_vol
,2026-04-24T02:30:52.235659,ETH,Mean Reversion,paper,short,2327.21,2327.65,2327.21,2327.21,-1.89,-1.9,2148,high_vol
,2026-04-24T02:30:52.236445,ETH,Mean Reversion,shadow,short,2327.5,2328.14,2327.44,2327.5,-12.74,-102.7,361,high_vol
,2026-04-24T02:38:44.548863,ETH,Mean Reversion,paper,short,2328.83,2328.55,2328.83,2328.83,1.2,1.2,563,ranging
,2026-04-24T02:38:44.549717,ETH,Mean Reversion,shadow,short,2328.46,2329.11,2328.41,2328.46,-12.79,-102.8,3029,ranging
,2026-04-24T02:38:56.729744,BTC,Mean Reversion,paper,short,78384.0,78368.51,78384.0,78384.0,1.98,2.0,1742,ranging
,2026-04-24T02:38:56.730586,BTC,Mean Reversion,shadow,short,78384.05,78394.29,78370.77,78384.05,-11.31,-101.3,1382,ranging
,2026-04-24T02:39:06.872465,BTC,Mean Reversion,paper,long,78370.72,78387.91,78370.72,78370.72,2.19,2.2,3058,low_vol
,2026-04-24T02:39:06.873261,BTC,Mean Reversion,shadow,long,78430.8,78350.68,78374.2,78430.8,-20.21,-110.2,3135,low_vol
,2026-04-24T02:39:10.928804,ETH,Mean Reversion,paper,long,2329.01,2328.88,2329.01,2329.01,-0.56,-0.6,2454,low_vol
,2026-04-24T02:39:10.929447,ETH,Mean Reversion,shadow,long,2330.59,2328.36,2329.06,2330.59,-19.55,-109.6,1501,low_vol
,2026-04-24T02:39:12.958557,ETH,Mean Reversion,paper,short,2329.52,2328.95,2329.52,2329.52,2.42,2.4,1835,high_vol
,2026-04-24T02:39:12.959656,ETH,Mean Reversion,shadow,short,2329.03,2329.76,2329.06,2329.03,-13.14,-103.1,2700,high_vol
,2026-04-24T02:39:25.139741,BTC,Mean Reversion,paper,long,78390.62,78366.61,78390.62,78390.62,-3.06,-3.1,989,trending
,2026-04-24T02:39:25.140591,BTC,Mean Reversion,shadow,long,78416.66,78351.53,78375.04,78416.66,-18.31,-108.3,2837,trending
,2026-04-24T02:39:31.227927,ETH,Mean Reversion,paper,short,2329.12,2329.03,2329.12,2329.12,0.4,0.4,650,high_vol
,2026-04-24T02:39:31.228584,ETH,Mean Reversion,shadow,short,2328.91,2329.55,2328.86,2328.91,-12.76,-102.8,2841,high_vol
,2026-04-24T02:39:37.323009,BTC,Mean Reversion,paper,long,78365.32,78370.71,78365.32,78365.32,0.69,0.7,2629,high_vol
,2026-04-24T02:39:37.323801,BTC,Mean Reversion,shadow,long,78410.27,78343.68,78367.2,78410.27,-18.49,-108.5,3132,high_vol
,2026-04-24T02:39:57.605633,ETH,Mean Reversion,paper,short,2328.0,2328.2,2328.0,2328.0,-0.85,-0.9,71,high_vol
,2026-04-24T02:39:57.606881,ETH,Mean Reversion,shadow,short,2328.41,2329.01,2328.31,2328.41,-12.55,-102.6,1081,high_vol
,2026-04-24T02:40:23.977758,ETH,Mean Reversion,paper,long,2327.8,2327.28,2327.8,2327.8,-2.23,-2.2,331,ranging
,2026-04-24T02:40:23.978339,ETH,Mean Reversion,shadow,long,2329.13,2326.82,2327.52,2329.13,-19.92,-109.9,2862,ranging
,2026-04-24T02:40:30.070139,BTC,Mean Reversion,paper,long,78357.33,78362.19,78357.33,78357.33,0.62,0.6,3449,low_vol
,2026-04-24T02:40:30.070670,BTC,Mean Reversion,shadow,long,78398.62,78327.5,78351.01,78398.62,-19.07,-109.1,1204,low_vol
,2026-04-24T02:41:05.625252,BTC,Mean Reversion,paper,long,78359.92,78356.97,78359.92,78359.92,-0.38,-0.4,921,trending
,2026-04-24T02:41:05.636089,BTC,Mean Reversion,shadow,long,78414.73,78338.29,78361.79,78414.73,-19.75,-109.7,2974,trending
,2026-04-24T02:41:07.651087,ETH,Mean Reversion,paper,short,2328.54,2328.1,2328.54,2328.54,1.88,1.9,151,trending
,2026-04-24T02:41:07.651974,ETH,Mean Reversion,shadow,short,2328.56,2328.99,2328.3,2328.56,-11.86,-101.9,2508,trending
,2026-04-24T02:41:29.965080,ETH,Mean Reversion,paper,long,2328.67,2328.82,2328.67,2328.67,0.64,0.6,3416,ranging
,2026-04-24T02:41:29.966004,ETH,Mean Reversion,shadow,long,2330.67,2328.23,2328.93,2330.67,-20.46,-110.5,2800,ranging
,2026-04-24T02:41:44.160215,ETH,Mean Reversion,paper,long,2329.15,2328.64,2329.15,2329.15,-2.21,-2.2,382,high_vol
,2026-04-24T02:41:44.161085,ETH,Mean Reversion,shadow,long,2330.17,2328.25,2328.94,2330.17,-18.28,-108.3,3069,high_vol
,2026-04-24T02:41:52.276942,BTC,Mean Reversion,paper,long,78388.9,78365.21,78388.9,78388.9,-3.02,-3.0,1491,ranging
,2026-04-24T02:41:52.277474,BTC,Mean Reversion,shadow,long,78421.08,78353.74,78377.26,78421.08,-18.59,-108.6,242,ranging
,2026-04-24T02:42:12.547011,ETH,Mean Reversion,paper,short,2328.69,2328.77,2328.69,2328.69,-0.35,-0.4,272,low_vol
,2026-04-24T02:42:12.547659,ETH,Mean Reversion,shadow,short,2329.03,2329.48,2328.78,2329.03,-11.94,-101.9,260,low_vol
,2026-04-24T02:42:22.676168,ETH,Mean Reversion,paper,long,2328.43,2328.78,2328.43,2328.43,1.52,1.5,104,low_vol
,2026-04-24T02:42:22.676989,ETH,Mean Reversion,shadow,long,2330.52,2328.06,2328.76,2330.52,-20.59,-110.6,3371,low_vol
,2026-04-24T02:42:26.736764,BTC,Mean Reversion,paper,short,78369.74,78369.74,78369.74,78369.74,0.0,0.0,2776,high_vol
,2026-04-24T02:42:26.737596,BTC,Mean Reversion,shadow,short,78389.78,78401.51,78377.99,78389.78,-11.5,-101.5,1873,high_vol
,2026-04-24T02:42:53.133442,BTC,Mean Reversion,paper,short,78376.21,78377.75,78376.21,78376.21,-0.2,-0.2,352,high_vol
,2026-04-24T02:42:53.134141,BTC,Mean Reversion,shadow,short,78387.98,78401.36,78377.85,78387.98,-11.71,-101.7,841,high_vol
,2026-04-24T02:43:38.787604,BTC,Mean Reversion,paper,long,78365.72,78365.05,78365.72,78365.72,-0.09,-0.1,709,ranging
,2026-04-24T02:43:38.788851,BTC,Mean Reversion,shadow,long,78427.43,78350.68,78374.2,78427.43,-19.79,-109.8,3056,ranging
,2026-04-24T02:43:48.917274,ETH,Mean Reversion,paper,short,2328.78,2328.88,2328.78,2328.78,-0.41,-0.4,2647,low_vol
,2026-04-24T02:43:48.917821,ETH,Mean Reversion,shadow,short,2329.4,2329.72,2329.03,2329.4,-11.4,-101.4,215,low_vol
,2026-04-24T02:43:54.988343,BTC,Mean Reversion,paper,long,78377.51,78380.99,78377.51,78377.51,0.44,0.4,2529,low_vol
,2026-04-24T02:43:54.988923,BTC,Mean Reversion,shadow,long,78445.57,78359.63,78383.14,78445.57,-20.96,-111.0,3469,low_vol
,2026-04-24T02:44:01.061469,ETH,Mean Reversion,paper,short,2329.65,2329.26,2329.65,2329.65,1.71,1.7,2013,trending
,2026-04-24T02:44:01.061854,ETH,Mean Reversion,shadow,short,2329.35,2329.97,2329.28,2329.35,-12.66,-102.7,1675,trending
,2026-04-24T02:44:27.439651,ETH,Mean Reversion,paper,short,2330.25,2329.93,2330.25,2330.25,1.34,1.3,512,trending
,2026-04-24T02:44:27.440341,ETH,Mean Reversion,shadow,short,2330.33,2330.74,2330.05,2330.33,-11.8,-101.8,1029,trending
,2026-04-24T02:44:45.629013,BTC,Mean Reversion,paper,long,78440.74,78432.67,78440.74,78440.74,-1.03,-1.0,1337,low_vol
,2026-04-24T02:44:45.629723,BTC,Mean Reversion,shadow,long,78486.45,78414.63,78438.17,78486.45,-19.15,-109.2,2059,low_vol
,2026-04-24T02:44:47.655645,ETH,Mean Reversion,paper,short,2329.96,2330.71,2329.96,2329.96,-3.21,-3.2,1597,trending
,2026-04-24T02:44:47.656333,ETH,Mean Reversion,shadow,short,2330.51,2331.07,2330.38,2330.51,-12.41,-102.4,1789,trending
,2026-04-24T02:45:07.905929,ETH,Mean Reversion,paper,long,2331.03,2331.58,2331.03,2331.03,2.39,2.4,3541,high_vol
,2026-04-24T02:45:07.906613,ETH,Mean Reversion,shadow,long,2332.69,2330.45,2331.14,2332.69,-19.62,-109.6,378,high_vol
,2026-04-24T02:45:22.088082,ETH,Mean Reversion,paper,short,2330.85,2331.27,2330.85,2330.85,-1.82,-1.8,2384,trending
,2026-04-24T02:45:22.088713,ETH,Mean Reversion,shadow,short,2331.01,2331.75,2331.06,2331.01,-13.18,-103.2,3401,trending
,2026-04-24T02:45:34.232224,BTC,Mean Reversion,paper,short,78456.44,78443.47,78456.44,78456.44,1.65,1.7,1608,high_vol
,2026-04-24T02:45:34.233026,BTC,Mean Reversion,shadow,short,78468.75,78480.52,78456.99,78468.75,-11.5,-101.5,1388,high_vol
,2026-04-24T02:45:36.261342,ETH,Mean Reversion,paper,short,2330.98,2331.48,2330.98,2330.98,-2.15,-2.1,291,high_vol
,2026-04-24T02:45:36.261971,ETH,Mean Reversion,shadow,short,2331.62,2331.87,2331.18,2331.62,-11.08,-101.1,2967,high_vol
,2026-04-24T02:46:10.655483,BTC,Mean Reversion,paper,long,78426.16,78449.32,78426.16,78426.16,2.95,3.0,2814,ranging
,2026-04-24T02:46:10.657082,BTC,Mean Reversion,shadow,long,78486.0,78410.13,78433.66,78486.0,-19.67,-109.7,2742,ranging
,2026-04-24T02:46:14.712047,BTC,Mean Reversion,paper,short,78425.46,78434.85,78425.46,78425.46,-1.2,-1.2,2896,high_vol
,2026-04-24T02:46:14.712704,BTC,Mean Reversion,shadow,short,78432.36,78453.53,78430.01,78432.36,-12.7,-102.7,1019,high_vol
,2026-04-24T02:46:30.931513,ETH,Mean Reversion,paper,short,2329.81,2329.82,2329.81,2329.81,-0.05,-0.0,1196,ranging
,2026-04-24T02:46:30.932118,ETH,Mean Reversion,shadow,short,2330.27,2330.91,2330.22,2330.27,-12.77,-102.8,2409,ranging
,2026-04-24T02:46:39.035568,ETH,Mean Reversion,paper,long,2330.2,2329.83,2330.2,2330.2,-1.62,-1.6,2349,low_vol
,2026-04-24T02:46:39.035981,ETH,Mean Reversion,shadow,long,2331.52,2329.23,2329.93,2331.52,-19.84,-109.8,734,low_vol
,2026-04-24T02:46:45.111630,ETH,Mean Reversion,paper,long,2330.07,2329.83,2330.07,2330.07,-1.03,-1.0,496,low_vol
,2026-04-24T02:46:45.113372,ETH,Mean Reversion,shadow,long,2331.01,2329.14,2329.84,2331.01,-18.05,-108.0,299,low_vol
,2026-04-24T02:46:47.139717,BTC,Mean Reversion,paper,long,78410.77,78411.93,78410.77,78410.77,0.15,0.1,617,trending
,2026-04-24T02:46:47.140418,BTC,Mean Reversion,shadow,long,78483.94,78400.28,78423.8,78483.94,-20.66,-110.7,3395,trending
,2026-04-24T02:46:51.195814,BTC,Mean Reversion,paper,long,78424.1,78434.51,78424.1,78424.1,1.33,1.3,191,ranging
,2026-04-24T02:46:51.196471,BTC,Mean Reversion,shadow,long,78476.61,78401.66,78425.19,78476.61,-19.55,-109.6,2267,ranging
,2026-04-24T02:47:01.331336,ETH,Mean Reversion,paper,short,2329.8,2329.74,2329.8,2329.8,0.27,0.3,2754,ranging
,2026-04-24T02:47:01.331832,ETH,Mean Reversion,shadow,short,2330.08,2330.68,2329.98,2330.08,-12.56,-102.6,1854,ranging
,2026-04-24T02:47:19.538497,BTC,Mean Reversion,paper,long,78418.39,78431.32,78418.39,78418.39,1.65,1.6,1112,ranging
,2026-04-24T02:47:19.538909,BTC,Mean Reversion,shadow,long,78471.86,78394.08,78417.61,78471.86,-19.91,-109.9,3181,ranging
,2026-04-24T02:47:29.622215,ETH,Mean Reversion,paper,short,2330.15,2330.19,2330.15,2330.15,-0.18,-0.2,934,low_vol
,2026-04-24T02:47:29.623034,ETH,Mean Reversion,shadow,short,2329.74,2330.54,2329.85,2329.74,-13.46,-103.5,1216,low_vol
,2026-04-24T02:48:26.236275,BTC,Mean Reversion,paper,short,78360.37,78374.84,78360.37,78360.37,-1.85,-1.8,2980,high_vol
,2026-04-24T02:48:26.237031,BTC,Mean Reversion,shadow,short,78367.81,78397.72,78374.21,78367.81,-13.82,-103.8,775,high_vol
,2026-04-24T02:48:28.296914,ETH,Mean Reversion,paper,long,2328.2,2328.4,2328.2,2328.2,0.85,0.8,2502,ranging
,2026-04-24T02:48:28.297750,ETH,Mean Reversion,shadow,long,2329.91,2327.91,2328.61,2329.91,-18.62,-108.6,546,ranging
,2026-04-24T02:48:48.559933,ETH,Mean Reversion,paper,long,2328.38,2327.97,2328.38,2328.38,-1.76,-1.8,940,trending
,2026-04-24T02:48:48.560542,ETH,Mean Reversion,shadow,long,2329.87,2327.51,2328.2,2329.87,-20.16,-110.2,103,trending
,2026-04-24T02:48:56.666068,ETH,Mean Reversion,paper,short,2327.78,2328.35,2327.78,2327.78,-2.44,-2.4,652,trending
,2026-04-24T02:48:56.666860,ETH,Mean Reversion,shadow,short,2328.55,2328.89,2328.19,2328.55,-11.48,-101.5,1735,trending
,2026-04-24T02:49:04.781270,BTC,Mean Reversion,paper,short,78363.78,78389.37,78363.78,78363.78,-3.26,-3.3,412,high_vol
,2026-04-24T02:49:04.781951,BTC,Mean Reversion,shadow,short,78372.65,78397.71,78374.2,78372.65,-13.2,-103.2,121,high_vol
,2026-04-24T02:49:10.871088,ETH,Mean Reversion,paper,long,2328.67,2328.55,2328.67,2328.67,-0.54,-0.5,476,high_vol
,2026-04-24T02:49:10.871749,ETH,Mean Reversion,shadow,long,2330.66,2328.31,2329.01,2330.66,-20.06,-110.1,540,high_vol
,2026-04-24T02:49:23.043368,BTC,Mean Reversion,paper,short,78385.41,78392.64,78385.41,78385.41,-0.92,-0.9,1017,high_vol
,2026-04-24T02:49:23.043988,BTC,Mean Reversion,shadow,short,78386.28,78404.09,78380.58,78386.28,-12.27,-102.3,2732,high_vol
,2026-04-24T02:49:39.268173,BTC,Mean Reversion,paper,long,78392.45,78375.35,78392.45,78392.45,-2.18,-2.2,2367,high_vol
,2026-04-24T02:49:39.269373,BTC,Mean Reversion,shadow,long,78437.54,78354.48,78377.99,78437.54,-20.59,-110.6,3005,high_vol
,2026-04-24T02:50:32.061330,BTC,Mean Reversion,paper,long,78390.68,78393.37,78390.68,78390.68,0.34,0.3,2242,low_vol
,2026-04-24T02:50:32.062305,BTC,Mean Reversion,shadow,long,78440.92,78363.71,78387.23,78440.92,-19.84,-109.8,125,low_vol
,2026-04-24T02:51:13.537924,BTC,Mean Reversion,paper,short,78395.69,78396.37,78395.69,78395.69,-0.09,-0.1,1661,trending
,2026-04-24T02:51:13.546778,BTC,Mean Reversion,shadow,short,78403.77,78422.11,78398.6,78403.77,-12.34,-102.3,3506,trending
,2026-04-24T02:51:25.571517,ETH,Mean Reversion,paper,short,2324.79,2324.94,2324.79,2324.79,-0.64,-0.6,122,trending
,2026-04-24T02:51:25.573260,ETH,Mean Reversion,shadow,short,2325.53,2325.89,2325.19,2325.53,-11.52,-101.5,1711,trending
,2026-04-24T02:51:31.649524,BTC,Mean Reversion,paper,long,78308.76,78325.82,78308.76,78308.76,2.18,2.2,1261,ranging
,2026-04-24T02:51:31.650073,BTC,Mean Reversion,shadow,long,78361.58,78295.62,78319.11,78361.58,-18.42,-108.4,2999,ranging
,2026-04-24T02:51:39.741603,BTC,Mean Reversion,paper,long,78321.48,78326.9,78321.48,78321.48,0.69,0.7,1944,trending
,2026-04-24T02:51:39.743032,BTC,Mean Reversion,shadow,long,78384.99,78299.26,78322.76,78384.99,-20.94,-110.9,3214,trending
,2026-04-24T02:51:53.919253,BTC,Mean Reversion,paper,short,78348.3,78341.28,78348.3,78348.3,0.9,0.9,199,trending
,2026-04-24T02:51:53.919786,BTC,Mean Reversion,shadow,short,78336.15,78357.4,78333.89,78336.15,-12.71,-102.7,3125,trending
,2026-04-24T02:51:57.970130,BTC,Mean Reversion,paper,long,78293.64,78303.8,78293.64,78293.64,1.3,1.3,1219,ranging
,2026-04-24T02:51:57.970968,BTC,Mean Reversion,shadow,long,78370.09,78285.61,78309.11,78370.09,-20.78,-110.8,1798,ranging
,2026-04-24T02:52:10.120740,BTC,Mean Reversion,paper,short,78313.09,78314.7,78313.09,78313.09,-0.21,-0.2,926,high_vol
,2026-04-24T02:52:10.121440,BTC,Mean Reversion,shadow,short,78310.67,78326.92,78303.42,78310.67,-12.07,-102.1,2197,high_vol
,2026-04-24T02:52:16.195441,BTC,Mean Reversion,paper,long,78320.06,78313.46,78320.06,78320.06,-0.84,-0.8,1489,ranging
,2026-04-24T02:52:16.196122,BTC,Mean Reversion,shadow,long,78351.78,78285.61,78309.11,78351.78,-18.44,-108.4,1358,ranging
,2026-04-24T02:52:24.306900,BTC,Mean Reversion,paper,short,78307.56,78302.06,78307.56,78307.56,0.7,0.7,146,high_vol
,2026-04-24T02:52:24.307310,BTC,Mean Reversion,shadow,short,78309.17,78333.55,78310.05,78309.17,-13.11,-103.1,2159,high_vol
,2026-04-24T02:52:40.479054,ETH,Mean Reversion,paper,short,2323.19,2323.58,2323.19,2323.19,-1.68,-1.7,343,trending
,2026-04-24T02:52:40.479861,ETH,Mean Reversion,shadow,short,2323.77,2324.04,2323.35,2323.77,-11.19,-101.2,525,trending
,2026-04-24T02:52:58.683279,ETH,Mean Reversion,paper,short,2318.04,2318.26,2318.04,2318.04,-0.95,-1.0,3036,high_vol
,2026-04-24T02:52:58.684808,ETH,Mean Reversion,shadow,short,2318.71,2319.13,2318.43,2318.71,-11.81,-101.8,2928,high_vol
,2026-04-24T02:53:43.173604,ETH,Mean Reversion,paper,long,2320.21,2320.56,2320.21,2320.21,1.52,1.5,100,high_vol
,2026-04-24T02:53:43.174724,ETH,Mean Reversion,shadow,long,2321.98,2319.66,2320.36,2321.98,-19.98,-110.0,796,high_vol
,2026-04-24T02:53:45.199591,BTC,Mean Reversion,paper,short,78183.12,78211.54,78183.12,78183.12,-3.63,-3.6,1892,low_vol
,2026-04-24T02:53:45.200384,BTC,Mean Reversion,shadow,short,78194.04,78220.83,78197.38,78194.04,-13.43,-103.4,2728,low_vol
,2026-04-24T02:54:15.201806,BTC,Mean Reversion,paper,long,78149.26,78146.11,78149.26,78149.26,-0.4,-0.4,3146,low_vol
,2026-04-24T02:54:15.202786,BTC,Mean Reversion,shadow,long,78202.27,78136.85,78160.29,78202.27,-18.37,-108.4,3598,low_vol
,2026-04-24T02:54:19.267577,BTC,Mean Reversion,paper,short,78156.9,78167.88,78156.9,78156.9,-1.41,-1.4,3354,trending
,2026-04-24T02:54:19.268215,BTC,Mean Reversion,shadow,short,78168.9,78190.19,78166.74,78168.9,-12.72,-102.7,1805,trending
,2026-04-24T02:54:27.386703,BTC,Mean Reversion,paper,short,78164.72,78188.44,78164.72,78164.72,-3.03,-3.0,1383,trending
,2026-04-24T02:54:27.386888,BTC,Mean Reversion,shadow,short,78179.13,78203.21,78179.76,78179.13,-13.08,-103.1,382,trending
,2026-04-24T02:54:35.495611,ETH,Mean Reversion,paper,long,2320.84,2320.95,2320.84,2320.84,0.45,0.5,3551,ranging
,2026-04-24T02:54:35.496264,ETH,Mean Reversion,shadow,long,2322.06,2319.97,2320.67,2322.06,-18.98,-109.0,1303,ranging
,2026-04-24T02:55:18.134938,BTC,Mean Reversion,paper,short,78182.15,78172.82,78182.15,78182.15,1.19,1.2,3146,ranging
,2026-04-24T02:55:18.135776,BTC,Mean Reversion,shadow,short,78187.17,78198.71,78175.26,78187.17,-11.48,-101.5,3052,ranging
,2026-04-24T02:56:00.766381,ETH,Mean Reversion,paper,long,2320.64,2320.53,2320.64,2320.64,-0.46,-0.5,3397,low_vol
,2026-04-24T02:56:00.767101,ETH,Mean Reversion,shadow,long,2322.14,2320.06,2320.76,2322.14,-18.97,-109.0,3200,low_vol
,2026-04-24T02:56:21.092451,ETH,Mean Reversion,paper,long,2320.42,2320.95,2320.42,2320.42,2.27,2.3,2905,high_vol
,2026-04-24T02:56:21.093026,ETH,Mean Reversion,shadow,long,2322.07,2319.9,2320.6,2322.07,-19.35,-109.3,3145,high_vol
,2026-04-24T02:56:51.552110,ETH,Mean Reversion,paper,long,2319.69,2319.99,2319.69,2319.69,1.33,1.3,2456,low_vol
,2026-04-24T02:56:51.553693,ETH,Mean Reversion,shadow,long,2321.15,2319.19,2319.89,2321.15,-18.45,-108.5,2462,low_vol
,2026-04-24T02:56:57.653090,BTC,Mean Reversion,paper,long,78150.52,78136.63,78150.52,78150.52,-1.78,-1.8,1137,ranging
,2026-04-24T02:56:57.653924,BTC,Mean Reversion,shadow,long,78200.22,78116.94,78140.39,78200.22,-20.65,-110.6,756,ranging
,2026-04-24T02:57:38.225058,ETH,Mean Reversion,paper,short,2320.22,2319.91,2320.22,2320.22,1.31,1.3,2388,low_vol
,2026-04-24T02:57:38.225676,ETH,Mean Reversion,shadow,short,2320.27,2320.81,2320.11,2320.27,-12.31,-102.3,2422,low_vol
,2026-04-24T02:57:46.328905,ETH,Mean Reversion,paper,short,2320.27,2320.93,2320.27,2320.27,-2.85,-2.8,697,ranging
,2026-04-24T02:57:46.329772,ETH,Mean Reversion,shadow,short,2320.55,2321.25,2320.56,2320.55,-13.02,-103.0,1007,ranging
,2026-04-24T02:57:52.415155,ETH,Mean Reversion,paper,long,2321.07,2320.51,2321.07,2321.07,-2.43,-2.4,2634,ranging
,2026-04-24T02:57:52.415995,ETH,Mean Reversion,shadow,long,2322.48,2319.95,2320.64,2322.48,-20.89,-110.9,3301,ranging
,2026-04-24T02:58:00.539779,ETH,Mean Reversion,paper,long,2320.63,2320.72,2320.63,2320.63,0.39,0.4,1537,trending
,2026-04-24T02:58:00.540336,ETH,Mean Reversion,shadow,long,2322.55,2320.33,2321.03,2322.55,-19.54,-109.5,1599,trending
,2026-04-24T02:58:24.889744,ETH,Mean Reversion,paper,long,2321.29,2320.89,2321.29,2321.29,-1.71,-1.7,3172,trending
,2026-04-24T02:58:24.890323,ETH,Mean Reversion,shadow,long,2322.44,2320.15,2320.85,2322.44,-19.84,-109.8,1415,trending
,2026-04-24T02:58:33.013991,ETH,Mean Reversion,paper,long,2320.75,2321.09,2320.75,2320.75,1.49,1.5,3385,high_vol
,2026-04-24T02:58:33.014951,ETH,Mean Reversion,shadow,long,2322.4,2320.4,2321.1,2322.4,-18.64,-108.6,994,high_vol
,2026-04-24T02:58:57.360730,ETH,Mean Reversion,paper,long,2321.22,2321.09,2321.22,2321.22,-0.58,-0.6,3441,low_vol
,2026-04-24T02:58:57.362228,ETH,Mean Reversion,shadow,long,2322.9,2320.51,2321.2,2322.9,-20.3,-110.3,231,low_vol
,2026-04-24T02:58:59.388970,ETH,Mean Reversion,paper,long,2321.23,2320.56,2321.23,2321.23,-2.88,-2.9,1917,ranging
,2026-04-24T02:58:59.389700,ETH,Mean Reversion,shadow,long,2322.36,2320.31,2321.01,2322.36,-18.85,-108.9,774,ranging
,2026-04-24T03:00:14.559618,BTC,Mean Reversion,paper,long,78190.33,78186.66,78190.33,78190.33,-0.47,-0.5,1548,trending
,2026-04-24T03:00:14.560562,BTC,Mean Reversion,shadow,long,78244.92,78160.42,78183.88,78244.92,-20.8,-110.8,1066,trending
,2026-04-24T03:00:38.948226,BTC,Mean Reversion,paper,long,78196.02,78200.13,78196.02,78196.02,0.53,0.5,1047,trending
,2026-04-24T03:00:38.949036,BTC,Mean Reversion,shadow,long,78238.35,78164.74,78188.2,78238.35,-19.41,-109.4,1347,trending
,2026-04-24T03:00:53.096717,ETH,Mean Reversion,paper,long,2321.61,2320.87,2321.61,2321.61,-3.18,-3.2,1679,trending
,2026-04-24T03:00:53.098046,ETH,Mean Reversion,shadow,long,2322.71,2320.5,2321.2,2322.71,-19.5,-109.5,399,trending
,2026-04-24T03:00:59.179214,BTC,Mean Reversion,paper,long,78183.64,78174.88,78183.64,78183.64,-1.12,-1.1,3321,high_vol
,2026-04-24T03:00:59.179930,BTC,Mean Reversion,shadow,long,78221.73,78156.97,78180.42,78221.73,-18.28,-108.3,3344,high_vol
,2026-04-24T03:01:03.239415,ETH,Mean Reversion,paper,long,2320.76,2320.84,2320.76,2320.76,0.31,0.3,1634,trending
,2026-04-24T03:01:03.240163,ETH,Mean Reversion,shadow,long,2321.99,2320.02,2320.72,2321.99,-18.47,-108.5,1669,trending
,2026-04-24T03:01:54.058613,BTC,Mean Reversion,paper,short,78161.42,78152.38,78161.42,78161.42,1.16,1.2,1549,trending
,2026-04-24T03:01:54.060056,BTC,Mean Reversion,shadow,short,78179.99,78188.67,78165.23,78179.99,-11.11,-101.1,1485,trending
,2026-04-24T03:02:28.599675,ETH,Mean Reversion,paper,long,2319.8,2319.89,2319.8,2319.8,0.38,0.4,1902,high_vol
,2026-04-24T03:02:28.601187,ETH,Mean Reversion,shadow,long,2321.43,2319.42,2320.11,2321.43,-18.65,-108.6,2759,high_vol
,2026-04-24T03:02:46.844743,ETH,Mean Reversion,paper,short,2319.89,2319.89,2319.89,2319.89,0.04,0.0,1412,trending
,2026-04-24T03:02:46.845533,ETH,Mean Reversion,shadow,short,2320.45,2320.81,2320.11,2320.45,-11.55,-101.5,1280,trending
,2026-04-24T03:03:03.034912,BTC,Mean Reversion,paper,long,78150.69,78147.94,78150.69,78150.69,-0.35,-0.4,2412,ranging
,2026-04-24T03:03:03.035982,BTC,Mean Reversion,shadow,long,78209.36,78131.92,78155.36,78209.36,-19.9,-109.9,2865,ranging
,2026-04-24T03:03:07.087340,ETH,Mean Reversion,paper,short,2319.69,2319.92,2319.69,2319.69,-0.96,-1.0,3104,high_vol
,2026-04-24T03:03:07.087900,ETH,Mean Reversion,shadow,short,2320.15,2320.72,2320.03,2320.15,-12.46,-102.5,1499,high_vol
,2026-04-24T03:03:09.116227,ETH,Mean Reversion,paper,short,2319.67,2320.09,2319.67,2319.67,-1.77,-1.8,1024,trending
,2026-04-24T03:03:09.116709,ETH,Mean Reversion,shadow,short,2319.95,2320.72,2320.03,2319.95,-13.33,-103.3,1840,trending
,2026-04-24T03:03:19.276219,BTC,Mean Reversion,paper,long,78154.54,78158.75,78154.54,78154.54,0.54,0.5,3507,trending
,2026-04-24T03:03:19.276611,BTC,Mean Reversion,shadow,long,78191.69,78124.46,78147.9,78191.69,-18.6,-108.6,867,trending
,2026-04-24T03:03:25.361644,ETH,Mean Reversion,paper,long,2319.56,2319.76,2319.56,2319.56,0.86,0.9,3250,trending
,2026-04-24T03:03:25.362465,ETH,Mean Reversion,shadow,long,2321.2,2319.15,2319.85,2321.2,-18.85,-108.8,2818,trending
,2026-04-24T03:03:33.512308,BTC,Mean Reversion,paper,short,78139.9,78146.2,78139.9,78139.9,-0.81,-0.8,136,ranging
,2026-04-24T03:03:33.512859,BTC,Mean Reversion,shadow,short,78150.99,78169.44,78145.99,78150.99,-12.36,-102.4,2242,ranging
,2026-04-24T03:03:45.720946,ETH,Mean Reversion,paper,long,2319.7,2319.46,2319.7,2319.7,-1.03,-1.0,877,low_vol
,2026-04-24T03:03:45.721758,ETH,Mean Reversion,shadow,long,2321.06,2319.11,2319.81,2321.06,-18.41,-108.4,1040,low_vol
,2026-04-24T03:04:16.250557,BTC,Mean Reversion,paper,long,78126.11,78137.41,78126.11,78126.11,1.45,1.4,2823,high_vol
,2026-04-24T03:04:16.251269,BTC,Mean Reversion,shadow,long,78174.52,78102.76,78126.2,78174.52,-19.18,-109.2,3527,high_vol
,2026-04-24T03:04:20.319728,BTC,Mean Reversion,paper,long,78136.49,78136.55,78136.49,78136.49,0.01,0.0,2455,high_vol
,2026-04-24T03:04:20.320544,BTC,Mean Reversion,shadow,long,78209.03,78126.5,78149.95,78209.03,-20.55,-110.6,630,high_vol
,2026-04-24T03:04:26.425106,BTC,Mean Reversion,paper,long,78160.76,78142.21,78160.76,78160.76,-2.37,-2.4,3549,ranging
,2026-04-24T03:04:26.425919,BTC,Mean Reversion,shadow,long,78195.01,78126.5,78149.95,78195.01,-18.76,-108.8,337,ranging
,2026-04-24T03:04:28.462339,BTC,Mean Reversion,paper,long,78155.65,78138.48,78155.65,78155.65,-2.2,-2.2,1536,low_vol
,2026-04-24T03:04:28.463540,BTC,Mean Reversion,shadow,long,78202.75,78126.5,78149.95,78202.75,-19.75,-109.8,387,low_vol
,2026-04-24T03:04:38.621591,ETH,Mean Reversion,paper,short,2319.69,2319.51,2319.69,2319.69,0.78,0.8,598,trending
,2026-04-24T03:04:38.622438,ETH,Mean Reversion,shadow,short,2320.38,2320.65,2319.95,2320.38,-11.17,-101.2,2058,trending
,2026-04-24T03:05:40.474977,BTC,Mean Reversion,paper,long,78142.7,78143.85,78142.7,78142.7,0.15,0.1,1397,high_vol
,2026-04-24T03:05:40.475729,BTC,Mean Reversion,shadow,long,78189.66,78108.97,78132.4,78189.66,-20.32,-110.3,1233,high_vol
,2026-04-24T03:05:48.600591,ETH,Mean Reversion,paper,short,2318.99,2318.61,2318.99,2318.99,1.63,1.6,1778,ranging
,2026-04-24T03:05:48.601397,ETH,Mean Reversion,shadow,short,2318.99,2319.31,2318.61,2318.99,-11.39,-101.4,357,ranging
,2026-04-24T03:06:00.787685,ETH,Mean Reversion,paper,long,2318.47,2318.82,2318.47,2318.47,1.53,1.5,2415,ranging
,2026-04-24T03:06:00.788535,ETH,Mean Reversion,shadow,long,2319.84,2317.91,2318.61,2319.84,-18.32,-108.3,3079,ranging
,2026-04-24T03:06:41.359560,BTC,Mean Reversion,paper,short,78154.69,78154.11,78154.69,78154.69,0.07,0.1,220,low_vol
,2026-04-24T03:06:41.361040,BTC,Mean Reversion,shadow,short,78145.06,78163.98,78140.54,78145.06,-12.42,-102.4,1746,low_vol
,2026-04-24T03:06:45.416733,BTC,Mean Reversion,paper,short,78150.72,78123.6,78150.72,78150.72,3.47,3.5,1379,ranging
,2026-04-24T03:06:45.417315,BTC,Mean Reversion,shadow,short,78145.01,78160.13,78136.68,78145.01,-11.93,-101.9,2606,ranging
,2026-04-24T03:06:49.474502,BTC,Mean Reversion,paper,short,78132.07,78130.27,78132.07,78132.07,0.23,0.2,96,high_vol
,2026-04-24T03:06:49.475233,BTC,Mean Reversion,shadow,short,78125.22,78156.2,78132.76,78125.22,-13.97,-104.0,1677,high_vol
,2026-04-24T03:07:05.728125,ETH,Mean Reversion,paper,short,2319.78,2319.92,2319.78,2319.78,-0.6,-0.6,2697,low_vol
,2026-04-24T03:07:05.728823,ETH,Mean Reversion,shadow,short,2319.69,2320.58,2319.88,2319.69,-13.82,-103.8,2969,low_vol
,2026-04-24T03:10:21.724723,ETH,Mean Reversion,paper,short,2321.57,2321.39,2321.57,2321.57,0.8,0.8,3495,ranging
,2026-04-24T03:10:21.725052,ETH,Mean Reversion,shadow,short,2321.86,2322.51,2321.82,2321.86,-12.81,-102.8,3138,ranging
,2026-04-24T03:10:31.829635,BTC,Mean Reversion,paper,short,78207.81,78196.7,78207.81,78207.81,1.42,1.4,338,ranging
,2026-04-24T03:10:31.829971,BTC,Mean Reversion,shadow,short,78200.75,78222.12,78198.67,78200.75,-12.73,-102.7,1185,ranging
,2026-04-24T03:11:26.551500,ETH,Mean Reversion,paper,short,2320.49,2320.64,2320.49,2320.49,-0.66,-0.7,2193,high_vol
,2026-04-24T03:11:26.553083,ETH,Mean Reversion,shadow,short,2320.54,2321.34,2320.64,2320.54,-13.47,-103.5,1975,high_vol
,2026-04-24T03:11:28.574117,ETH,Mean Reversion,paper,long,2320.52,2320.79,2320.52,2320.52,1.17,1.2,3266,trending
,2026-04-24T03:11:28.574797,ETH,Mean Reversion,shadow,long,2322.04,2319.95,2320.64,2322.04,-19.0,-109.0,1041,trending
,2026-04-24T03:11:40.717003,BTC,Mean Reversion,paper,long,78170.21,78149.01,78170.21,78170.21,-2.71,-2.7,3497,low_vol
,2026-04-24T03:11:40.717760,BTC,Mean Reversion,shadow,long,78209.47,78132.38,78155.83,78209.47,-19.86,-109.9,2197,low_vol
,2026-04-24T03:11:46.791773,BTC,Mean Reversion,paper,long,78131.7,78151.41,78131.7,78131.7,2.52,2.5,2345,high_vol
,2026-04-24T03:11:46.792141,BTC,Mean Reversion,shadow,long,78192.3,78122.37,78145.82,78192.3,-18.94,-108.9,3016,high_vol
,2026-04-24T03:12:00.981153,BTC,Mean Reversion,paper,long,78135.18,78141.74,78135.18,78135.18,0.84,0.8,2012,high_vol
,2026-04-24T03:12:00.981981,BTC,Mean Reversion,shadow,long,78181.24,78115.38,78138.83,78181.24,-18.42,-108.4,1015,high_vol
,2026-04-24T03:12:09.087901,ETH,Mean Reversion,paper,short,2318.89,2318.82,2318.89,2318.89,0.29,0.3,61,low_vol
,2026-04-24T03:12:09.088396,ETH,Mean Reversion,shadow,short,2319.13,2319.97,2319.28,2319.13,-13.64,-103.6,2098,low_vol
,2026-04-24T03:12:15.159188,ETH,Mean Reversion,paper,long,2320.11,2320.24,2320.11,2320.11,0.56,0.6,1341,ranging
,2026-04-24T03:12:15.159964,ETH,Mean Reversion,shadow,long,2321.22,2319.3,2319.99,2321.22,-18.27,-108.3,3129,ranging
,2026-04-24T03:12:21.237026,BTC,Mean Reversion,paper,long,78155.01,78138.64,78155.01,78155.01,-2.09,-2.1,1177,trending
,2026-04-24T03:12:21.237836,BTC,Mean Reversion,shadow,long,78205.71,78120.59,78144.03,78205.71,-20.89,-110.9,2143,trending
,2026-04-24T03:12:33.404111,ETH,Mean Reversion,paper,long,2320.28,2319.51,2320.28,2320.28,-3.31,-3.3,2220,high_vol
,2026-04-24T03:12:33.404778,ETH,Mean Reversion,shadow,long,2321.23,2319.14,2319.84,2321.23,-19.01,-109.0,1046,high_vol
,2026-04-24T03:12:37.472154,BTC,Mean Reversion,paper,long,78153.53,78162.13,78153.53,78153.53,1.1,1.1,3312,ranging
,2026-04-24T03:12:37.472969,BTC,Mean Reversion,shadow,long,78190.27,78127.42,78150.87,78190.27,-18.04,-108.0,1962,ranging
,2026-04-24T03:13:09.974625,ETH,Mean Reversion,paper,long,2319.99,2320.51,2319.99,2319.99,2.22,2.2,2189,low_vol
,2026-04-24T03:13:09.975230,ETH,Mean Reversion,shadow,long,2322.11,2319.59,2320.28,2322.11,-20.84,-110.8,1380,low_vol
,2026-04-24T03:13:16.069965,BTC,Mean Reversion,paper,long,78162.12,78176.32,78162.12,78162.12,1.82,1.8,782,trending
,2026-04-24T03:13:16.070790,BTC,Mean Reversion,shadow,long,78211.98,78141.56,78165.01,78211.98,-19.0,-109.0,2512,trending
,2026-04-24T03:13:28.249738,ETH,Mean Reversion,paper,short,2321.11,2321.17,2321.11,2321.11,-0.28,-0.3,963,low_vol
,2026-04-24T03:13:28.250529,ETH,Mean Reversion,shadow,short,2321.41,2322.07,2321.38,2321.41,-12.86,-102.9,2350,low_vol
,2026-04-24T03:13:42.473773,ETH,Mean Reversion,paper,long,2320.6,2321.48,2320.6,2320.6,3.81,3.8,1967,trending
,2026-04-24T03:13:42.475386,ETH,Mean Reversion,shadow,long,2322.6,2320.34,2321.03,2322.6,-19.75,-109.8,3471,trending
,2026-04-24T03:13:58.724498,ETH,Mean Reversion,paper,long,2320.75,2320.27,2320.75,2320.75,-2.06,-2.1,2575,ranging
,2026-04-24T03:13:58.725988,ETH,Mean Reversion,shadow,long,2322.41,2319.89,2320.59,2322.41,-20.88,-110.9,2155,ranging
,2026-04-24T03:14:29.207771,ETH,Mean Reversion,paper,short,2320.71,2320.86,2320.71,2320.71,-0.65,-0.6,1124,ranging
,2026-04-24T03:14:29.209216,ETH,Mean Reversion,shadow,short,2320.5,2321.34,2320.64,2320.5,-13.62,-103.6,697,ranging
,2026-04-24T03:14:43.426886,BTC,Mean Reversion,paper,long,78182.58,78187.26,78182.58,78182.58,0.6,0.6,3487,trending
,2026-04-24T03:14:43.427586,BTC,Mean Reversion,shadow,long,78220.98,78151.44,78174.89,78220.98,-18.89,-108.9,1759,trending
,2026-04-24T03:14:45.457160,ETH,Mean Reversion,paper,long,2320.36,2319.85,2320.36,2320.36,-2.19,-2.2,2260,trending
,2026-04-24T03:14:45.457996,ETH,Mean Reversion,shadow,long,2321.85,2319.5,2320.19,2321.85,-20.12,-110.1,497,trending
,2026-04-24T03:15:03.723462,BTC,Mean Reversion,paper,long,78140.67,78148.84,78140.67,78140.67,1.05,1.0,2436,low_vol
,2026-04-24T03:15:03.723963,BTC,Mean Reversion,shadow,long,78196.22,78132.45,78155.89,78196.22,-18.16,-108.2,3458,low_vol
,2026-04-24T03:15:32.129917,BTC,Mean Reversion,paper,short,78133.89,78126.26,78133.89,78133.89,0.98,1.0,2868,ranging
,2026-04-24T03:15:32.130990,BTC,Mean Reversion,shadow,short,78138.7,78160.87,78137.43,78138.7,-12.84,-102.8,3327,ranging
,2026-04-24T03:15:48.332353,ETH,Mean Reversion,paper,long,2317.81,2318.07,2317.81,2317.81,1.11,1.1,833,low_vol
,2026-04-24T03:15:48.332825,ETH,Mean Reversion,shadow,long,2319.91,2317.52,2318.22,2319.91,-20.32,-110.3,792,low_vol
,2026-04-24T03:16:41.098254,BTC,Mean Reversion,paper,long,78110.82,78095.72,78110.82,78110.82,-1.93,-1.9,880,trending
,2026-04-24T03:16:41.099062,BTC,Mean Reversion,shadow,long,78143.42,78077.98,78101.41,78143.42,-18.37,-108.4,1558,trending
,2026-04-24T03:16:53.243266,ETH,Mean Reversion,paper,long,2317.46,2317.36,2317.46,2317.46,-0.42,-0.4,1021,low_vol
,2026-04-24T03:16:53.244040,ETH,Mean Reversion,shadow,long,2319.36,2316.99,2317.68,2319.36,-20.2,-110.2,1789,low_vol
,2026-04-24T03:17:09.506104,ETH,Mean Reversion,paper,long,2317.95,2318.56,2317.95,2317.95,2.65,2.7,344,low_vol
,2026-04-24T03:17:09.506921,ETH,Mean Reversion,shadow,long,2319.97,2317.67,2318.37,2319.97,-19.88,-109.9,2169,low_vol
,2026-04-24T03:17:11.534227,BTC,Mean Reversion,paper,long,78086.65,78111.78,78086.65,78086.65,3.22,3.2,3556,ranging
,2026-04-24T03:17:11.534918,BTC,Mean Reversion,shadow,long,78157.64,78074.87,78098.3,78157.64,-20.59,-110.6,3195,ranging
,2026-04-24T03:17:17.626136,ETH,Mean Reversion,paper,long,2318.25,2318.97,2318.25,2318.25,3.1,3.1,2897,trending
,2026-04-24T03:17:17.626831,ETH,Mean Reversion,shadow,long,2319.85,2317.83,2318.53,2319.85,-18.72,-108.7,3130,trending
,2026-04-24T03:17:19.659544,ETH,Mean Reversion,paper,long,2318.37,2318.5,2318.37,2318.37,0.53,0.5,1484,trending
,2026-04-24T03:17:19.660297,ETH,Mean Reversion,shadow,long,2320.02,2317.83,2318.53,2320.02,-19.46,-109.5,3031,trending
,2026-04-24T03:17:44.032588,ETH,Mean Reversion,paper,short,2318.52,2318.6,2318.52,2318.52,-0.34,-0.3,3462,low_vol
,2026-04-24T03:17:44.033420,ETH,Mean Reversion,shadow,short,2318.2,2319.0,2318.31,2318.2,-13.44,-103.4,2648,low_vol
,2026-04-24T03:18:04.230978,BTC,Mean Reversion,paper,long,78073.7,78057.66,78073.7,78073.7,-2.05,-2.1,199,low_vol
,2026-04-24T03:18:04.231846,BTC,Mean Reversion,shadow,long,78108.52,78043.06,78066.48,78108.52,-18.38,-108.4,918,low_vol
,2026-04-24T03:18:20.481024,BTC,Mean Reversion,paper,short,78079.63,78053.15,78079.63,78079.63,3.39,3.4,781,ranging
,2026-04-24T03:18:20.481706,BTC,Mean Reversion,shadow,short,78061.92,78088.15,78064.74,78061.92,-13.36,-103.4,1327,ranging
,2026-04-24T03:18:28.607164,ETH,Mean Reversion,paper,long,2317.28,2317.66,2317.28,2317.28,1.61,1.6,1290,low_vol
,2026-04-24T03:18:28.607591,ETH,Mean Reversion,shadow,long,2318.97,2316.62,2317.32,2318.97,-20.12,-110.1,1493,low_vol
,2026-04-24T03:18:40.795419,BTC,Mean Reversion,paper,long,78038.53,78066.75,78038.53,78038.53,3.62,3.6,2287,trending
,2026-04-24T03:18:40.796148,BTC,Mean Reversion,shadow,long,78114.19,78028.4,78051.82,78114.19,-20.98,-111.0,448,trending
,2026-04-24T03:18:57.019129,BTC,Mean Reversion,paper,short,78057.06,78065.56,78057.06,78057.06,-1.09,-1.1,1229,high_vol
,2026-04-24T03:18:57.019906,BTC,Mean Reversion,shadow,short,78083.85,78093.82,78070.39,78083.85,-11.28,-101.3,2594,high_vol
,2026-04-24T03:19:09.174901,ETH,Mean Reversion,paper,long,2317.93,2317.69,2317.93,2317.93,-1.04,-1.0,2781,ranging
,2026-04-24T03:19:09.175639,ETH,Mean Reversion,shadow,long,2318.96,2316.95,2317.64,2318.96,-18.68,-108.7,223,ranging
,2026-04-24T03:19:15.252553,ETH,Mean Reversion,paper,short,2318.16,2318.39,2318.16,2318.16,-1.0,-1.0,2948,high_vol
,2026-04-24T03:19:15.253236,ETH,Mean Reversion,shadow,short,2318.38,2319.05,2318.36,2318.38,-12.87,-102.9,1267,high_vol
,2026-04-24T03:19:43.672923,ETH,Mean Reversion,paper,long,2318.55,2318.49,2318.55,2318.55,-0.25,-0.2,1306,high_vol
,2026-04-24T03:19:43.674461,ETH,Mean Reversion,shadow,long,2320.08,2317.78,2318.48,2320.08,-19.88,-109.9,3200,high_vol
,2026-04-24T03:19:53.840071,BTC,Mean Reversion,paper,short,78085.05,78066.91,78085.05,78085.05,2.32,2.3,349,low_vol
,2026-04-24T03:19:53.840783,BTC,Mean Reversion,shadow,short,78072.31,78099.11,78075.68,78072.31,-13.43,-103.4,1200,low_vol
,2026-04-24T03:19:55.874371,BTC,Mean Reversion,paper,short,78070.26,78084.66,78070.26,78070.26,-1.84,-1.8,265,high_vol
,2026-04-24T03:19:55.874869,BTC,Mean Reversion,shadow,short,78085.17,78099.11,78075.68,78085.17,-11.78,-101.8,3133,high_vol
,2026-04-24T03:20:01.967877,ETH,Mean Reversion,paper,long,2318.3,2318.36,2318.3,2318.3,0.27,0.3,3290,low_vol
,2026-04-24T03:20:01.968662,ETH,Mean Reversion,shadow,long,2320.37,2317.83,2318.53,2320.37,-20.94,-110.9,3472,low_vol
,2026-04-24T03:20:08.066235,ETH,Mean Reversion,paper,long,2318.73,2318.26,2318.73,2318.73,-2.01,-2.0,1768,low_vol
,2026-04-24T03:20:08.066859,ETH,Mean Reversion,shadow,long,2320.35,2317.82,2318.52,2320.35,-20.89,-110.9,2776,low_vol
,2026-04-24T03:20:52.758066,BTC,Mean Reversion,paper,short,78039.11,78049.8,78039.11,78039.11,-1.37,-1.4,1671,trending
,2026-04-24T03:20:52.758464,BTC,Mean Reversion,shadow,short,78044.61,78073.12,78049.71,78044.61,-13.65,-103.7,1437,trending
,2026-04-24T03:21:00.878855,BTC,Mean Reversion,paper,short,78029.1,78028.53,78029.1,78029.1,0.07,0.1,1697,trending
,2026-04-24T03:21:00.879419,BTC,Mean Reversion,shadow,short,78043.01,78055.24,78031.83,78043.01,-11.57,-101.6,442,trending
,2026-04-24T03:21:11.031147,ETH,Mean Reversion,paper,short,2317.14,2317.21,2317.14,2317.14,-0.31,-0.3,2303,low_vol
,2026-04-24T03:21:11.031685,ETH,Mean Reversion,shadow,short,2317.32,2318.13,2317.43,2317.32,-13.5,-103.5,971,low_vol
,2026-04-24T03:21:21.187190,ETH,Mean Reversion,paper,short,2318.05,2317.24,2318.05,2318.05,3.52,3.5,2610,high_vol
,2026-04-24T03:21:21.187724,ETH,Mean Reversion,shadow,short,2317.4,2318.33,2317.63,2317.4,-13.98,-104.0,2788,high_vol
,2026-04-24T03:21:27.272688,ETH,Mean Reversion,paper,long,2317.12,2317.34,2317.12,2317.12,0.94,0.9,1082,trending
,2026-04-24T03:21:27.273230,ETH,Mean Reversion,shadow,long,2318.24,2316.36,2317.06,2318.24,-18.1,-108.1,857,trending
,2026-04-24T03:21:29.299812,BTC,Mean Reversion,paper,short,78036.38,78045.8,78036.38,78036.38,-1.21,-1.2,2169,low_vol
,2026-04-24T03:21:29.300362,BTC,Mean Reversion,shadow,short,78032.67,78061.44,78038.03,78032.67,-13.69,-103.7,1921,low_vol
,2026-04-24T03:21:49.587206,BTC,Mean Reversion,paper,short,78043.75,78036.03,78043.75,78043.75,0.99,1.0,2073,trending
,2026-04-24T03:21:49.587599,BTC,Mean Reversion,shadow,short,78047.4,78059.88,78036.46,78047.4,-11.6,-101.6,2830,trending
,2026-04-24T03:22:30.206039,ETH,Mean Reversion,paper,long,2316.83,2316.98,2316.83,2316.83,0.67,0.7,1621,low_vol
,2026-04-24T03:22:30.207696,ETH,Mean Reversion,shadow,long,2318.37,2316.25,2316.94,2318.37,-19.15,-109.2,1153,low_vol
,2026-04-24T03:22:54.577851,ETH,Mean Reversion,paper,short,2314.99,2315.49,2314.99,2314.99,-2.15,-2.2,634,ranging
,2026-04-24T03:22:54.578261,ETH,Mean Reversion,shadow,short,2315.42,2315.8,2315.11,2315.42,-11.62,-101.6,383,ranging
,2026-04-24T03:22:56.595712,ETH,Mean Reversion,paper,short,2315.45,2315.13,2315.45,2315.45,1.38,1.4,3258,ranging
,2026-04-24T03:22:56.596176,ETH,Mean Reversion,shadow,short,2315.71,2316.08,2315.39,2315.71,-11.62,-101.6,740,ranging
,2026-04-24T03:23:06.707899,BTC,Mean Reversion,paper,long,77957.76,77958.31,77957.76,77957.76,0.07,0.1,3578,low_vol
,2026-04-24T03:23:06.708543,BTC,Mean Reversion,shadow,long,77999.69,77930.8,77954.18,77999.69,-18.83,-108.8,2103,low_vol
,2026-04-24T03:23:31.027780,BTC,Mean Reversion,paper,short,77962.04,77952.74,77962.04,77962.04,1.19,1.2,357,ranging
,2026-04-24T03:23:31.028193,BTC,Mean Reversion,shadow,short,77969.96,77986.66,77963.27,77969.96,-12.14,-102.1,3303,ranging
,2026-04-24T03:23:37.098647,BTC,Mean Reversion,paper,long,77872.68,77863.88,77872.68,77872.68,-1.13,-1.1,2160,low_vol
,2026-04-24T03:23:37.099123,BTC,Mean Reversion,shadow,long,77920.57,77843.29,77866.64,77920.57,-19.92,-109.9,386,low_vol
,2026-04-24T03:23:49.286741,BTC,Mean Reversion,paper,long,77829.13,77847.32,77829.13,77829.13,2.34,2.3,3129,low_vol
,2026-04-24T03:23:49.287587,BTC,Mean Reversion,shadow,long,77893.17,77816.64,77839.99,77893.17,-19.82,-109.8,739,low_vol
,2026-04-24T03:23:51.325190,ETH,Mean Reversion,paper,long,2312.85,2312.84,2312.85,2312.85,-0.05,-0.0,1299,low_vol
,2026-04-24T03:23:51.325886,ETH,Mean Reversion,shadow,long,2314.41,2312.04,2312.73,2314.41,-20.22,-110.2,2650,low_vol
,2026-04-24T03:23:53.360309,BTC,Mean Reversion,paper,short,77875.18,77892.1,77875.18,77875.18,-2.17,-2.2,1889,ranging
,2026-04-24T03:23:53.361013,BTC,Mean Reversion,shadow,short,77884.9,77906.51,77883.14,77884.9,-12.77,-102.8,1627,ranging
,2026-04-24T03:23:57.426921,ETH,Mean Reversion,paper,short,2313.39,2313.35,2313.39,2313.39,0.18,0.2,2109,low_vol
,2026-04-24T03:23:57.427760,ETH,Mean Reversion,shadow,short,2313.89,2314.22,2313.53,2313.89,-11.41,-101.4,2968,low_vol
,2026-04-24T03:24:25.747129,ETH,Mean Reversion,paper,long,2311.56,2311.44,2311.56,2311.56,-0.52,-0.5,2880,low_vol
,2026-04-24T03:24:25.747599,ETH,Mean Reversion,shadow,long,2312.82,2310.6,2311.3,2312.82,-19.58,-109.6,2191,low_vol
,2026-04-24T03:24:29.792054,ETH,Mean Reversion,paper,long,2311.56,2311.88,2311.56,2311.56,1.39,1.4,289,trending
,2026-04-24T03:24:29.792814,ETH,Mean Reversion,shadow,long,2313.71,2311.28,2311.97,2313.71,-20.5,-110.5,1627,trending
,2026-04-24T03:24:33.842769,ETH,Mean Reversion,paper,short,2310.51,2310.81,2310.51,2310.51,-1.34,-1.3,599,low_vol
,2026-04-24T03:24:33.843352,ETH,Mean Reversion,shadow,short,2310.91,2311.29,2310.6,2310.91,-11.66,-101.7,714,low_vol
,2026-04-24T03:24:41.936236,BTC,Mean Reversion,paper,long,77763.08,77742.45,77763.08,77763.08,-2.65,-2.7,409,ranging
,2026-04-24T03:24:41.936688,BTC,Mean Reversion,shadow,long,77791.0,77724.89,77748.21,77791.0,-18.5,-108.5,1913,ranging
,2026-04-24T03:24:48.006846,ETH,Mean Reversion,paper,short,2310.15,2309.47,2310.15,2310.15,2.95,2.9,1914,ranging
,2026-04-24T03:24:48.007284,ETH,Mean Reversion,shadow,short,2310.32,2310.59,2309.89,2310.32,-11.14,-101.1,3074,ranging
,2026-04-24T03:24:50.029244,ETH,Mean Reversion,paper,short,2310.59,2310.23,2310.59,2310.59,1.59,1.6,1050,high_vol
,2026-04-24T03:24:50.029644,ETH,Mean Reversion,shadow,short,2310.25,2311.11,2310.42,2310.25,-13.73,-103.7,2675,high_vol
,2026-04-24T03:25:00.150883,ETH,Mean Reversion,paper,long,2310.14,2310.28,2310.14,2310.14,0.61,0.6,789,high_vol
,2026-04-24T03:25:00.151417,ETH,Mean Reversion,shadow,long,2312.23,2309.71,2310.4,2312.23,-20.93,-110.9,2519,high_vol
,2026-04-24T03:25:04.200791,ETH,Mean Reversion,paper,short,2310.46,2311.25,2310.46,2310.46,-3.41,-3.4,3283,ranging
,2026-04-24T03:25:04.201371,ETH,Mean Reversion,shadow,short,2311.03,2311.6,2310.9,2311.03,-12.46,-102.5,1360,ranging
,2026-04-24T03:25:20.419050,ETH,Mean Reversion,paper,short,2311.17,2311.95,2311.17,2311.17,-3.38,-3.4,1797,trending
,2026-04-24T03:25:20.420698,ETH,Mean Reversion,shadow,short,2311.87,2312.25,2311.56,2311.87,-11.62,-101.6,1845,trending
,2026-04-24T03:25:56.949031,BTC,Mean Reversion,paper,short,77850.14,77853.38,77850.14,77850.14,-0.42,-0.4,1164,high_vol
,2026-04-24T03:25:56.949561,BTC,Mean Reversion,shadow,short,77861.84,77872.54,77849.18,77861.84,-11.37,-101.4,412,high_vol
,2026-04-24T03:26:03.016888,ETH,Mean Reversion,paper,short,2313.8,2313.72,2313.8,2313.8,0.35,0.3,2927,high_vol
,2026-04-24T03:26:03.017702,ETH,Mean Reversion,shadow,short,2313.34,2314.26,2313.57,2313.34,-13.97,-104.0,3355,high_vol
,2026-04-24T03:26:09.102185,ETH,Mean Reversion,paper,long,2314.13,2314.31,2314.13,2314.13,0.78,0.8,2538,trending
,2026-04-24T03:26:09.102955,ETH,Mean Reversion,shadow,long,2315.47,2313.16,2313.86,2315.47,-19.98,-110.0,721,trending
,2026-04-24T03:26:15.190249,BTC,Mean Reversion,paper,long,77872.89,77855.96,77872.89,77872.89,-2.17,-2.2,182,ranging
,2026-04-24T03:26:15.190653,BTC,Mean Reversion,shadow,long,77922.37,77839.41,77862.76,77922.37,-20.65,-110.6,2936,ranging
,2026-04-24T03:26:35.455207,BTC,Mean Reversion,paper,short,77901.82,77881.84,77901.82,77901.82,2.56,2.6,921,low_vol
,2026-04-24T03:26:35.456763,BTC,Mean Reversion,shadow,short,77891.68,77910.33,77886.96,77891.68,-12.4,-102.4,2460,low_vol
,2026-04-24T03:26:47.603998,ETH,Mean Reversion,paper,short,2313.93,2313.69,2313.93,2313.93,1.04,1.0,1692,low_vol
,2026-04-24T03:26:47.604436,ETH,Mean Reversion,shadow,short,2313.93,2314.71,2314.02,2313.93,-13.35,-103.4,102,low_vol
,2026-04-24T03:26:51.645174,ETH,Mean Reversion,paper,long,2314.39,2313.99,2314.39,2314.39,-1.73,-1.7,642,low_vol
,2026-04-24T03:26:51.645641,ETH,Mean Reversion,shadow,long,2315.4,2313.32,2314.02,2315.4,-18.99,-109.0,1327,low_vol
,2026-04-24T03:26:55.691886,ETH,Mean Reversion,paper,long,2314.06,2314.25,2314.06,2314.06,0.82,0.8,2145,high_vol
,2026-04-24T03:26:55.692730,ETH,Mean Reversion,shadow,long,2315.41,2313.32,2314.02,2315.41,-19.01,-109.0,2938,high_vol
,2026-04-24T03:27:05.831656,BTC,Mean Reversion,paper,long,77853.33,77856.79,77853.33,77853.33,0.45,0.4,2077,high_vol
,2026-04-24T03:27:05.832523,BTC,Mean Reversion,shadow,long,77903.22,77830.05,77853.4,77903.22,-19.39,-109.4,647,high_vol
,2026-04-24T03:27:22.047071,BTC,Mean Reversion,paper,long,77865.38,77855.72,77865.38,77865.38,-1.24,-1.2,3328,low_vol
,2026-04-24T03:27:22.047681,BTC,Mean Reversion,shadow,long,77895.39,77829.5,77852.86,77895.39,-18.46,-108.5,2888,low_vol
,2026-04-24T03:27:26.104381,ETH,Mean Reversion,paper,long,2312.61,2312.61,2312.61,2312.61,-0.02,-0.0,3088,high_vol
,2026-04-24T03:27:26.104715,ETH,Mean Reversion,shadow,long,2314.7,2312.26,2312.95,2314.7,-20.56,-110.6,705,high_vol
,2026-04-24T03:27:38.259276,ETH,Mean Reversion,paper,short,2312.64,2312.55,2312.64,2312.64,0.39,0.4,2017,ranging
,2026-04-24T03:27:38.259866,ETH,Mean Reversion,shadow,short,2313.23,2313.59,2312.9,2313.23,-11.58,-101.6,773,ranging
,2026-04-24T03:27:46.364188,BTC,Mean Reversion,paper,long,77827.76,77840.55,77827.76,77827.76,1.64,1.6,2597,high_vol
,2026-04-24T03:27:46.364970,BTC,Mean Reversion,shadow,long,77889.69,77811.31,77834.67,77889.69,-20.06,-110.1,999,high_vol
,2026-04-24T03:27:48.394876,BTC,Mean Reversion,paper,long,77842.5,77837.54,77842.5,77842.5,-0.64,-0.6,2403,trending
,2026-04-24T03:27:48.395517,BTC,Mean Reversion,shadow,long,77894.09,77811.24,77834.6,77894.09,-20.64,-110.6,1672,trending
,2026-04-24T03:28:10.654845,ETH,Mean Reversion,paper,long,2313.34,2312.94,2313.34,2313.34,-1.71,-1.7,742,low_vol
,2026-04-24T03:28:10.655489,ETH,Mean Reversion,shadow,long,2314.16,2312.2,2312.89,2314.16,-18.48,-108.5,645,low_vol
,2026-04-24T03:28:20.801686,BTC,Mean Reversion,paper,long,77850.21,77835.42,77850.21,77850.21,-1.9,-1.9,1069,low_vol
,2026-04-24T03:28:20.802362,BTC,Mean Reversion,shadow,long,77903.28,77824.85,77848.21,77903.28,-20.07,-110.1,3514,low_vol
,2026-04-24T03:28:26.877148,BTC,Mean Reversion,paper,long,77863.55,77856.85,77863.55,77863.55,-0.86,-0.9,658,high_vol
,2026-04-24T03:28:26.877908,BTC,Mean Reversion,shadow,long,77903.91,77831.21,77854.57,77903.91,-19.33,-109.3,561,high_vol
,2026-04-24T03:28:34.980435,ETH,Mean Reversion,paper,short,2313.26,2313.44,2313.26,2313.26,-0.79,-0.8,1592,high_vol
,2026-04-24T03:28:34.980769,ETH,Mean Reversion,shadow,short,2312.98,2313.69,2312.99,2312.98,-13.05,-103.1,2966,high_vol
,2026-04-24T03:28:41.049227,BTC,Mean Reversion,paper,short,77839.63,77836.21,77839.63,77839.63,0.44,0.4,2300,high_vol
,2026-04-24T03:28:41.049565,BTC,Mean Reversion,shadow,short,77850.59,77870.56,77847.21,77850.59,-12.57,-102.6,2759,high_vol
,2026-04-24T03:28:45.089325,ETH,Mean Reversion,paper,long,2312.74,2313.21,2312.74,2312.74,2.02,2.0,2320,high_vol
,2026-04-24T03:28:45.089979,ETH,Mean Reversion,shadow,long,2314.42,2312.08,2312.78,2314.42,-20.12,-110.1,2258,high_vol
,2026-04-24T03:28:53.202911,BTC,Mean Reversion,paper,long,77818.23,77827.18,77818.23,77818.23,1.15,1.2,1275,ranging
,2026-04-24T03:28:53.203524,BTC,Mean Reversion,shadow,long,77878.91,77808.36,77831.71,77878.91,-19.06,-109.1,1988,ranging
,2026-04-24T03:28:59.284743,BTC,Mean Reversion,paper,short,77811.12,77826.41,77811.12,77811.12,-1.97,-2.0,2865,low_vol
,2026-04-24T03:28:59.285428,BTC,Mean Reversion,shadow,short,77827.27,77849.64,77826.29,77827.27,-12.87,-102.9,1963,low_vol
,2026-04-24T03:29:13.456952,BTC,Mean Reversion,paper,short,77828.36,77830.84,77828.36,77828.36,-0.32,-0.3,519,ranging
,2026-04-24T03:29:13.457664,BTC,Mean Reversion,shadow,short,77834.85,77845.74,77822.39,77834.85,-11.4,-101.4,1913,ranging
,2026-04-24T03:29:15.489122,BTC,Mean Reversion,paper,short,77814.55,77829.81,77814.55,77814.55,-1.96,-2.0,431,trending
,2026-04-24T03:29:15.489782,BTC,Mean Reversion,shadow,short,77833.37,77845.74,77822.39,77833.37,-11.59,-101.6,2794,trending
,2026-04-24T03:29:19.546984,BTC,Mean Reversion,paper,long,77810.09,77807.28,77810.09,77810.09,-0.36,-0.4,3027,high_vol
,2026-04-24T03:29:19.547597,BTC,Mean Reversion,shadow,long,77876.06,77798.66,77822.01,77876.06,-19.94,-109.9,804,high_vol
,2026-04-24T03:29:29.674152,ETH,Mean Reversion,paper,long,2312.63,2313.09,2312.63,2312.63,1.99,2.0,3431,high_vol
,2026-04-24T03:29:29.674848,ETH,Mean Reversion,shadow,long,2314.04,2312.12,2312.82,2314.04,-18.28,-108.3,1952,high_vol
,2026-04-24T03:29:41.842603,BTC,Mean Reversion,paper,short,77826.86,77821.29,77826.86,77826.86,0.72,0.7,2381,trending
,2026-04-24T03:29:41.843414,BTC,Mean Reversion,shadow,short,77826.52,77842.65,77819.3,77826.52,-12.07,-102.1,277,trending
,2026-04-24T03:29:56.051772,BTC,Mean Reversion,paper,long,77810.78,77788.15,77810.78,77810.78,-2.91,-2.9,1756,ranging
,2026-04-24T03:29:56.052300,BTC,Mean Reversion,shadow,long,77859.28,77777.36,77800.71,77859.28,-20.52,-110.5,2907,ranging
,2026-04-24T03:30:22.459982,ETH,Mean Reversion,paper,long,2310.01,2309.84,2310.01,2310.01,-0.72,-0.7,274,low_vol
,2026-04-24T03:30:22.460575,ETH,Mean Reversion,shadow,long,2311.11,2309.03,2309.72,2311.11,-19.03,-109.0,2895,low_vol
,2026-04-24T03:30:28.559339,BTC,Mean Reversion,paper,long,77782.32,77763.99,77782.32,77782.32,-2.36,-2.4,1091,ranging
,2026-04-24T03:30:28.560167,BTC,Mean Reversion,shadow,long,77809.57,77744.01,77767.35,77809.57,-18.42,-108.4,3050,ranging
,2026-04-24T03:30:48.897467,ETH,Mean Reversion,paper,short,2311.16,2310.5,2311.16,2311.16,2.87,2.9,2090,low_vol
,2026-04-24T03:30:48.898132,ETH,Mean Reversion,shadow,short,2311.13,2311.58,2310.89,2311.13,-11.95,-101.9,1963,low_vol
,2026-04-24T03:31:15.327955,ETH,Mean Reversion,paper,long,2309.66,2309.62,2309.66,2309.66,-0.18,-0.2,2907,high_vol
,2026-04-24T03:31:15.328763,ETH,Mean Reversion,shadow,long,2311.64,2309.34,2310.03,2311.64,-19.94,-109.9,1161,high_vol
,2026-04-24T03:31:19.395127,BTC,Mean Reversion,paper,short,77752.36,77770.14,77752.36,77752.36,-2.29,-2.3,1865,low_vol
,2026-04-24T03:31:19.395950,BTC,Mean Reversion,shadow,short,77759.28,77780.62,77757.29,77759.28,-12.74,-102.7,2619,low_vol
,2026-04-24T03:31:21.432605,ETH,Mean Reversion,paper,long,2310.71,2310.31,2310.71,2310.71,-1.74,-1.7,1813,ranging
,2026-04-24T03:31:21.433453,ETH,Mean Reversion,shadow,long,2312.04,2309.69,2310.38,2312.04,-20.16,-110.2,2048,ranging
,2026-04-24T03:31:58.070764,ETH,Mean Reversion,paper,long,2306.68,2306.35,2306.68,2306.68,-1.43,-1.4,1070,trending
,2026-04-24T03:31:58.072472,ETH,Mean Reversion,shadow,long,2307.63,2305.74,2306.43,2307.63,-18.19,-108.2,1169,trending
,2026-04-24T03:32:06.208617,ETH,Mean Reversion,paper,short,2302.8,2302.62,2302.8,2302.8,0.79,0.8,994,trending
,2026-04-24T03:32:06.229365,ETH,Mean Reversion,shadow,short,2302.36,2303.15,2302.45,2302.36,-13.43,-103.4,1640,trending
,2026-04-24T03:32:30.599339,ETH,Mean Reversion,paper,long,2303.23,2302.82,2303.23,2303.23,-1.78,-1.8,813,ranging
,2026-04-24T03:32:30.600118,ETH,Mean Reversion,shadow,long,2304.13,2302.27,2302.97,2304.13,-18.05,-108.1,964,ranging
,2026-04-24T03:32:50.955293,ETH,Mean Reversion,paper,long,2303.27,2302.98,2303.27,2303.27,-1.24,-1.2,1911,low_vol
,2026-04-24T03:32:50.956125,ETH,Mean Reversion,shadow,long,2304.79,2302.42,2303.11,2304.79,-20.26,-110.3,715,low_vol
,2026-04-24T03:33:01.128969,BTC,Mean Reversion,paper,short,77655.48,77653.97,77655.48,77655.48,0.19,0.2,1580,high_vol
,2026-04-24T03:33:01.129832,BTC,Mean Reversion,shadow,short,77664.16,77678.53,77655.23,77664.16,-11.85,-101.9,1097,high_vol
,2026-04-24T03:33:45.892417,ETH,Mean Reversion,paper,short,2303.94,2304.33,2303.94,2303.94,-1.69,-1.7,701,high_vol
,2026-04-24T03:33:45.893892,ETH,Mean Reversion,shadow,short,2304.41,2304.99,2304.3,2304.41,-12.5,-102.5,2290,high_vol
,2026-04-24T03:34:16.412766,ETH,Mean Reversion,paper,short,2302.76,2301.95,2302.76,2302.76,3.51,3.5,1566,ranging
,2026-04-24T03:34:16.413591,ETH,Mean Reversion,shadow,short,2302.57,2303.1,2302.4,2302.57,-12.3,-102.3,636,ranging
,2026-04-24T03:34:20.489806,BTC,Mean Reversion,paper,short,77600.86,77606.35,77600.86,77600.86,-0.71,-0.7,570,low_vol
,2026-04-24T03:34:20.490566,BTC,Mean Reversion,shadow,short,77608.31,77627.05,77603.76,77608.31,-12.41,-102.4,1530,low_vol
,2026-04-24T03:34:24.565317,BTC,Mean Reversion,paper,short,77597.78,77603.68,77597.78,77597.78,-0.76,-0.8,3032,ranging
,2026-04-24T03:34:24.565954,BTC,Mean Reversion,shadow,short,77592.59,77622.15,77598.88,77592.59,-13.81,-103.8,381,ranging
,2026-04-24T03:34:30.670760,ETH,Mean Reversion,paper,short,2304.18,2303.63,2304.18,2304.18,2.38,2.4,2836,ranging
,2026-04-24T03:34:30.671579,ETH,Mean Reversion,shadow,short,2303.81,2304.51,2303.81,2303.81,-13.04,-103.0,1106,ranging
,2026-04-24T03:34:32.707188,BTC,Mean Reversion,paper,short,77656.41,77633.23,77656.41,77656.41,2.99,3.0,2500,trending
,2026-04-24T03:34:32.707980,BTC,Mean Reversion,shadow,short,77648.81,77667.48,77644.18,77648.81,-12.4,-102.4,2423,trending
,2026-04-24T03:34:40.853387,ETH,Mean Reversion,paper,short,2304.35,2303.58,2304.35,2304.35,3.32,3.3,3134,low_vol
,2026-04-24T03:34:40.854163,ETH,Mean Reversion,shadow,short,2304.26,2304.72,2304.03,2304.26,-11.96,-102.0,198,low_vol
,2026-04-24T03:34:51.034293,BTC,Mean Reversion,paper,long,77629.66,77622.14,77629.66,77629.66,-0.97,-1.0,1795,high_vol
,2026-04-24T03:34:51.035073,BTC,Mean Reversion,shadow,long,77680.67,77606.92,77630.21,77680.67,-19.49,-109.5,2529,high_vol
,2026-04-24T03:34:53.068894,BTC,Mean Reversion,paper,long,77644.74,77629.49,77644.74,77644.74,-1.96,-2.0,2801,trending
,2026-04-24T03:34:53.069488,BTC,Mean Reversion,shadow,long,77691.9,77606.92,77630.21,77691.9,-20.94,-110.9,823,trending
,2026-04-24T03:35:01.222312,ETH,Mean Reversion,paper,long,2302.76,2302.14,2302.76,2302.76,-2.69,-2.7,158,high_vol
,2026-04-24T03:35:01.237381,ETH,Mean Reversion,shadow,long,2303.62,2301.73,2302.42,2303.62,-18.23,-108.2,2394,high_vol
,2026-04-24T03:35:05.278537,BTC,Mean Reversion,paper,short,77652.92,77652.86,77652.92,77652.92,0.01,0.0,3034,ranging
,2026-04-24T03:35:05.279260,BTC,Mean Reversion,shadow,short,77657.35,77676.38,77653.08,77657.35,-12.45,-102.5,1593,ranging
,2026-04-24T03:35:15.446212,ETH,Mean Reversion,paper,long,2303.32,2303.4,2303.32,2303.32,0.35,0.3,3312,high_vol
,2026-04-24T03:35:15.447003,ETH,Mean Reversion,shadow,long,2304.75,2302.66,2303.36,2304.75,-19.04,-109.0,1309,high_vol
,2026-04-24T03:35:25.631596,ETH,Mean Reversion,paper,short,2304.11,2303.56,2304.11,2304.11,2.4,2.4,106,high_vol
,2026-04-24T03:35:25.632690,ETH,Mean Reversion,shadow,short,2303.69,2304.42,2303.72,2303.69,-13.15,-103.2,3325,high_vol
,2026-04-24T15:55:11.541606,BTC,Mean Reversion,paper,long,78040.1,78027.29,78040.1,78040.1,-1.64,-1.6,1961,low_vol
,2026-04-24T15:55:11.543784,BTC,Mean Reversion,shadow,long,78079.81,78009.81,78033.21,78079.81,-18.97,-109.0,2170,low_vol
,2026-04-24T15:55:23.930659,BTC,Mean Reversion,paper,long,78019.54,78011.52,78019.54,78019.54,-1.03,-1.0,2388,high_vol
,2026-04-24T15:55:23.931238,BTC,Mean Reversion,shadow,long,78078.29,78003.45,78026.86,78078.29,-19.59,-109.6,2839,high_vol
,2026-04-24T15:55:48.650815,ETH,Mean Reversion,paper,long,2322.48,2322.63,2322.48,2322.48,0.65,0.7,153,trending
,2026-04-24T15:55:48.651841,ETH,Mean Reversion,shadow,long,2323.85,2321.91,2322.61,2323.85,-18.34,-108.3,1276,trending
,2026-04-24T15:55:50.693822,BTC,Mean Reversion,paper,long,78034.76,78041.43,78034.76,78034.76,0.85,0.9,1002,high_vol
,2026-04-24T15:55:50.694138,BTC,Mean Reversion,shadow,long,78106.54,78022.29,78045.71,78106.54,-20.79,-110.8,2546,high_vol
,2026-04-24T15:56:05.158524,BTC,Mean Reversion,paper,long,78028.05,78026.87,78028.05,78028.05,-0.15,-0.2,1561,high_vol
,2026-04-24T15:56:05.159139,BTC,Mean Reversion,shadow,long,78078.83,78001.24,78024.64,78078.83,-19.94,-109.9,660,high_vol
,2026-04-24T15:56:15.531666,BTC,Mean Reversion,paper,long,78021.46,78037.6,78021.46,78021.46,2.07,2.1,1814,trending
,2026-04-24T15:56:15.532359,BTC,Mean Reversion,shadow,long,78064.66,78002.17,78025.58,78064.66,-18.01,-108.0,694,trending
,2026-04-24T15:56:25.804352,BTC,Mean Reversion,paper,short,78008.37,78024.48,78008.37,78008.37,-2.06,-2.1,1097,low_vol
,2026-04-24T15:56:25.805145,BTC,Mean Reversion,shadow,short,78016.38,78033.28,78009.88,78016.38,-12.17,-102.2,82,low_vol
,2026-04-24T15:56:38.363929,BTC,Mean Reversion,paper,long,78030.92,78016.57,78030.92,78030.92,-1.84,-1.8,96,low_vol
,2026-04-24T15:56:38.365168,BTC,Mean Reversion,shadow,long,78068.59,78002.32,78025.73,78068.59,-18.49,-108.5,2139,low_vol
,2026-04-24T15:56:50.947377,ETH,Mean Reversion,paper,long,2322.45,2322.02,2322.45,2322.45,-1.86,-1.9,2381,high_vol
,2026-04-24T15:56:50.948005,ETH,Mean Reversion,shadow,long,2324.15,2321.66,2322.36,2324.15,-20.73,-110.7,1453,high_vol
,2026-04-24T15:57:01.410525,ETH,Mean Reversion,paper,short,2321.53,2321.46,2321.53,2321.53,0.3,0.3,1318,low_vol
,2026-04-24T15:57:01.411106,ETH,Mean Reversion,shadow,short,2321.14,2321.99,2321.3,2321.14,-13.65,-103.6,1628,low_vol
,2026-04-24T15:57:07.666714,ETH,Mean Reversion,paper,long,2322.15,2321.41,2322.15,2322.15,-3.19,-3.2,2473,high_vol
,2026-04-24T15:57:07.667566,ETH,Mean Reversion,shadow,long,2323.54,2321.03,2321.72,2323.54,-20.83,-110.8,1235,high_vol
,2026-04-24T15:57:15.999817,ETH,Mean Reversion,paper,short,2321.48,2321.68,2321.48,2321.48,-0.9,-0.9,1185,low_vol
,2026-04-24T15:57:16.000541,ETH,Mean Reversion,shadow,short,2322.17,2322.61,2321.91,2322.17,-11.89,-101.9,1210,low_vol
,2026-04-24T15:57:39.044530,ETH,Mean Reversion,paper,short,2323.69,2322.9,2323.69,2323.69,3.37,3.4,1053,low_vol
,2026-04-24T15:57:39.045891,ETH,Mean Reversion,shadow,short,2323.4,2323.96,2323.26,2323.4,-12.42,-102.4,1707,low_vol
,2026-04-24T15:58:01.972572,BTC,Mean Reversion,paper,long,78024.73,78024.59,78024.73,78024.73,-0.02,-0.0,2114,ranging
,2026-04-24T15:58:01.973233,BTC,Mean Reversion,shadow,long,78080.15,78007.8,78031.21,78080.15,-19.27,-109.3,2008,ranging
,2026-04-24T15:58:20.777296,ETH,Mean Reversion,paper,long,2322.76,2322.54,2322.76,2322.76,-0.95,-0.9,2883,low_vol
,2026-04-24T15:58:20.779014,ETH,Mean Reversion,shadow,long,2324.09,2322.23,2322.93,2324.09,-18.02,-108.0,2316,low_vol
,2026-04-24T15:58:27.117599,ETH,Mean Reversion,paper,long,2323.3,2322.93,2323.3,2323.3,-1.6,-1.6,3565,high_vol
,2026-04-24T15:58:27.117966,ETH,Mean Reversion,shadow,long,2324.62,2322.2,2322.89,2324.62,-20.41,-110.4,358,high_vol
,2026-04-24T15:58:45.900834,BTC,Mean Reversion,paper,long,78038.32,78052.52,78038.32,78038.32,1.82,1.8,566,trending
,2026-04-24T15:58:45.902503,BTC,Mean Reversion,shadow,long,78112.19,78027.63,78051.05,78112.19,-20.82,-110.8,359,trending
,2026-04-24T15:58:48.005938,BTC,Mean Reversion,paper,short,78050.37,78069.19,78050.37,78050.37,-2.41,-2.4,3321,trending
,2026-04-24T15:58:48.006660,BTC,Mean Reversion,shadow,short,78056.21,78087.35,78063.93,78056.21,-13.99,-104.0,1448,trending
,2026-04-24T15:59:04.696760,BTC,Mean Reversion,paper,long,78045.34,78057.5,78045.34,78045.34,1.56,1.6,1150,low_vol
,2026-04-24T15:59:04.697599,BTC,Mean Reversion,shadow,long,78092.79,78027.83,78051.24,78092.79,-18.32,-108.3,2001,low_vol
,2026-04-24T15:59:27.721295,ETH,Mean Reversion,paper,long,2323.78,2323.94,2323.78,2323.78,0.66,0.7,2568,high_vol
,2026-04-24T15:59:27.722014,ETH,Mean Reversion,shadow,long,2325.4,2323.23,2323.93,2325.4,-19.34,-109.3,90,high_vol
,2026-04-24T15:59:42.912728,BTC,Mean Reversion,paper,long,78074.69,78055.2,78074.69,78074.69,-2.5,-2.5,1511,ranging
,2026-04-24T15:59:42.913630,BTC,Mean Reversion,shadow,long,78130.85,78045.34,78068.76,78130.85,-20.94,-110.9,685,ranging
,2026-04-24T15:59:53.257308,ETH,Mean Reversion,paper,short,2325.1,2324.6,2325.1,2325.1,2.18,2.2,3277,trending
,2026-04-24T15:59:53.258021,ETH,Mean Reversion,shadow,short,2324.78,2325.65,2324.95,2324.78,-13.75,-103.7,1034,trending
,2026-04-24T16:00:03.710253,ETH,Mean Reversion,paper,short,2324.87,2324.63,2324.87,2324.87,1.04,1.0,2134,high_vol
,2026-04-24T16:00:03.711000,ETH,Mean Reversion,shadow,short,2324.39,2325.27,2324.57,2324.39,-13.75,-103.8,2752,high_vol
,2026-04-24T16:00:09.982174,BTC,Mean Reversion,paper,long,78073.27,78065.74,78073.27,78073.27,-0.96,-1.0,1510,high_vol
,2026-04-24T16:00:09.983012,BTC,Mean Reversion,shadow,long,78134.93,78057.82,78081.24,78134.93,-19.87,-109.9,1114,high_vol
,2026-04-24T16:00:22.494023,BTC,Mean Reversion,paper,long,78068.54,78069.12,78068.54,78068.54,0.07,0.1,2717,high_vol
,2026-04-24T16:00:22.494632,BTC,Mean Reversion,shadow,long,78116.14,78038.85,78062.26,78116.14,-19.89,-109.9,2557,high_vol
,2026-04-24T16:00:26.627231,ETH,Mean Reversion,paper,long,2324.84,2325.14,2324.84,2324.84,1.27,1.3,3439,low_vol
,2026-04-24T16:00:26.628137,ETH,Mean Reversion,shadow,long,2326.05,2324.0,2324.7,2326.05,-18.79,-108.8,2828,low_vol
,2026-04-24T16:00:28.724299,ETH,Mean Reversion,paper,short,2324.62,2325.32,2324.62,2324.62,-3.01,-3.0,1252,low_vol
,2026-04-24T16:00:28.725189,ETH,Mean Reversion,shadow,short,2325.03,2325.57,2324.88,2325.03,-12.31,-102.3,1570,low_vol
,2026-04-24T16:00:37.078087,ETH,Mean Reversion,paper,short,2324.63,2323.95,2324.63,2324.63,2.89,2.9,66,high_vol
,2026-04-24T16:00:37.078604,ETH,Mean Reversion,shadow,short,2324.42,2324.87,2324.18,2324.42,-11.95,-102.0,1271,high_vol
,2026-04-24T16:00:51.601203,ETH,Mean Reversion,paper,short,2324.07,2324.16,2324.07,2324.07,-0.38,-0.4,3259,ranging
,2026-04-24T16:00:51.602026,ETH,Mean Reversion,shadow,short,2324.16,2324.47,2323.78,2324.16,-11.35,-101.3,1732,ranging
,2026-04-24T16:01:35.498011,BTC,Mean Reversion,paper,short,77960.67,77957.52,77960.67,77960.67,0.4,0.4,2403,ranging
,2026-04-24T16:01:35.498696,BTC,Mean Reversion,shadow,short,77974.62,77992.87,77969.48,77974.62,-12.34,-102.3,2182,ranging
,2026-04-24T16:01:45.847710,BTC,Mean Reversion,paper,long,77981.58,77969.29,77981.58,77981.58,-1.58,-1.6,609,ranging
,2026-04-24T16:01:45.848491,BTC,Mean Reversion,shadow,long,78030.37,77946.98,77970.38,78030.37,-20.69,-110.7,2852,ranging
,2026-04-24T16:01:47.949883,BTC,Mean Reversion,paper,short,77967.99,77968.67,77967.99,77967.99,-0.09,-0.1,1303,ranging
,2026-04-24T16:01:47.950743,BTC,Mean Reversion,shadow,short,77972.23,77985.71,77962.33,77972.23,-11.73,-101.7,2353,ranging
,2026-04-24T16:02:33.735192,ETH,Mean Reversion,paper,long,2323.18,2323.06,2323.18,2323.18,-0.51,-0.5,2017,low_vol
,2026-04-24T16:02:33.735991,ETH,Mean Reversion,shadow,long,2324.17,2322.17,2322.86,2324.17,-18.63,-108.6,3312,low_vol
,2026-04-24T16:02:35.834194,BTC,Mean Reversion,paper,long,78022.9,78021.28,78022.9,78022.9,-0.21,-0.2,3256,high_vol
,2026-04-24T16:02:35.835012,BTC,Mean Reversion,shadow,long,78081.55,77998.4,78021.8,78081.55,-20.65,-110.6,2240,high_vol
,2026-04-24T16:02:39.997783,BTC,Mean Reversion,paper,long,78010.13,77989.79,78010.13,78010.13,-2.61,-2.6,3392,low_vol
,2026-04-24T16:02:39.998594,BTC,Mean Reversion,shadow,long,78045.68,77971.73,77995.12,78045.68,-19.48,-109.5,1754,low_vol
,2026-04-24T16:02:42.114155,ETH,Mean Reversion,paper,short,2322.07,2322.55,2322.07,2322.07,-2.08,-2.1,672,high_vol
,2026-04-24T16:02:42.114515,ETH,Mean Reversion,shadow,short,2322.74,2323.06,2322.36,2322.74,-11.39,-101.4,907,high_vol
,2026-04-24T16:03:40.472559,BTC,Mean Reversion,paper,long,77951.27,77974.7,77951.27,77951.27,3.01,3.0,2464,ranging
,2026-04-24T16:03:40.474238,BTC,Mean Reversion,shadow,long,78009.49,77940.31,77963.7,78009.49,-18.87,-108.9,3383,ranging
,2026-04-24T16:04:11.873717,ETH,Mean Reversion,paper,long,2323.08,2323.74,2323.08,2323.08,2.86,2.9,2580,high_vol
,2026-04-24T16:04:11.874546,ETH,Mean Reversion,shadow,long,2325.08,2322.84,2323.53,2325.08,-19.63,-109.6,1084,high_vol
,2026-04-24T16:04:13.913254,ETH,Mean Reversion,paper,short,2323.83,2323.08,2323.83,2323.83,3.24,3.2,2057,low_vol
,2026-04-24T16:04:13.914874,ETH,Mean Reversion,shadow,short,2323.55,2324.23,2323.53,2323.55,-12.92,-102.9,89,low_vol
,2026-04-24T16:05:16.632062,ETH,Mean Reversion,paper,long,2322.98,2323.31,2322.98,2322.98,1.44,1.4,2908,high_vol
,2026-04-24T16:05:16.632964,ETH,Mean Reversion,shadow,long,2324.33,2322.29,2322.98,2324.33,-18.76,-108.8,811,high_vol
,2026-04-24T16:05:18.739088,BTC,Mean Reversion,paper,short,77990.01,77989.16,77990.01,77990.01,0.11,0.1,2339,trending
,2026-04-24T16:05:18.739706,BTC,Mean Reversion,shadow,short,77996.79,78022.57,77999.17,77996.79,-13.31,-103.3,1834,trending
,2026-04-24T16:05:24.912894,BTC,Mean Reversion,paper,long,78011.39,78000.92,78011.39,78011.39,-1.34,-1.3,1135,trending
,2026-04-24T16:05:24.913709,BTC,Mean Reversion,shadow,long,78051.59,77983.15,78006.55,78051.59,-18.77,-108.8,2887,trending
,2026-04-24T16:05:54.129672,ETH,Mean Reversion,paper,short,2323.04,2322.77,2323.04,2323.04,1.14,1.1,3447,high_vol
,2026-04-24T16:05:54.130840,ETH,Mean Reversion,shadow,short,2322.97,2323.6,2322.9,2322.97,-12.72,-102.7,85,high_vol
,2026-04-24T16:06:17.130292,ETH,Mean Reversion,paper,short,2324.01,2323.32,2324.01,2324.01,2.99,3.0,1820,trending
,2026-04-24T16:06:17.131479,ETH,Mean Reversion,shadow,short,2324.13,2324.42,2323.72,2324.13,-11.28,-101.3,2377,trending
,2026-04-24T16:06:27.655033,BTC,Mean Reversion,paper,short,78067.24,78042.69,78067.24,78067.24,3.14,3.1,1117,low_vol
,2026-04-24T16:06:27.655829,BTC,Mean Reversion,shadow,short,78048.97,78079.42,78056.01,78048.97,-13.9,-103.9,139,low_vol
,2026-04-24T16:06:35.913046,BTC,Mean Reversion,paper,short,78062.85,78039.42,78062.85,78062.85,3.0,3.0,1877,high_vol
,2026-04-24T16:06:35.914364,BTC,Mean Reversion,shadow,short,78044.98,78075.41,78051.99,78044.98,-13.9,-103.9,1367,high_vol
,2026-04-24T16:06:44.161795,BTC,Mean Reversion,paper,long,78041.28,78040.0,78041.28,78041.28,-0.16,-0.2,2232,low_vol
,2026-04-24T16:06:44.162429,BTC,Mean Reversion,shadow,long,78102.81,78028.58,78051.99,78102.81,-19.5,-109.5,1528,low_vol
,2026-04-24T16:06:50.473449,ETH,Mean Reversion,paper,long,2323.63,2323.8,2323.63,2323.63,0.73,0.7,1858,high_vol
,2026-04-24T16:06:50.475039,ETH,Mean Reversion,shadow,long,2325.38,2323.06,2323.76,2325.38,-19.97,-110.0,1514,high_vol
,2026-04-24T16:07:00.996304,BTC,Mean Reversion,paper,short,78024.54,78026.13,78024.54,78024.54,-0.2,-0.2,1945,trending
,2026-04-24T16:07:00.997839,BTC,Mean Reversion,shadow,short,78032.17,78044.77,78021.36,78032.17,-11.61,-101.6,1327,trending
,2026-04-24T16:07:32.438154,BTC,Mean Reversion,paper,short,77982.88,77998.17,77982.88,77982.88,-1.96,-2.0,1209,ranging
,2026-04-24T16:07:32.438972,BTC,Mean Reversion,shadow,short,78000.01,78010.12,77986.73,78000.01,-11.3,-101.3,2291,ranging
,2026-04-24T16:07:34.548923,ETH,Mean Reversion,paper,short,2320.74,2321.1,2320.74,2320.74,-1.57,-1.6,1750,low_vol
,2026-04-24T16:07:34.549702,ETH,Mean Reversion,shadow,short,2320.65,2321.44,2320.74,2320.65,-13.4,-103.4,1045,low_vol
,2026-04-24T16:07:51.266782,ETH,Mean Reversion,paper,short,2319.95,2319.97,2319.95,2319.95,-0.1,-0.1,3219,high_vol
,2026-04-24T16:07:51.267597,ETH,Mean Reversion,shadow,short,2320.25,2320.76,2320.07,2320.25,-12.22,-102.2,3241,high_vol
,2026-04-24T16:08:39.512768,BTC,Mean Reversion,paper,long,77890.18,77882.63,77890.18,77890.18,-0.97,-1.0,1080,low_vol
,2026-04-24T16:08:39.513278,BTC,Mean Reversion,shadow,long,77938.09,77870.92,77894.29,77938.09,-18.62,-108.6,2283,low_vol
,2026-04-24T16:08:50.052914,BTC,Mean Reversion,paper,short,77884.37,77876.8,77884.37,77884.37,0.97,1.0,2012,low_vol
,2026-04-24T16:08:50.054632,BTC,Mean Reversion,shadow,short,77877.81,77906.6,77883.24,77877.81,-13.7,-103.7,1233,low_vol
,2026-04-24T16:08:52.115769,BTC,Mean Reversion,paper,short,77863.19,77880.47,77863.19,77863.19,-2.22,-2.2,2012,low_vol
,2026-04-24T16:08:52.116129,BTC,Mean Reversion,shadow,short,77870.3,77898.31,77874.95,77870.3,-13.6,-103.6,1267,low_vol
,2026-04-24T16:09:23.502281,ETH,Mean Reversion,paper,long,2318.76,2318.22,2318.76,2318.76,-2.34,-2.3,2766,high_vol
,2026-04-24T16:09:23.503912,ETH,Mean Reversion,shadow,long,2320.2,2317.77,2318.47,2320.2,-20.46,-110.5,1795,high_vol
,2026-04-24T16:09:36.129285,BTC,Mean Reversion,paper,short,77856.95,77878.18,77856.95,77856.95,-2.73,-2.7,937,trending
,2026-04-24T16:09:36.129688,BTC,Mean Reversion,shadow,short,77863.0,77890.56,77867.2,77863.0,-13.54,-103.5,3349,trending
,2026-04-24T16:09:42.402315,BTC,Mean Reversion,paper,short,77873.71,77882.17,77873.71,77873.71,-1.09,-1.1,2778,high_vol
,2026-04-24T16:09:42.402764,BTC,Mean Reversion,shadow,short,77896.71,77904.63,77881.26,77896.71,-11.02,-101.0,1691,high_vol
,2026-04-24T16:09:46.569922,BTC,Mean Reversion,paper,short,77909.93,77897.39,77909.93,77909.93,1.61,1.6,1271,ranging
,2026-04-24T16:09:46.570707,BTC,Mean Reversion,shadow,short,77915.85,77928.94,77905.57,77915.85,-11.68,-101.7,87,ranging
,2026-04-24T16:09:59.068585,BTC,Mean Reversion,paper,short,77908.22,77887.71,77908.22,77908.22,2.63,2.6,1548,trending
,2026-04-24T16:09:59.069927,BTC,Mean Reversion,shadow,short,77906.59,77918.91,77895.54,77906.59,-11.58,-101.6,208,trending
,2026-04-24T16:10:34.636800,ETH,Mean Reversion,paper,short,2321.01,2321.5,2321.01,2321.01,-2.11,-2.1,1400,trending
,2026-04-24T16:10:34.637778,ETH,Mean Reversion,shadow,short,2321.22,2321.81,2321.11,2321.22,-12.56,-102.6,2665,trending
,2026-04-24T16:10:45.058241,ETH,Mean Reversion,paper,short,2321.03,2321.63,2321.03,2321.03,-2.61,-2.6,3275,high_vol
,2026-04-24T16:10:45.058821,ETH,Mean Reversion,shadow,short,2321.37,2321.88,2321.18,2321.37,-12.22,-102.2,1528,high_vol
,2026-04-24T16:11:06.083848,ETH,Mean Reversion,paper,short,2322.4,2322.49,2322.4,2322.4,-0.41,-0.4,2840,ranging
,2026-04-24T16:11:06.101775,ETH,Mean Reversion,shadow,short,2322.41,2322.88,2322.19,2322.41,-12.04,-102.0,902,ranging
,2026-04-24T16:11:08.164882,BTC,Mean Reversion,paper,short,77967.57,77941.21,77967.57,77967.57,3.38,3.4,537,high_vol
,2026-04-24T16:11:08.165478,BTC,Mean Reversion,shadow,short,77958.07,77979.25,77955.86,77958.07,-12.72,-102.7,1480,high_vol
,2026-04-24T16:11:43.889083,ETH,Mean Reversion,paper,short,2322.01,2322.27,2322.01,2322.01,-1.14,-1.1,459,high_vol
,2026-04-24T16:11:43.889946,ETH,Mean Reversion,shadow,short,2321.86,2322.53,2321.84,2321.86,-12.91,-102.9,1399,high_vol
,2026-04-24T16:11:54.431429,BTC,Mean Reversion,paper,short,77958.67,77953.92,77958.67,77958.67,0.61,0.6,2514,trending
,2026-04-24T16:11:54.432258,BTC,Mean Reversion,shadow,short,77970.7,77991.73,77968.33,77970.7,-12.7,-102.7,943,trending
,2026-04-24T16:12:07.108124,ETH,Mean Reversion,paper,short,2322.28,2321.85,2322.28,2322.28,1.86,1.9,624,ranging
,2026-04-24T16:12:07.121417,ETH,Mean Reversion,shadow,short,2322.64,2322.95,2322.26,2322.64,-11.33,-101.3,972,ranging
,2026-04-24T16:12:09.213451,BTC,Mean Reversion,paper,short,77981.64,77964.45,77981.64,77981.64,2.2,2.2,384,trending
,2026-04-24T16:12:09.214223,BTC,Mean Reversion,shadow,short,77974.62,77989.67,77966.29,77974.62,-11.93,-101.9,2798,trending
,2026-04-24T16:12:26.031753,BTC,Mean Reversion,paper,long,77970.4,77963.91,77970.4,77970.4,-0.83,-0.8,791,low_vol
,2026-04-24T16:12:26.032571,BTC,Mean Reversion,shadow,long,78009.9,77934.69,77958.08,78009.9,-19.64,-109.6,2892,low_vol
,2026-04-24T16:12:28.129018,BTC,Mean Reversion,paper,short,77964.18,77972.94,77964.18,77964.18,-1.12,-1.1,2488,ranging
,2026-04-24T16:12:28.129518,BTC,Mean Reversion,shadow,short,77976.03,77985.83,77962.45,77976.03,-11.26,-101.3,860,ranging
,2026-04-24T16:12:38.577977,BTC,Mean Reversion,paper,short,77959.07,77950.1,77959.07,77959.07,1.15,1.2,2673,trending
,2026-04-24T16:12:38.578795,BTC,Mean Reversion,shadow,short,77964.52,77972.59,77949.21,77964.52,-11.04,-101.0,1659,trending
,2026-04-24T16:12:53.240670,BTC,Mean Reversion,paper,long,77926.47,77917.31,77926.47,77926.47,-1.18,-1.2,3359,ranging
,2026-04-24T16:12:53.241473,BTC,Mean Reversion,shadow,long,77960.81,77890.32,77913.7,77960.81,-19.04,-109.0,232,ranging
,2026-04-24T16:13:10.123177,BTC,Mean Reversion,paper,short,77892.42,77892.09,77892.42,77892.42,0.04,0.0,3420,trending
,2026-04-24T16:13:10.123543,BTC,Mean Reversion,shadow,short,77897.61,77919.63,77896.26,77897.61,-12.83,-102.8,3281,trending
,2026-04-24T16:13:26.913381,BTC,Mean Reversion,paper,long,77902.67,77893.62,77902.67,77902.67,-1.16,-1.2,2626,low_vol
,2026-04-24T16:13:26.914143,BTC,Mean Reversion,shadow,long,77942.22,77875.23,77898.6,77942.22,-18.6,-108.6,1528,low_vol
,2026-04-24T16:13:41.530446,ETH,Mean Reversion,paper,short,2320.01,2320.02,2320.01,2320.01,-0.06,-0.1,1362,trending
,2026-04-24T16:13:41.531249,ETH,Mean Reversion,shadow,short,2319.63,2320.48,2319.78,2319.63,-13.63,-103.6,3204,trending
,2026-04-24T16:13:43.641105,ETH,Mean Reversion,paper,long,2319.8,2319.67,2319.8,2319.8,-0.55,-0.5,654,trending
,2026-04-24T16:13:43.641923,ETH,Mean Reversion,shadow,long,2321.07,2319.07,2319.77,2321.07,-18.64,-108.6,447,trending
,2026-04-24T16:13:47.867727,BTC,Mean Reversion,paper,short,77898.87,77898.75,77898.87,77898.87,0.01,0.0,2508,trending
,2026-04-24T16:13:47.868566,BTC,Mean Reversion,shadow,short,77895.0,77913.53,77890.17,77895.0,-12.38,-102.4,2590,trending
,2026-04-24T16:13:49.978804,ETH,Mean Reversion,paper,short,2319.43,2319.03,2319.43,2319.43,1.73,1.7,2495,high_vol
,2026-04-24T16:13:49.979630,ETH,Mean Reversion,shadow,short,2319.48,2320.09,2319.39,2319.48,-12.63,-102.6,1553,high_vol
,2026-04-24T16:13:54.125765,ETH,Mean Reversion,paper,long,2319.82,2319.55,2319.82,2319.82,-1.14,-1.1,950,high_vol
,2026-04-24T16:13:54.126192,ETH,Mean Reversion,shadow,long,2320.78,2318.77,2319.47,2320.78,-18.68,-108.7,1957,high_vol
,2026-04-24T16:14:08.889541,BTC,Mean Reversion,paper,long,77886.61,77892.4,77886.61,77886.61,0.74,0.7,1389,low_vol
,2026-04-24T16:14:08.890365,BTC,Mean Reversion,shadow,long,77942.92,77858.55,77881.92,77942.92,-20.82,-110.8,3210,low_vol
,2026-04-24T16:14:17.247709,BTC,Mean Reversion,paper,short,77869.92,77857.63,77869.92,77869.92,1.58,1.6,1357,trending
,2026-04-24T16:14:17.248507,BTC,Mean Reversion,shadow,short,77874.51,77896.36,77872.99,77874.51,-12.81,-102.8,432,trending
,2026-04-24T16:14:48.795485,BTC,Mean Reversion,paper,long,77822.93,77821.85,77822.93,77822.93,-0.14,-0.1,1412,ranging
,2026-04-24T16:14:48.796137,BTC,Mean Reversion,shadow,long,77884.31,77812.42,77835.77,77884.31,-19.23,-109.2,1752,ranging
,2026-04-24T16:15:11.883347,ETH,Mean Reversion,paper,short,2316.75,2316.53,2316.75,2316.75,0.92,0.9,1510,trending
,2026-04-24T16:15:11.886217,ETH,Mean Reversion,shadow,short,2316.7,2317.53,2316.84,2316.7,-13.6,-103.6,3202,trending
,2026-04-24T16:15:32.772735,ETH,Mean Reversion,paper,short,2317.07,2317.24,2317.07,2317.07,-0.71,-0.7,3349,ranging
,2026-04-24T16:15:32.774303,ETH,Mean Reversion,shadow,short,2316.99,2317.6,2316.9,2316.99,-12.64,-102.6,2867,ranging
,2026-04-24T16:15:36.994218,ETH,Mean Reversion,paper,long,2316.43,2316.66,2316.43,2316.43,1.02,1.0,2131,ranging
,2026-04-24T16:15:36.995010,ETH,Mean Reversion,shadow,long,2317.94,2315.67,2316.36,2317.94,-19.78,-109.8,116,ranging
,2026-04-24T16:15:47.400937,BTC,Mean Reversion,paper,long,77743.67,77759.17,77743.67,77743.67,1.99,2.0,791,trending
,2026-04-24T16:15:47.402541,BTC,Mean Reversion,shadow,long,77798.13,77732.46,77755.79,77798.13,-18.44,-108.4,1621,trending
,2026-04-24T16:15:57.959089,ETH,Mean Reversion,paper,long,2315.74,2315.85,2315.74,2315.74,0.47,0.5,3083,high_vol
,2026-04-24T16:15:57.959628,ETH,Mean Reversion,shadow,long,2316.86,2314.9,2315.59,2316.86,-18.47,-108.5,2855,high_vol
,2026-04-24T16:16:02.165090,ETH,Mean Reversion,paper,short,2316.42,2315.86,2316.42,2316.42,2.42,2.4,166,high_vol
,2026-04-24T16:16:02.165858,ETH,Mean Reversion,shadow,short,2316.08,2316.72,2316.03,2316.08,-12.78,-102.8,779,high_vol
,2026-04-24T16:16:08.481555,BTC,Mean Reversion,paper,short,77743.67,77751.18,77743.67,77743.67,-0.97,-1.0,2957,trending
,2026-04-24T16:16:08.481864,BTC,Mean Reversion,shadow,short,77764.68,77775.88,77752.55,77764.68,-11.44,-101.4,697,trending
,2026-04-24T16:16:35.912881,BTC,Mean Reversion,paper,short,77803.58,77786.8,77803.58,77803.58,2.16,2.2,1111,ranging
,2026-04-24T16:16:35.914566,BTC,Mean Reversion,shadow,short,77791.47,77820.86,77797.52,77791.47,-13.78,-103.8,3301,ranging
,2026-04-24T16:17:45.358440,BTC,Mean Reversion,paper,short,77706.54,77712.0,77706.54,77706.54,-0.7,-0.7,1191,low_vol
,2026-04-24T16:17:45.359268,BTC,Mean Reversion,shadow,short,77707.36,77737.13,77713.82,77707.36,-13.83,-103.8,1678,low_vol
,2026-04-24T16:17:49.584446,BTC,Mean Reversion,paper,short,77729.13,77722.85,77729.13,77729.13,0.81,0.8,2987,trending
,2026-04-24T16:17:49.585284,BTC,Mean Reversion,shadow,short,77720.04,77746.19,77722.88,77720.04,-13.36,-103.4,2722,trending
,2026-04-24T16:18:08.553608,BTC,Mean Reversion,paper,short,77715.78,77701.58,77715.78,77715.78,1.83,1.8,2407,ranging
,2026-04-24T16:18:08.554432,BTC,Mean Reversion,shadow,short,77708.18,77737.43,77714.11,77708.18,-13.76,-103.8,788,ranging
,2026-04-24T16:18:14.884716,BTC,Mean Reversion,paper,long,77714.52,77708.34,77714.52,77714.52,-0.79,-0.8,297,trending
,2026-04-24T16:18:14.885563,BTC,Mean Reversion,shadow,long,77772.25,77697.61,77720.92,77772.25,-19.6,-109.6,2232,trending
,2026-04-24T16:18:21.160727,BTC,Mean Reversion,paper,long,77727.98,77707.18,77727.98,77727.98,-2.68,-2.7,720,high_vol
,2026-04-24T16:18:21.161149,BTC,Mean Reversion,shadow,long,77764.93,77694.23,77717.54,77764.93,-19.09,-109.1,762,high_vol
,2026-04-24T16:18:25.370739,ETH,Mean Reversion,paper,long,2314.37,2314.14,2314.37,2314.37,-0.99,-1.0,1578,low_vol
,2026-04-24T16:18:25.371545,ETH,Mean Reversion,shadow,long,2315.96,2313.67,2314.36,2315.96,-19.87,-109.9,388,low_vol
,2026-04-24T16:18:33.822092,ETH,Mean Reversion,paper,long,2315.35,2315.64,2315.35,2315.35,1.23,1.2,541,low_vol
,2026-04-24T16:18:33.822908,ETH,Mean Reversion,shadow,long,2316.82,2314.64,2315.34,2316.82,-19.42,-109.4,2853,low_vol
,2026-04-24T16:18:40.131448,ETH,Mean Reversion,paper,short,2315.59,2315.31,2315.59,2315.59,1.22,1.2,1393,high_vol
,2026-04-24T16:18:40.133891,ETH,Mean Reversion,shadow,short,2315.17,2316.02,2315.32,2315.17,-13.66,-103.7,1915,high_vol
,2026-04-24T16:18:52.782316,BTC,Mean Reversion,paper,long,77736.62,77725.3,77736.62,77736.62,-1.46,-1.5,801,ranging
,2026-04-24T16:18:52.783954,BTC,Mean Reversion,shadow,long,77783.22,77714.18,77737.51,77783.22,-18.88,-108.9,3515,ranging
,2026-04-24T16:19:26.334487,ETH,Mean Reversion,paper,long,2313.44,2313.31,2313.44,2313.44,-0.53,-0.5,2859,trending
,2026-04-24T16:19:26.336223,ETH,Mean Reversion,shadow,long,2315.56,2313.07,2313.76,2315.56,-20.73,-110.7,3153,trending
,2026-04-24T16:19:49.568433,BTC,Mean Reversion,paper,long,77735.38,77731.02,77735.38,77735.38,-0.56,-0.6,2683,low_vol
,2026-04-24T16:19:49.570070,BTC,Mean Reversion,shadow,long,77780.84,77715.76,77739.08,77780.84,-18.37,-108.4,385,low_vol
,2026-04-24T16:19:53.800042,ETH,Mean Reversion,paper,long,2313.53,2313.06,2313.53,2313.53,-2.06,-2.1,1679,high_vol
,2026-04-24T16:19:53.800826,ETH,Mean Reversion,shadow,long,2314.72,2312.68,2313.38,2314.72,-18.81,-108.8,1738,high_vol
,2026-04-24T16:20:16.776635,BTC,Mean Reversion,paper,long,77739.01,77732.95,77739.01,77739.01,-0.78,-0.8,1760,high_vol
,2026-04-24T16:20:16.777467,BTC,Mean Reversion,shadow,long,77785.25,77716.71,77740.04,77785.25,-18.81,-108.8,478,high_vol
,2026-04-24T16:20:23.121622,ETH,Mean Reversion,paper,short,2314.85,2314.62,2314.85,2314.85,0.99,1.0,1680,ranging
,2026-04-24T16:20:23.121967,ETH,Mean Reversion,shadow,short,2315.02,2315.53,2314.84,2315.02,-12.19,-102.2,637,ranging
,2026-04-24T16:21:22.024061,ETH,Mean Reversion,paper,short,2313.88,2313.39,2313.88,2313.88,2.15,2.1,458,high_vol
,2026-04-24T16:21:22.024844,ETH,Mean Reversion,shadow,short,2313.8,2314.51,2313.82,2313.8,-13.08,-103.1,3455,high_vol
,2026-04-24T16:21:28.338906,ETH,Mean Reversion,paper,long,2313.61,2313.16,2313.61,2313.61,-1.98,-2.0,2956,high_vol
,2026-04-24T16:21:28.339719,ETH,Mean Reversion,shadow,long,2314.86,2312.67,2313.36,2314.86,-19.45,-109.4,1344,high_vol
,2026-04-24T16:21:49.383473,BTC,Mean Reversion,paper,short,77683.04,77700.83,77683.04,77683.04,-2.29,-2.3,3370,ranging
,2026-04-24T16:21:49.384283,BTC,Mean Reversion,shadow,short,77699.37,77716.87,77693.57,77699.37,-12.25,-102.3,2034,ranging
,2026-04-24T16:22:16.819189,ETH,Mean Reversion,paper,long,2312.91,2312.47,2312.91,2312.91,-1.91,-1.9,142,low_vol
,2026-04-24T16:22:16.819954,ETH,Mean Reversion,shadow,long,2314.06,2311.89,2312.59,2314.06,-19.35,-109.4,1546,low_vol
,2026-04-24T16:22:23.123279,ETH,Mean Reversion,paper,short,2312.8,2312.76,2312.8,2312.8,0.16,0.2,2093,high_vol
,2026-04-24T16:22:23.131209,ETH,Mean Reversion,shadow,short,2312.53,2313.42,2312.72,2312.53,-13.84,-103.8,2869,high_vol
,2026-04-24T16:22:35.775332,BTC,Mean Reversion,paper,long,77647.97,77655.09,77647.97,77647.97,0.92,0.9,875,low_vol
,2026-04-24T16:22:35.776061,BTC,Mean Reversion,shadow,long,77708.74,77638.08,77661.38,77708.74,-19.09,-109.1,1792,low_vol
,2026-04-24T16:22:54.800195,ETH,Mean Reversion,paper,short,2314.78,2314.17,2314.78,2314.78,2.64,2.6,1974,high_vol
,2026-04-24T16:22:54.801801,ETH,Mean Reversion,shadow,short,2314.25,2315.17,2314.48,2314.25,-13.99,-104.0,1458,high_vol
,2026-04-24T16:23:03.167925,ETH,Mean Reversion,paper,long,2315.29,2314.39,2315.29,2315.29,-3.9,-3.9,1589,ranging
,2026-04-24T16:23:03.168513,ETH,Mean Reversion,shadow,long,2316.56,2314.14,2314.84,2316.56,-20.43,-110.4,2635,ranging
,2026-04-24T16:23:09.443776,BTC,Mean Reversion,paper,long,77744.77,77735.75,77744.77,77744.77,-1.16,-1.2,3403,ranging
,2026-04-24T16:23:09.444525,BTC,Mean Reversion,shadow,long,77795.21,77713.23,77736.55,77795.21,-20.54,-110.5,442,ranging
,2026-04-24T16:23:11.557435,ETH,Mean Reversion,paper,long,2314.51,2314.81,2314.51,2314.51,1.29,1.3,3489,low_vol
,2026-04-24T16:23:11.558222,ETH,Mean Reversion,shadow,long,2316.57,2314.16,2314.85,2316.57,-20.43,-110.4,3420,low_vol
,2026-04-24T16:23:24.222487,BTC,Mean Reversion,paper,short,77761.75,77736.91,77761.75,77761.75,3.19,3.2,1310,low_vol
,2026-04-24T16:23:24.223297,BTC,Mean Reversion,shadow,short,77745.5,77772.45,77749.12,77745.5,-13.47,-103.5,1053,low_vol
,2026-04-24T16:23:47.427838,BTC,Mean Reversion,paper,short,77715.51,77738.11,77715.51,77715.51,-2.91,-2.9,2303,ranging
,2026-04-24T16:23:47.429515,BTC,Mean Reversion,shadow,short,77728.51,77749.48,77726.17,77728.51,-12.7,-102.7,2425,ranging
,2026-04-24T16:23:51.658356,ETH,Mean Reversion,paper,short,2314.75,2314.86,2314.75,2314.75,-0.46,-0.5,3094,low_vol
,2026-04-24T16:23:51.659192,ETH,Mean Reversion,shadow,short,2314.72,2315.51,2314.82,2314.72,-13.41,-103.4,1591,low_vol
,2026-04-24T16:24:06.372099,BTC,Mean Reversion,paper,short,77729.76,77742.46,77729.76,77729.76,-1.63,-1.6,2829,low_vol
,2026-04-24T16:24:06.373794,BTC,Mean Reversion,shadow,short,77729.98,77755.47,77732.15,77729.98,-13.28,-103.3,2089,low_vol
,2026-04-24T16:24:08.491500,ETH,Mean Reversion,paper,long,2315.26,2314.83,2315.26,2315.26,-1.83,-1.8,2743,high_vol
,2026-04-24T16:24:08.492259,ETH,Mean Reversion,shadow,long,2316.42,2314.54,2315.23,2316.42,-18.09,-108.1,1707,high_vol
,2026-04-24T16:24:19.078503,ETH,Mean Reversion,paper,short,2314.77,2314.98,2314.77,2314.77,-0.89,-0.9,502,high_vol
,2026-04-24T16:24:19.079589,ETH,Mean Reversion,shadow,short,2314.9,2315.59,2314.9,2314.9,-12.99,-103.0,1123,high_vol
,2026-04-24T16:24:25.356074,BTC,Mean Reversion,paper,long,77739.32,77762.71,77739.32,77739.32,3.01,3.0,1754,trending
,2026-04-24T16:24:25.356875,BTC,Mean Reversion,shadow,long,77806.12,77726.68,77750.01,77806.12,-20.21,-110.2,153,trending
,2026-04-24T16:24:31.708397,BTC,Mean Reversion,paper,short,77748.02,77751.27,77748.02,77748.02,-0.42,-0.4,3053,low_vol
,2026-04-24T16:24:31.709175,BTC,Mean Reversion,shadow,short,77756.12,77767.1,77743.77,77756.12,-11.41,-101.4,2727,low_vol
,2026-04-24T16:24:38.053201,ETH,Mean Reversion,paper,short,2315.64,2315.2,2315.64,2315.64,1.88,1.9,2390,trending
,2026-04-24T16:24:38.053998,ETH,Mean Reversion,shadow,short,2315.28,2316.1,2315.4,2315.28,-13.56,-103.6,584,trending
,2026-04-24T16:24:42.148649,BTC,Mean Reversion,paper,long,77745.32,77738.99,77745.32,77745.32,-0.82,-0.8,2214,high_vol
,2026-04-24T16:24:42.149248,BTC,Mean Reversion,shadow,long,77786.96,77724.68,77748.01,77786.96,-18.01,-108.0,3142,high_vol
,2026-04-24T16:24:48.484854,ETH,Mean Reversion,paper,long,2315.78,2316.13,2315.78,2315.78,1.5,1.5,294,high_vol
,2026-04-24T16:24:48.486141,ETH,Mean Reversion,shadow,long,2317.17,2315.09,2315.78,2317.17,-18.99,-109.0,2085,high_vol
,2026-04-24T16:24:59.052503,ETH,Mean Reversion,paper,long,2316.34,2315.59,2316.34,2316.34,-3.24,-3.2,3497,ranging
,2026-04-24T16:24:59.053279,ETH,Mean Reversion,shadow,long,2317.59,2315.32,2316.02,2317.59,-19.81,-109.8,728,ranging
,2026-04-24T16:25:05.285304,BTC,Mean Reversion,paper,long,77757.13,77762.84,77757.13,77757.13,0.73,0.7,2260,ranging
,2026-04-24T16:25:05.285671,BTC,Mean Reversion,shadow,long,77806.49,77732.36,77755.68,77806.49,-19.53,-109.5,204,ranging
,2026-04-24T16:25:11.625266,ETH,Mean Reversion,paper,long,2315.67,2316.02,2315.67,2315.67,1.48,1.5,932,trending
,2026-04-24T16:25:11.625895,ETH,Mean Reversion,shadow,long,2317.33,2315.18,2315.88,2317.33,-19.29,-109.3,1089,trending
,2026-04-24T16:25:13.735222,ETH,Mean Reversion,paper,long,2315.54,2315.78,2315.54,2315.54,1.03,1.0,3437,high_vol
,2026-04-24T16:25:13.736038,ETH,Mean Reversion,shadow,long,2317.04,2314.94,2315.64,2317.04,-19.07,-109.1,1358,high_vol
,2026-04-24T16:25:36.931995,BTC,Mean Reversion,paper,short,77715.63,77722.9,77715.63,77715.63,-0.94,-0.9,657,ranging
,2026-04-24T16:25:36.932752,BTC,Mean Reversion,shadow,short,77739.25,77753.37,77730.05,77739.25,-11.82,-101.8,2189,ranging
,2026-04-24T16:25:49.502362,ETH,Mean Reversion,paper,long,2313.78,2314.57,2313.78,2313.78,3.43,3.4,1950,high_vol
,2026-04-24T16:25:49.503160,ETH,Mean Reversion,shadow,long,2315.34,2313.47,2314.16,2315.34,-18.09,-108.1,3430,high_vol
,2026-04-24T16:25:51.617086,BTC,Mean Reversion,paper,long,77710.02,77681.14,77710.02,77710.02,-3.72,-3.7,954,high_vol
,2026-04-24T16:25:51.617898,BTC,Mean Reversion,shadow,long,77735.82,77673.34,77696.64,77735.82,-18.04,-108.0,3171,high_vol
,2026-04-24T16:26:16.804016,BTC,Mean Reversion,paper,short,77747.9,77749.23,77747.9,77747.9,-0.17,-0.2,685,low_vol
,2026-04-24T16:26:16.805571,BTC,Mean Reversion,shadow,short,77744.74,77759.82,77736.49,77744.74,-11.94,-101.9,2071,low_vol
,2026-04-24T16:26:44.128228,ETH,Mean Reversion,paper,long,2316.02,2315.43,2316.02,2316.02,-2.53,-2.5,1349,low_vol
,2026-04-24T16:26:44.128732,ETH,Mean Reversion,shadow,long,2317.45,2315.08,2315.78,2317.45,-20.24,-110.2,2038,low_vol
,2026-04-24T16:26:46.225018,BTC,Mean Reversion,paper,short,77735.15,77737.77,77735.15,77735.15,-0.34,-0.3,473,trending
,2026-04-24T16:26:46.225783,BTC,Mean Reversion,shadow,short,77730.19,77759.32,77735.99,77730.19,-13.75,-103.7,2375,trending
,2026-04-24T16:26:52.572585,BTC,Mean Reversion,paper,short,77756.49,77746.77,77756.49,77756.49,1.25,1.3,1726,trending
,2026-04-24T16:26:52.573103,BTC,Mean Reversion,shadow,short,77756.76,77774.53,77751.21,77756.76,-12.29,-102.3,788,trending
,2026-04-24T16:27:42.971863,BTC,Mean Reversion,paper,long,77763.45,77760.99,77763.45,77763.45,-0.32,-0.3,578,low_vol
,2026-04-24T16:27:42.973347,BTC,Mean Reversion,shadow,long,77818.62,77752.49,77775.83,77818.62,-18.5,-108.5,987,low_vol
,2026-04-24T16:28:10.230514,BTC,Mean Reversion,paper,long,77771.91,77789.49,77771.91,77771.91,2.26,2.3,367,low_vol
,2026-04-24T16:28:10.231352,BTC,Mean Reversion,shadow,long,77819.56,77755.94,77779.27,77819.56,-18.18,-108.2,518,low_vol
,2026-04-24T16:28:12.347555,BTC,Mean Reversion,paper,long,77762.84,77757.52,77762.84,77762.84,-0.68,-0.7,2718,trending
,2026-04-24T16:28:12.348337,BTC,Mean Reversion,shadow,long,77823.43,77748.66,77771.99,77823.43,-19.61,-109.6,1244,trending
,2026-04-24T16:28:16.508024,ETH,Mean Reversion,paper,long,2316.49,2317.26,2316.49,2316.49,3.32,3.3,532,trending
,2026-04-24T16:28:16.508672,ETH,Mean Reversion,shadow,long,2318.23,2316.23,2316.93,2318.23,-18.63,-108.6,1581,trending
,2026-04-24T16:28:22.794056,ETH,Mean Reversion,paper,long,2316.66,2316.68,2316.66,2316.66,0.07,0.1,3570,trending
,2026-04-24T16:28:22.794448,ETH,Mean Reversion,shadow,long,2318.55,2316.18,2316.88,2318.55,-20.23,-110.2,2262,trending
,2026-04-24T16:28:31.223021,ETH,Mean Reversion,paper,short,2317.15,2316.82,2317.15,2317.15,1.41,1.4,1295,ranging
,2026-04-24T16:28:31.223771,ETH,Mean Reversion,shadow,short,2317.19,2317.57,2316.88,2317.19,-11.63,-101.6,1973,ranging
,2026-04-24T16:28:52.138604,ETH,Mean Reversion,paper,long,2315.93,2316.43,2315.93,2315.93,2.13,2.1,561,high_vol
,2026-04-24T16:28:52.139858,ETH,Mean Reversion,shadow,long,2317.21,2315.34,2316.03,2317.21,-18.05,-108.0,1624,high_vol
,2026-04-24T16:29:08.970877,BTC,Mean Reversion,paper,long,77714.67,77688.15,77714.67,77714.67,-3.41,-3.4,2401,low_vol
,2026-04-24T16:29:08.971404,BTC,Mean Reversion,shadow,long,77747.91,77679.89,77703.21,77747.91,-18.75,-108.7,1004,low_vol
,2026-04-24T16:29:15.183106,ETH,Mean Reversion,paper,long,2315.5,2315.19,2315.5,2315.5,-1.34,-1.3,1682,low_vol
,2026-04-24T16:29:15.183640,ETH,Mean Reversion,shadow,long,2317.27,2314.73,2315.43,2317.27,-20.96,-111.0,70,low_vol
,2026-04-24T16:29:17.297426,BTC,Mean Reversion,paper,long,77725.67,77727.08,77725.67,77725.67,0.18,0.2,2401,high_vol
,2026-04-24T16:29:17.298249,BTC,Mean Reversion,shadow,long,77770.44,77702.84,77726.15,77770.44,-18.69,-108.7,3099,high_vol
,2026-04-24T16:29:48.649374,BTC,Mean Reversion,paper,short,77716.6,77721.19,77716.6,77716.6,-0.59,-0.6,3421,high_vol
,2026-04-24T16:29:48.650394,BTC,Mean Reversion,shadow,short,77727.32,77750.79,77727.47,77727.32,-13.02,-103.0,1861,high_vol
,2026-04-24T16:30:34.860993,BTC,Mean Reversion,paper,long,77764.27,77753.57,77764.27,77764.27,-1.38,-1.4,1374,low_vol
,2026-04-24T16:30:34.862477,BTC,Mean Reversion,shadow,long,77817.06,77735.67,77758.99,77817.06,-20.46,-110.5,1876,low_vol
,2026-04-24T16:30:36.975554,BTC,Mean Reversion,paper,short,77750.23,77767.69,77750.23,77750.23,-2.25,-2.2,2307,low_vol
,2026-04-24T16:30:36.976046,BTC,Mean Reversion,shadow,short,77766.87,77779.01,77755.68,77766.87,-11.56,-101.6,2270,low_vol
,2026-04-24T16:30:41.151332,BTC,Mean Reversion,paper,short,77764.98,77750.43,77764.98,77764.98,1.87,1.9,672,ranging
,2026-04-24T16:30:41.151766,BTC,Mean Reversion,shadow,short,77760.36,77778.82,77755.49,77760.36,-12.37,-102.4,1877,ranging
,2026-04-24T16:31:50.433739,BTC,Mean Reversion,paper,short,77807.61,77799.81,77807.61,77807.61,1.0,1.0,3124,ranging
,2026-04-24T16:31:50.435321,BTC,Mean Reversion,shadow,short,77808.9,77823.13,77799.79,77808.9,-11.83,-101.8,2886,ranging
,2026-04-24T16:31:54.644562,BTC,Mean Reversion,paper,long,77777.62,77778.65,77777.62,77777.62,0.13,0.1,429,high_vol
,2026-04-24T16:31:54.645072,BTC,Mean Reversion,shadow,long,77842.76,77768.43,77791.76,77842.76,-19.55,-109.5,3188,high_vol
,2026-04-24T16:32:00.993214,BTC,Mean Reversion,paper,long,77794.99,77785.74,77794.99,77794.99,-1.19,-1.2,804,ranging
,2026-04-24T16:32:00.994046,BTC,Mean Reversion,shadow,long,77842.48,77771.9,77795.24,77842.48,-19.07,-109.1,1480,ranging
,2026-04-24T16:32:13.629978,BTC,Mean Reversion,paper,short,77787.65,77797.28,77787.65,77787.65,-1.24,-1.2,1472,high_vol
,2026-04-24T16:32:13.630762,BTC,Mean Reversion,shadow,short,77803.9,77814.7,77791.36,77803.9,-11.39,-101.4,618,high_vol
,2026-04-24T16:32:26.246686,BTC,Mean Reversion,paper,long,77791.1,77787.01,77791.1,77791.1,-0.53,-0.5,2308,trending
,2026-04-24T16:32:26.247489,BTC,Mean Reversion,shadow,long,77848.33,77768.56,77791.9,77848.33,-20.25,-110.2,3495,trending
,2026-04-24T16:32:38.951221,ETH,Mean Reversion,paper,long,2319.83,2319.71,2319.83,2319.83,-0.53,-0.5,2818,high_vol
,2026-04-24T16:32:38.951930,ETH,Mean Reversion,shadow,long,2321.2,2319.18,2319.88,2321.2,-18.69,-108.7,166,high_vol
,2026-04-24T16:32:57.948985,ETH,Mean Reversion,paper,long,2318.98,2319.26,2318.98,2318.98,1.2,1.2,3326,low_vol
,2026-04-24T16:32:57.949783,ETH,Mean Reversion,shadow,long,2320.95,2318.61,2319.31,2320.95,-20.08,-110.1,2549,low_vol
,2026-04-24T16:34:07.529656,ETH,Mean Reversion,paper,long,2319.79,2320.07,2319.79,2319.79,1.23,1.2,3182,low_vol
,2026-04-24T16:34:07.530274,ETH,Mean Reversion,shadow,long,2321.75,2319.49,2320.18,2321.75,-19.75,-109.7,1038,low_vol
,2026-04-24T16:34:34.998283,BTC,Mean Reversion,paper,long,77862.49,77845.4,77862.49,77862.49,-2.2,-2.2,1759,low_vol
,2026-04-24T16:34:34.999097,BTC,Mean Reversion,shadow,long,77892.34,77827.45,77850.8,77892.34,-18.33,-108.3,3092,low_vol
,2026-04-24T16:34:37.132269,ETH,Mean Reversion,paper,long,2320.31,2320.19,2320.31,2320.31,-0.54,-0.5,3059,high_vol
,2026-04-24T16:34:37.132552,ETH,Mean Reversion,shadow,long,2322.02,2319.51,2320.2,2322.02,-20.79,-110.8,3182,high_vol
,2026-04-24T16:35:25.744357,BTC,Mean Reversion,paper,long,77885.21,77888.5,77885.21,77885.21,0.42,0.4,2529,low_vol
,2026-04-24T16:35:25.745986,BTC,Mean Reversion,shadow,long,77922.86,77858.77,77882.14,77922.86,-18.22,-108.2,3373,low_vol
,2026-04-24T16:35:36.349208,ETH,Mean Reversion,paper,long,2321.48,2321.48,2321.48,2321.48,-0.0,-0.0,1935,trending
,2026-04-24T16:35:36.350027,ETH,Mean Reversion,shadow,long,2323.62,2321.09,2321.78,2323.62,-20.88,-110.9,1606,trending
,2026-04-24T16:35:38.442262,ETH,Mean Reversion,paper,short,2321.8,2321.64,2321.8,2321.8,0.7,0.7,2209,high_vol
,2026-04-24T16:35:38.442773,ETH,Mean Reversion,shadow,short,2321.41,2322.33,2321.63,2321.41,-13.95,-104.0,814,high_vol
,2026-04-24T16:36:18.528077,ETH,Mean Reversion,paper,long,2321.79,2321.65,2321.79,2321.79,-0.6,-0.6,565,high_vol
,2026-04-24T16:36:18.529685,ETH,Mean Reversion,shadow,long,2322.8,2320.83,2321.53,2322.8,-18.5,-108.5,1061,high_vol
,2026-04-24T16:36:24.882974,BTC,Mean Reversion,paper,short,77908.63,77925.97,77908.63,77908.63,-2.23,-2.2,2267,low_vol
,2026-04-24T16:36:24.883396,BTC,Mean Reversion,shadow,short,77917.08,77939.64,77916.26,77917.08,-12.89,-102.9,3560,low_vol
,2026-04-24T16:36:58.438333,BTC,Mean Reversion,paper,long,77876.43,77850.59,77876.43,77876.43,-3.32,-3.3,1847,ranging
,2026-04-24T16:36:58.439644,BTC,Mean Reversion,shadow,long,77900.54,77837.96,77861.32,77900.54,-18.03,-108.0,1221,ranging
,2026-04-24T16:37:11.109759,ETH,Mean Reversion,paper,short,2320.7,2321.28,2320.7,2320.7,-2.51,-2.5,1620,trending
,2026-04-24T16:37:11.129755,ETH,Mean Reversion,shadow,short,2321.19,2321.66,2320.97,2321.19,-12.01,-102.0,2042,trending
,2026-04-24T16:38:01.575485,BTC,Mean Reversion,paper,long,77851.57,77843.32,77851.57,77851.57,-1.06,-1.1,1980,trending
,2026-04-24T16:38:01.576798,BTC,Mean Reversion,shadow,long,77899.94,77814.33,77837.68,77899.94,-20.99,-111.0,928,trending
,2026-04-24T16:38:07.939344,ETH,Mean Reversion,paper,short,2320.12,2320.11,2320.12,2320.12,0.04,0.0,1615,low_vol
,2026-04-24T16:38:07.940042,ETH,Mean Reversion,shadow,short,2320.23,2320.61,2319.91,2320.23,-11.66,-101.7,182,low_vol
,2026-04-24T16:38:31.002341,BTC,Mean Reversion,paper,long,77845.48,77860.3,77845.48,77845.48,1.9,1.9,3486,low_vol
,2026-04-24T16:38:31.003920,BTC,Mean Reversion,shadow,long,77906.03,77824.16,77847.51,77906.03,-20.51,-110.5,2552,low_vol
,2026-04-24T16:38:37.272711,ETH,Mean Reversion,paper,short,2319.9,2320.27,2319.9,2319.9,-1.61,-1.6,3424,ranging
,2026-04-24T16:38:37.274163,ETH,Mean Reversion,shadow,short,2320.03,2320.72,2320.02,2320.03,-12.98,-103.0,1823,ranging
,2026-04-24T16:38:49.844140,ETH,Mean Reversion,paper,short,2319.61,2320.29,2319.61,2319.61,-2.93,-2.9,559,trending
,2026-04-24T16:38:49.845329,ETH,Mean Reversion,shadow,short,2319.95,2320.54,2319.85,2319.95,-12.55,-102.5,2109,trending
,2026-04-24T16:38:58.224716,BTC,Mean Reversion,paper,short,77831.27,77807.76,77831.27,77831.27,3.02,3.0,1816,ranging
,2026-04-24T16:38:58.225473,BTC,Mean Reversion,shadow,short,77814.33,77841.35,77818.01,77814.33,-13.47,-103.5,1471,ranging
,2026-04-24T16:39:08.717788,ETH,Mean Reversion,paper,long,2319.87,2319.87,2319.87,2319.87,-0.01,-0.0,957,low_vol
,2026-04-24T16:39:08.718844,ETH,Mean Reversion,shadow,long,2321.26,2318.89,2319.59,2321.26,-20.22,-110.2,754,low_vol
,2026-04-24T16:39:12.908870,ETH,Mean Reversion,paper,long,2319.52,2319.92,2319.52,2319.52,1.72,1.7,3345,low_vol
,2026-04-24T16:39:12.909411,ETH,Mean Reversion,shadow,long,2321.04,2319.11,2319.81,2321.04,-18.31,-108.3,2376,low_vol
,2026-04-24T16:39:15.020121,ETH,Mean Reversion,paper,long,2319.71,2319.95,2319.71,2319.71,1.02,1.0,2012,ranging
,2026-04-24T16:39:15.021864,ETH,Mean Reversion,shadow,long,2321.34,2318.95,2319.64,2321.34,-20.3,-110.3,695,ranging
,2026-04-24T16:39:17.146248,ETH,Mean Reversion,paper,long,2319.61,2319.18,2319.61,2319.61,-1.87,-1.9,2960,trending
,2026-04-24T16:39:17.146534,ETH,Mean Reversion,shadow,long,2321.28,2318.8,2319.49,2321.28,-20.69,-110.7,3320,trending
,2026-04-24T16:39:46.435748,BTC,Mean Reversion,paper,long,77782.16,77788.86,77782.16,77782.16,0.86,0.9,1244,trending
,2026-04-24T16:39:46.437204,BTC,Mean Reversion,shadow,long,77841.72,77766.67,77790.01,77841.72,-19.64,-109.6,2122,trending
,2026-04-24T16:39:59.137641,ETH,Mean Reversion,paper,long,2319.6,2319.58,2319.6,2319.6,-0.08,-0.1,2909,high_vol
,2026-04-24T16:39:59.138542,ETH,Mean Reversion,shadow,long,2321.19,2318.91,2319.57,2321.19,-19.82,-109.8,1913,high_vol
,2026-04-24T16:40:01.220728,BTC,Mean Reversion,paper,long,77804.43,77787.26,77804.43,77804.43,-2.21,-2.2,2941,high_vol
,2026-04-24T16:40:01.221044,BTC,Mean Reversion,shadow,long,77840.79,77776.66,77799.99,77840.79,-18.24,-108.2,3417,high_vol
,2026-04-24T16:40:07.506838,ETH,Mean Reversion,paper,long,2320.08,2319.32,2320.08,2320.08,-3.29,-3.3,3092,trending
,2026-04-24T16:40:07.508337,ETH,Mean Reversion,shadow,long,2320.92,2319.06,2319.76,2320.92,-18.0,-108.0,402,trending
,2026-04-24T16:40:11.726270,ETH,Mean Reversion,paper,long,2319.49,2319.81,2319.49,2319.49,1.35,1.3,2008,ranging
,2026-04-24T16:40:11.726816,ETH,Mean Reversion,shadow,long,2320.92,2319.05,2319.74,2320.92,-18.05,-108.1,583,ranging
,2026-04-24T16:40:13.845936,BTC,Mean Reversion,paper,short,77791.77,77791.09,77791.77,77791.77,0.09,0.1,2550,trending
,2026-04-24T16:40:13.846312,BTC,Mean Reversion,shadow,short,77799.98,77827.68,77804.33,77799.98,-13.56,-103.6,215,trending
,2026-04-24T16:40:22.192449,BTC,Mean Reversion,paper,long,77770.91,77784.72,77770.91,77770.91,1.78,1.8,1490,ranging
,2026-04-24T16:40:22.193339,BTC,Mean Reversion,shadow,long,77837.37,77758.6,77781.93,77837.37,-20.12,-110.1,2838,ranging
,2026-04-24T16:40:32.763285,BTC,Mean Reversion,paper,long,77744.55,77745.77,77744.55,77744.55,0.16,0.2,565,low_vol
,2026-04-24T16:40:32.764105,BTC,Mean Reversion,shadow,long,77797.41,77726.68,77750.01,77797.41,-19.09,-109.1,1572,low_vol
,2026-04-24T16:41:23.041958,ETH,Mean Reversion,paper,long,2314.5,2314.65,2314.5,2314.5,0.62,0.6,817,ranging
,2026-04-24T16:41:23.042791,ETH,Mean Reversion,shadow,long,2316.32,2314.14,2314.84,2316.32,-19.43,-109.4,1020,ranging
,2026-04-24T16:41:31.319248,ETH,Mean Reversion,paper,long,2313.95,2314.39,2313.95,2313.95,1.89,1.9,903,low_vol
,2026-04-24T16:41:31.320744,ETH,Mean Reversion,shadow,long,2315.32,2313.33,2314.03,2315.32,-18.61,-108.6,3150,low_vol
,2026-04-24T16:41:41.851314,BTC,Mean Reversion,paper,long,77631.74,77640.62,77631.74,77631.74,1.14,1.1,394,high_vol
,2026-04-24T16:41:41.852029,BTC,Mean Reversion,shadow,long,77671.43,77602.38,77625.67,77671.43,-18.89,-108.9,2268,high_vol
,2026-04-24T16:41:52.342872,BTC,Mean Reversion,paper,short,77618.06,77628.81,77618.06,77618.06,-1.38,-1.4,1683,high_vol
,2026-04-24T16:41:52.344594,BTC,Mean Reversion,shadow,short,77644.11,77654.33,77631.04,77644.11,-11.32,-101.3,2571,high_vol
,2026-04-24T16:41:56.589962,BTC,Mean Reversion,paper,long,77613.32,77625.6,77613.32,77613.32,1.58,1.6,316,ranging
,2026-04-24T16:41:56.590723,BTC,Mean Reversion,shadow,long,77678.59,77604.73,77628.01,77678.59,-19.51,-109.5,832,ranging
,2026-04-24T16:42:13.455308,BTC,Mean Reversion,paper,short,77656.05,77653.12,77656.05,77656.05,0.38,0.4,1978,trending
,2026-04-24T16:42:13.456875,BTC,Mean Reversion,shadow,short,77662.45,77679.63,77656.33,77662.45,-12.21,-102.2,81,trending
,2026-04-24T16:42:15.540497,ETH,Mean Reversion,paper,long,2312.47,2312.83,2312.47,2312.47,1.53,1.5,2850,trending
,2026-04-24T16:42:15.541256,ETH,Mean Reversion,shadow,long,2313.82,2311.9,2312.6,2313.82,-18.28,-108.3,1994,trending
,2026-04-24T16:42:24.007174,BTC,Mean Reversion,paper,short,77651.35,77642.11,77651.35,77651.35,1.19,1.2,2197,high_vol
,2026-04-24T16:42:24.007992,BTC,Mean Reversion,shadow,short,77656.41,77670.75,77647.46,77656.41,-11.85,-101.8,1945,high_vol
,2026-04-24T16:42:26.117880,ETH,Mean Reversion,paper,short,2312.15,2312.93,2312.15,2312.15,-3.37,-3.4,3102,high_vol
,2026-04-24T16:42:26.132226,ETH,Mean Reversion,shadow,short,2312.44,2313.24,2312.55,2312.44,-13.45,-103.5,85,high_vol
,2026-04-24T16:42:28.222729,BTC,Mean Reversion,paper,short,77650.03,77646.46,77650.03,77650.03,0.46,0.5,2685,ranging
,2026-04-24T16:42:28.223580,BTC,Mean Reversion,shadow,short,77662.1,77680.65,77657.36,77662.1,-12.39,-102.4,1289,ranging
,2026-04-24T16:42:40.882670,ETH,Mean Reversion,paper,long,2311.98,2311.76,2311.98,2311.98,-0.96,-1.0,410,trending
,2026-04-24T16:42:40.883712,ETH,Mean Reversion,shadow,long,2313.56,2311.22,2311.91,2313.56,-20.12,-110.1,2153,trending
,2026-04-24T16:42:45.060286,ETH,Mean Reversion,paper,long,2312.13,2311.62,2312.13,2312.13,-2.21,-2.2,570,trending
,2026-04-24T16:42:45.061281,ETH,Mean Reversion,shadow,long,2313.21,2311.04,2311.73,2313.21,-19.39,-109.4,2687,trending
,2026-04-24T16:43:08.137952,BTC,Mean Reversion,paper,long,77675.09,77659.84,77675.09,77675.09,-1.96,-2.0,1593,trending
,2026-04-24T16:43:08.138295,BTC,Mean Reversion,shadow,long,77710.53,77636.72,77660.01,77710.53,-19.5,-109.5,1500,trending
,2026-04-24T16:43:12.287829,ETH,Mean Reversion,paper,short,2311.42,2310.89,2311.42,2311.42,2.32,2.3,2237,high_vol
,2026-04-24T16:43:12.288519,ETH,Mean Reversion,shadow,short,2311.01,2311.66,2310.97,2311.01,-12.8,-102.8,1545,high_vol
,2026-04-24T16:43:18.659633,ETH,Mean Reversion,paper,long,2311.42,2311.76,2311.42,2311.42,1.5,1.5,2357,trending
,2026-04-24T16:43:18.660369,ETH,Mean Reversion,shadow,long,2312.71,2310.77,2311.47,2312.71,-18.38,-108.4,2565,trending
,2026-04-24T16:43:22.847219,BTC,Mean Reversion,paper,long,77676.71,77682.82,77676.71,77676.71,0.79,0.8,2654,high_vol
,2026-04-24T16:43:22.847969,BTC,Mean Reversion,shadow,long,77748.75,77666.77,77690.08,77748.75,-20.54,-110.5,1809,high_vol
,2026-04-24T16:43:50.050187,ETH,Mean Reversion,paper,short,2312.67,2312.2,2312.67,2312.67,2.05,2.0,421,trending
,2026-04-24T16:43:50.051650,ETH,Mean Reversion,shadow,short,2312.2,2313.09,2312.39,2312.2,-13.84,-103.8,2359,trending
,2026-04-24T16:44:04.721078,BTC,Mean Reversion,paper,long,77720.71,77734.24,77720.71,77720.71,1.74,1.7,3445,low_vol
,2026-04-24T16:44:04.721630,BTC,Mean Reversion,shadow,long,77774.82,77709.73,77733.05,77774.82,-18.37,-108.4,2298,low_vol
,2026-04-24T16:44:17.421772,ETH,Mean Reversion,paper,long,2312.39,2312.56,2312.39,2312.39,0.72,0.7,1493,low_vol
,2026-04-24T16:44:17.423440,ETH,Mean Reversion,shadow,long,2314.26,2311.99,2312.68,2314.26,-19.8,-109.8,1909,low_vol
,2026-04-24T16:44:23.728424,BTC,Mean Reversion,paper,short,77739.86,77734.48,77739.86,77739.86,0.69,0.7,2558,high_vol
,2026-04-24T16:44:23.729237,BTC,Mean Reversion,shadow,short,77748.73,77765.33,77742.01,77748.73,-12.13,-102.1,83,high_vol
,2026-04-24T16:44:38.385610,ETH,Mean Reversion,paper,long,2312.61,2312.77,2312.61,2312.61,0.67,0.7,2325,trending
,2026-04-24T16:44:38.387757,ETH,Mean Reversion,shadow,long,2314.25,2312.25,2312.94,2314.25,-18.62,-108.6,497,trending
,2026-04-24T16:44:46.860091,BTC,Mean Reversion,paper,short,77738.5,77728.34,77738.5,77738.5,1.31,1.3,2865,ranging
,2026-04-24T16:44:46.860901,BTC,Mean Reversion,shadow,short,77738.3,77753.02,77729.71,77738.3,-11.89,-101.9,2860,ranging
,2026-04-24T16:45:18.545106,BTC,Mean Reversion,paper,short,77731.86,77752.96,77731.86,77731.86,-2.71,-2.7,2526,high_vol
,2026-04-24T16:45:18.545902,BTC,Mean Reversion,shadow,short,77748.54,77765.49,77742.17,77748.54,-12.18,-102.2,2236,high_vol
,2026-04-24T16:45:20.659322,ETH,Mean Reversion,paper,long,2315.61,2315.0,2315.61,2315.61,-2.62,-2.6,2881,ranging
,2026-04-24T16:45:20.659959,ETH,Mean Reversion,shadow,long,2317.06,2314.53,2315.22,2317.06,-20.92,-110.9,1740,ranging
,2026-04-24T16:45:33.316632,BTC,Mean Reversion,paper,short,77772.05,77761.41,77772.05,77772.05,1.37,1.4,3112,high_vol
,2026-04-24T16:45:33.317373,BTC,Mean Reversion,shadow,short,77755.88,77782.46,77759.14,77755.88,-13.42,-103.4,573,high_vol
,2026-04-24T16:45:43.825853,ETH,Mean Reversion,paper,short,2314.57,2315.04,2314.57,2314.57,-2.01,-2.0,107,low_vol
,2026-04-24T16:45:43.826421,ETH,Mean Reversion,shadow,short,2314.69,2315.49,2314.8,2314.69,-13.46,-103.5,990,low_vol
,2026-04-24T16:46:00.724905,ETH,Mean Reversion,paper,short,2314.52,2314.61,2314.52,2314.52,-0.36,-0.4,962,high_vol
,2026-04-24T16:46:00.725350,ETH,Mean Reversion,shadow,short,2315.19,2315.58,2314.89,2315.19,-11.67,-101.7,303,high_vol
,2026-04-24T16:46:28.234141,ETH,Mean Reversion,paper,short,2315.55,2315.57,2315.55,2315.55,-0.09,-0.1,572,ranging
,2026-04-24T16:46:28.234784,ETH,Mean Reversion,shadow,short,2315.34,2316.19,2315.49,2315.34,-13.69,-103.7,3417,ranging
,2026-04-24T16:46:45.229571,BTC,Mean Reversion,paper,short,77745.86,77746.75,77745.86,77745.86,-0.11,-0.1,2724,low_vol
,2026-04-24T16:46:45.230186,BTC,Mean Reversion,shadow,short,77751.56,77779.01,77755.68,77751.56,-13.53,-103.5,2083,low_vol
,2026-04-24T16:47:04.469581,ETH,Mean Reversion,paper,long,2315.82,2315.68,2315.82,2315.82,-0.58,-0.6,3217,low_vol
,2026-04-24T16:47:04.470482,ETH,Mean Reversion,shadow,long,2317.75,2315.34,2316.03,2317.75,-20.41,-110.4,2676,low_vol
,2026-04-24T16:47:27.377872,BTC,Mean Reversion,paper,long,77762.12,77776.19,77762.12,77762.12,1.81,1.8,1551,ranging
,2026-04-24T16:47:27.378532,BTC,Mean Reversion,shadow,long,77805.34,77742.11,77765.43,77805.34,-18.13,-108.1,1198,ranging
,2026-04-24T16:47:31.532392,ETH,Mean Reversion,paper,short,2315.79,2315.84,2315.79,2315.79,-0.2,-0.2,474,ranging
,2026-04-24T16:47:31.533160,ETH,Mean Reversion,shadow,short,2315.82,2316.71,2316.02,2315.82,-13.87,-103.9,2245,ranging
,2026-04-24T16:47:41.981525,BTC,Mean Reversion,paper,long,77743.32,77744.7,77743.32,77743.32,0.18,0.2,3468,high_vol
,2026-04-24T16:47:41.982305,BTC,Mean Reversion,shadow,long,77784.59,77709.42,77732.74,77784.59,-19.66,-109.7,496,high_vol
,2026-04-24T16:47:52.495409,ETH,Mean Reversion,paper,long,2315.25,2314.88,2315.25,2315.25,-1.6,-1.6,3270,low_vol
,2026-04-24T16:47:52.496237,ETH,Mean Reversion,shadow,long,2316.38,2314.2,2314.89,2316.38,-19.41,-109.4,2134,low_vol
,2026-04-24T16:47:54.599367,BTC,Mean Reversion,paper,short,77744.47,77716.55,77744.47,77744.47,3.59,3.6,2221,high_vol
,2026-04-24T16:47:54.600079,BTC,Mean Reversion,shadow,short,77734.37,77753.86,77730.54,77734.37,-12.51,-102.5,1687,high_vol
,2026-04-24T16:48:11.309093,ETH,Mean Reversion,paper,long,2314.51,2314.5,2314.51,2314.51,-0.03,-0.0,2892,high_vol
,2026-04-24T16:48:11.309906,ETH,Mean Reversion,shadow,long,2316.7,2314.23,2314.93,2316.7,-20.65,-110.6,664,high_vol
,2026-04-24T16:48:28.065849,BTC,Mean Reversion,paper,long,77715.31,77735.96,77715.31,77715.31,2.66,2.7,3139,trending
,2026-04-24T16:48:28.066915,BTC,Mean Reversion,shadow,long,77771.94,77702.85,77726.17,77771.94,-18.88,-108.9,961,trending
,2026-04-24T16:48:44.703809,ETH,Mean Reversion,paper,short,2314.03,2314.51,2314.03,2314.03,-2.09,-2.1,1661,ranging
,2026-04-24T16:48:44.704192,ETH,Mean Reversion,shadow,short,2314.63,2314.9,2314.2,2314.63,-11.17,-101.2,2820,ranging
,2026-04-24T16:48:55.145861,ETH,Mean Reversion,paper,short,2313.52,2313.37,2313.52,2313.52,0.69,0.7,2480,ranging
,2026-04-24T16:48:55.146128,ETH,Mean Reversion,shadow,short,2313.72,2314.23,2313.53,2313.72,-12.19,-102.2,3252,ranging
,2026-04-24T16:49:01.418199,BTC,Mean Reversion,paper,long,77697.82,77695.05,77697.82,77697.82,-0.36,-0.4,1827,ranging
,2026-04-24T16:49:01.418570,BTC,Mean Reversion,shadow,long,77732.39,77662.35,77685.65,77732.39,-19.01,-109.0,1355,ranging
,2026-04-24T16:49:05.601884,BTC,Mean Reversion,paper,long,77651.78,77665.4,77651.78,77651.78,1.75,1.8,1923,high_vol
,2026-04-24T16:49:05.602300,BTC,Mean Reversion,shadow,long,77728.05,77643.1,77666.39,77728.05,-20.93,-110.9,441,high_vol
,2026-04-24T16:49:18.064906,ETH,Mean Reversion,paper,short,2312.99,2312.44,2312.99,2312.99,2.41,2.4,64,low_vol
,2026-04-24T16:49:18.066181,ETH,Mean Reversion,shadow,short,2312.84,2313.42,2312.72,2312.84,-12.5,-102.5,1223,low_vol
,2026-04-24T16:49:20.165391,BTC,Mean Reversion,paper,long,77676.17,77681.29,77676.17,77676.17,0.66,0.7,3458,trending
,2026-04-24T16:49:20.166127,BTC,Mean Reversion,shadow,long,77735.03,77649.82,77673.12,77735.03,-20.96,-111.0,885,trending
,2026-04-24T16:49:24.308999,BTC,Mean Reversion,paper,long,77653.99,77660.4,77653.99,77653.99,0.82,0.8,1632,trending
,2026-04-24T16:49:24.309793,BTC,Mean Reversion,shadow,long,77712.44,77640.99,77664.29,77712.44,-19.19,-109.2,2358,trending
,2026-04-24T16:49:43.016465,BTC,Mean Reversion,paper,long,77657.37,77652.64,77657.37,77657.37,-0.61,-0.6,1412,trending
,2026-04-24T16:49:43.017911,BTC,Mean Reversion,shadow,long,77703.47,77635.92,77659.21,77703.47,-18.69,-108.7,2001,trending
,2026-04-24T16:49:53.540321,BTC,Mean Reversion,paper,short,77669.46,77661.0,77669.46,77669.46,1.09,1.1,569,high_vol
,2026-04-24T16:49:53.541204,BTC,Mean Reversion,shadow,short,77657.07,77686.32,77663.02,77657.07,-13.77,-103.8,3145,high_vol
,2026-04-24T16:49:55.590980,ETH,Mean Reversion,paper,long,2312.9,2312.34,2312.9,2312.9,-2.43,-2.4,3379,trending
,2026-04-24T16:49:55.591503,ETH,Mean Reversion,shadow,long,2313.98,2311.81,2312.5,2313.98,-19.39,-109.4,2282,trending
,2026-04-24T16:50:12.292280,BTC,Mean Reversion,paper,long,77660.11,77667.3,77660.11,77660.11,0.93,0.9,2819,high_vol
,2026-04-24T16:50:12.292941,BTC,Mean Reversion,shadow,long,77714.27,77649.82,77673.12,77714.27,-18.29,-108.3,1733,high_vol
,2026-04-24T16:50:43.801210,BTC,Mean Reversion,paper,short,77700.66,77691.15,77700.66,77700.66,1.22,1.2,379,high_vol
,2026-04-24T16:50:43.802901,BTC,Mean Reversion,shadow,short,77703.22,77718.1,77694.79,77703.22,-11.92,-101.9,525,high_vol
,2026-04-24T16:51:06.963939,BTC,Mean Reversion,paper,short,77670.84,77661.59,77670.84,77670.84,1.19,1.2,757,ranging
,2026-04-24T16:51:06.964677,BTC,Mean Reversion,shadow,short,77661.9,77690.47,77667.17,77661.9,-13.68,-103.7,2213,ranging
,2026-04-24T16:51:23.699876,ETH,Mean Reversion,paper,short,2313.02,2312.86,2313.02,2313.02,0.7,0.7,2384,ranging
,2026-04-24T16:51:23.700806,ETH,Mean Reversion,shadow,short,2313.25,2313.75,2313.06,2313.25,-12.15,-102.2,2805,ranging
,2026-04-24T16:51:42.595001,ETH,Mean Reversion,paper,long,2313.29,2313.13,2313.29,2313.29,-0.7,-0.7,1987,trending
,2026-04-24T16:51:42.595842,ETH,Mean Reversion,shadow,long,2314.69,2312.49,2313.18,2314.69,-19.49,-109.5,2225,trending
,2026-04-24T16:51:48.894498,BTC,Mean Reversion,paper,long,77664.61,77668.72,77664.61,77664.61,0.53,0.5,1348,ranging
,2026-04-24T16:51:48.895293,BTC,Mean Reversion,shadow,long,77721.5,77640.44,77663.74,77721.5,-20.43,-110.4,1250,ranging
,2026-04-24T16:51:57.254969,BTC,Mean Reversion,paper,long,77668.04,77663.09,77668.04,77668.04,-0.64,-0.6,1059,ranging
,2026-04-24T16:51:57.255697,BTC,Mean Reversion,shadow,long,77719.24,77642.12,77665.42,77719.24,-19.92,-109.9,2758,ranging
,2026-04-24T16:52:01.475581,BTC,Mean Reversion,paper,long,77660.19,77662.98,77660.19,77660.19,0.36,0.4,2488,trending
,2026-04-24T16:52:01.477204,BTC,Mean Reversion,shadow,long,77722.09,77642.12,77665.42,77722.09,-20.29,-110.3,1112,trending
,2026-04-24T16:52:24.589729,BTC,Mean Reversion,paper,long,77661.72,77663.76,77661.72,77661.72,0.26,0.3,1923,ranging
,2026-04-24T16:52:24.590544,BTC,Mean Reversion,shadow,long,77729.5,77653.65,77676.96,77729.5,-19.76,-109.8,3234,ranging
,2026-04-24T16:52:28.803600,BTC,Mean Reversion,paper,long,77682.98,77677.52,77682.98,77682.98,-0.7,-0.7,938,trending
,2026-04-24T16:52:28.804441,BTC,Mean Reversion,shadow,long,77727.96,77649.15,77672.46,77727.96,-20.14,-110.1,1690,trending
,2026-04-24T16:52:47.757974,ETH,Mean Reversion,paper,long,2312.38,2312.36,2312.38,2312.38,-0.09,-0.1,2265,trending
,2026-04-24T16:52:47.758589,ETH,Mean Reversion,shadow,long,2313.71,2311.74,2312.43,2313.71,-18.5,-108.5,2205,trending
,2026-04-24T16:53:06.556486,ETH,Mean Reversion,paper,long,2313.95,2313.58,2313.95,2313.95,-1.62,-1.6,2992,ranging
,2026-04-24T16:53:06.558101,ETH,Mean Reversion,shadow,long,2315.44,2313.2,2313.89,2315.44,-19.71,-109.7,1647,ranging
,2026-04-24T16:53:10.771084,BTC,Mean Reversion,paper,short,77697.83,77695.82,77697.83,77697.83,0.26,0.3,2260,high_vol
,2026-04-24T16:53:10.771910,BTC,Mean Reversion,shadow,short,77695.62,77714.3,77690.99,77695.62,-12.4,-102.4,2269,high_vol
,2026-04-24T16:53:21.235055,BTC,Mean Reversion,paper,long,77674.04,77662.8,77674.04,77674.04,-1.45,-1.4,740,low_vol
,2026-04-24T16:53:21.235997,BTC,Mean Reversion,shadow,long,77724.11,77649.75,77673.05,77724.11,-19.57,-109.6,1972,low_vol
,2026-04-24T16:54:09.560862,ETH,Mean Reversion,paper,long,2314.2,2314.03,2314.2,2314.2,-0.72,-0.7,3507,high_vol
,2026-04-24T16:54:09.561739,ETH,Mean Reversion,shadow,long,2315.9,2313.43,2314.12,2315.9,-20.65,-110.7,717,high_vol
,2026-04-24T16:54:11.659226,BTC,Mean Reversion,paper,short,77711.05,77716.36,77711.05,77711.05,-0.68,-0.7,788,high_vol
,2026-04-24T16:54:11.659709,BTC,Mean Reversion,shadow,short,77732.43,77745.61,77722.29,77732.43,-11.7,-101.7,288,high_vol
,2026-04-24T16:54:26.356691,ETH,Mean Reversion,paper,long,2313.92,2313.63,2313.92,2313.92,-1.23,-1.2,2278,ranging
,2026-04-24T16:54:26.357493,ETH,Mean Reversion,shadow,long,2315.68,2313.37,2314.07,2315.68,-19.96,-110.0,563,ranging
,2026-04-24T16:55:06.253020,BTC,Mean Reversion,paper,long,77761.31,77742.19,77761.31,77761.31,-2.46,-2.5,1966,high_vol
,2026-04-24T16:55:06.254723,BTC,Mean Reversion,shadow,long,77797.0,77726.48,77749.8,77797.0,-19.06,-109.1,3593,high_vol
,2026-04-24T16:55:25.142419,ETH,Mean Reversion,paper,short,2314.54,2314.33,2314.54,2314.54,0.9,0.9,1834,high_vol
,2026-04-24T16:55:25.142698,ETH,Mean Reversion,shadow,short,2314.54,2315.43,2314.73,2314.54,-13.82,-103.8,1518,high_vol
,2026-04-24T16:55:27.235167,BTC,Mean Reversion,paper,long,77743.62,77742.26,77743.62,77743.62,-0.17,-0.2,2570,high_vol
,2026-04-24T16:55:27.235872,BTC,Mean Reversion,shadow,long,77805.43,77726.41,77749.74,77805.43,-20.16,-110.2,467,high_vol
,2026-04-24T16:55:29.345419,BTC,Mean Reversion,paper,short,77756.3,77743.12,77756.3,77756.3,1.7,1.7,968,low_vol
,2026-04-24T16:55:29.346072,BTC,Mean Reversion,shadow,short,77757.13,77767.58,77744.26,77757.13,-11.34,-101.3,1587,low_vol
,2026-04-24T16:55:31.454929,ETH,Mean Reversion,paper,long,2314.47,2315.27,2314.47,2314.47,3.43,3.4,370,ranging
,2026-04-24T16:55:31.455651,ETH,Mean Reversion,shadow,long,2316.51,2314.12,2314.82,2316.51,-20.33,-110.3,2680,ranging
,2026-04-24T16:55:35.675723,ETH,Mean Reversion,paper,short,2313.98,2314.31,2313.98,2313.98,-1.45,-1.5,1398,trending
,2026-04-24T16:55:35.676444,ETH,Mean Reversion,shadow,short,2314.67,2315.04,2314.35,2314.67,-11.58,-101.6,2568,trending
,2026-04-24T16:55:42.081779,BTC,Mean Reversion,paper,short,77735.28,77716.81,77735.28,77735.28,2.38,2.4,3474,low_vol
,2026-04-24T16:55:42.121276,BTC,Mean Reversion,shadow,short,77722.2,77749.76,77726.45,77722.2,-13.55,-103.5,3119,low_vol
,2026-04-24T16:55:44.313254,BTC,Mean Reversion,paper,long,77728.33,77734.44,77728.33,77728.33,0.79,0.8,503,low_vol
,2026-04-24T16:55:44.314087,BTC,Mean Reversion,shadow,long,77780.97,77702.87,77726.18,77780.97,-20.04,-110.0,1263,low_vol
,2026-04-24T16:56:03.720586,ETH,Mean Reversion,paper,long,2315.0,2314.93,2315.0,2315.0,-0.32,-0.3,675,high_vol
,2026-04-24T16:56:03.722233,ETH,Mean Reversion,shadow,long,2316.9,2314.42,2315.11,2316.9,-20.74,-110.7,3542,high_vol
,2026-04-24T16:56:10.139724,ETH,Mean Reversion,paper,short,2315.08,2315.35,2315.08,2315.08,-1.17,-1.2,1256,high_vol
,2026-04-24T16:56:10.141763,ETH,Mean Reversion,shadow,short,2315.37,2315.62,2314.93,2315.37,-11.06,-101.1,498,high_vol
,2026-04-24T16:56:42.174698,ETH,Mean Reversion,paper,short,2313.57,2314.16,2313.57,2313.57,-2.53,-2.5,2118,high_vol
,2026-04-24T16:56:42.176076,ETH,Mean Reversion,shadow,short,2314.27,2314.55,2313.86,2314.27,-11.23,-101.2,1049,high_vol
,2026-04-24T16:57:27.499281,ETH,Mean Reversion,paper,short,2312.64,2313.4,2312.64,2312.64,-3.3,-3.3,3279,high_vol
,2026-04-24T16:57:27.500123,ETH,Mean Reversion,shadow,short,2313.23,2313.65,2312.96,2313.23,-11.85,-101.8,2227,high_vol
,2026-04-24T16:57:36.162880,ETH,Mean Reversion,paper,long,2313.28,2313.59,2313.28,2313.28,1.31,1.3,96,low_vol
,2026-04-24T16:57:36.163244,ETH,Mean Reversion,shadow,long,2314.93,2312.45,2313.14,2314.93,-20.71,-110.7,2948,low_vol
,2026-04-24T16:57:38.333698,BTC,Mean Reversion,paper,long,77684.08,77680.64,77684.08,77684.08,-0.44,-0.4,2902,ranging
,2026-04-24T16:57:38.334531,BTC,Mean Reversion,shadow,long,77742.16,77667.98,77691.29,77742.16,-19.54,-109.5,2426,ranging
,2026-04-24T16:57:49.150153,BTC,Mean Reversion,paper,long,77710.4,77697.31,77710.4,77710.4,-1.68,-1.7,2359,high_vol
,2026-04-24T16:57:49.150468,BTC,Mean Reversion,shadow,long,77747.44,77673.58,77696.89,77747.44,-19.5,-109.5,2429,high_vol
,2026-04-24T16:58:02.148391,BTC,Mean Reversion,paper,long,77714.96,77696.98,77714.96,77714.96,-2.31,-2.3,2768,ranging
,2026-04-24T16:58:02.148757,BTC,Mean Reversion,shadow,long,77750.44,77678.9,77702.21,77750.44,-19.2,-109.2,1166,ranging
,2026-04-24T16:58:04.180764,ETH,Mean Reversion,paper,long,2314.35,2314.09,2314.35,2314.35,-1.1,-1.1,2573,trending
,2026-04-24T16:58:04.181340,ETH,Mean Reversion,shadow,long,2316.1,2313.63,2314.32,2316.1,-20.67,-110.7,738,trending
,2026-04-24T16:58:32.399567,ETH,Mean Reversion,paper,short,2315.98,2316.2,2315.98,2315.98,-0.93,-0.9,3328,low_vol
,2026-04-24T16:58:32.401333,ETH,Mean Reversion,shadow,short,2316.32,2316.78,2316.09,2316.32,-12.0,-102.0,482,low_vol
,2026-04-24T16:58:43.143502,ETH,Mean Reversion,paper,short,2316.31,2316.16,2316.31,2316.31,0.61,0.6,1056,high_vol
,2026-04-24T16:58:43.143856,ETH,Mean Reversion,shadow,short,2316.48,2316.84,2316.14,2316.48,-11.54,-101.5,148,high_vol
,2026-04-24T16:59:02.512917,ETH,Mean Reversion,paper,short,2315.71,2315.82,2315.71,2315.71,-0.47,-0.5,1455,low_vol
,2026-04-24T16:59:02.513749,ETH,Mean Reversion,shadow,short,2315.91,2316.75,2316.06,2315.91,-13.64,-103.6,1253,low_vol
,2026-04-24T16:59:54.337474,BTC,Mean Reversion,paper,short,77816.75,77796.68,77816.75,77816.75,2.58,2.6,2233,ranging
,2026-04-24T16:59:54.338301,BTC,Mean Reversion,shadow,short,77803.29,77827.38,77804.04,77803.29,-13.1,-103.1,1742,ranging
,2026-04-24T17:00:00.899560,BTC,Mean Reversion,paper,short,77750.87,77777.15,77750.87,77750.87,-3.38,-3.4,1489,ranging
,2026-04-24T17:00:00.900281,BTC,Mean Reversion,shadow,short,77758.87,77787.34,77764.01,77758.87,-13.66,-103.7,65,ranging
,2026-04-24T17:00:29.050125,ETH,Mean Reversion,paper,short,2317.63,2317.34,2317.63,2317.63,1.24,1.2,1890,high_vol
,2026-04-24T17:00:29.051823,ETH,Mean Reversion,shadow,short,2317.43,2318.01,2317.32,2317.43,-12.52,-102.5,3033,high_vol
,2026-04-24T17:01:01.693792,BTC,Mean Reversion,paper,long,77746.31,77748.14,77746.31,77746.31,0.23,0.2,1188,high_vol
,2026-04-24T17:01:01.695262,BTC,Mean Reversion,shadow,long,77795.76,77725.8,77749.12,77795.76,-18.99,-109.0,699,high_vol
,2026-04-24T17:01:14.638515,ETH,Mean Reversion,paper,short,2317.88,2318.11,2317.88,2317.88,-0.99,-1.0,830,low_vol
,2026-04-24T17:01:14.639330,ETH,Mean Reversion,shadow,short,2318.09,2318.97,2318.27,2318.09,-13.76,-103.8,2274,low_vol
,2026-04-24T17:01:16.830806,BTC,Mean Reversion,paper,short,77768.65,77766.01,77768.65,77768.65,0.34,0.3,1521,ranging
,2026-04-24T17:01:16.831574,BTC,Mean Reversion,shadow,short,77768.01,77784.52,77761.19,77768.01,-12.12,-102.1,3161,ranging
,2026-04-24T17:01:40.438997,BTC,Mean Reversion,paper,long,77749.35,77772.16,77749.35,77749.35,2.93,2.9,1120,ranging
,2026-04-24T17:01:40.439275,BTC,Mean Reversion,shadow,long,77818.56,77734.89,77758.21,77818.56,-20.75,-110.8,2317,ranging
,2026-04-24T17:02:33.708484,ETH,Mean Reversion,paper,long,2317.78,2317.57,2317.78,2317.78,-0.94,-0.9,2299,high_vol
,2026-04-24T17:02:33.709712,ETH,Mean Reversion,shadow,long,2319.5,2317.3,2317.99,2319.5,-19.5,-109.5,2028,high_vol
,2026-04-24T17:02:38.082520,BTC,Mean Reversion,paper,long,77764.52,77750.85,77764.52,77764.52,-1.76,-1.8,332,high_vol
,2026-04-24T17:02:38.082869,BTC,Mean Reversion,shadow,long,77807.5,77732.57,77755.89,77807.5,-19.63,-109.6,3171,high_vol
,2026-04-24T17:02:40.258835,ETH,Mean Reversion,paper,short,2317.94,2318.36,2317.94,2317.94,-1.82,-1.8,916,ranging
,2026-04-24T17:02:40.278352,ETH,Mean Reversion,shadow,short,2318.35,2318.69,2317.99,2318.35,-11.49,-101.5,2447,ranging
,2026-04-24T17:02:42.446905,ETH,Mean Reversion,paper,long,2318.1,2318.36,2318.1,2318.1,1.11,1.1,2728,trending
,2026-04-24T17:02:42.447559,ETH,Mean Reversion,shadow,long,2319.34,2317.3,2317.99,2319.34,-18.79,-108.8,2023,trending
,2026-04-24T17:02:48.895435,BTC,Mean Reversion,paper,short,77739.95,77753.6,77739.95,77739.95,-1.76,-1.8,2716,high_vol
,2026-04-24T17:02:48.896102,BTC,Mean Reversion,shadow,short,77749.43,77772.62,77749.29,77749.43,-12.98,-103.0,1843,high_vol
,2026-04-24T17:02:53.219898,ETH,Mean Reversion,paper,long,2316.54,2315.94,2316.54,2316.54,-2.56,-2.6,1199,trending
,2026-04-24T17:02:53.220900,ETH,Mean Reversion,shadow,long,2317.82,2315.58,2316.28,2317.82,-19.65,-109.7,662,trending
,2026-04-24T17:02:57.473284,ETH,Mean Reversion,paper,short,2316.46,2316.37,2316.46,2316.46,0.39,0.4,1488,ranging
,2026-04-24T17:02:57.473962,ETH,Mean Reversion,shadow,short,2316.71,2316.97,2316.28,2316.71,-11.14,-101.1,3105,ranging
,2026-04-24T17:03:01.847493,BTC,Mean Reversion,paper,long,77748.44,77759.61,77748.44,77748.44,1.44,1.4,2386,high_vol
,2026-04-24T17:03:01.848223,BTC,Mean Reversion,shadow,long,77814.45,77730.33,77753.65,77814.45,-20.81,-110.8,2465,high_vol
,2026-04-24T17:03:17.863342,BTC,Mean Reversion,paper,long,77722.44,77712.34,77722.44,77722.44,-1.3,-1.3,525,trending
,2026-04-24T17:03:17.864153,BTC,Mean Reversion,shadow,long,77785.08,77700.69,77724.01,77785.08,-20.85,-110.8,1458,trending
,2026-04-24T17:03:35.093349,ETH,Mean Reversion,paper,long,2315.12,2314.86,2315.12,2315.12,-1.13,-1.1,1092,low_vol
,2026-04-24T17:03:35.094074,ETH,Mean Reversion,shadow,long,2316.99,2314.59,2315.28,2316.99,-20.35,-110.4,1464,low_vol
,2026-04-24T17:09:23.008420,BTC,Mean Reversion,paper,long,77759.35,77737.25,77759.35,77759.35,-2.84,-2.8,1110,high_vol
,2026-04-24T17:09:23.009016,BTC,Mean Reversion,shadow,long,77799.16,77722.52,77745.85,77799.16,-19.85,-109.9,579,high_vol
,2026-04-24T17:09:27.351378,BTC,Mean Reversion,paper,long,77755.43,77749.28,77755.43,77755.43,-0.79,-0.8,1973,low_vol
,2026-04-24T17:09:27.352009,BTC,Mean Reversion,shadow,long,77806.28,77722.52,77745.85,77806.28,-20.76,-110.8,1223,low_vol
,2026-04-24T17:16:54.452097,BTC,Mean Reversion,paper,short,77737.32,77745.08,77737.32,77737.32,-1.0,-1.0,641,low_vol
,2026-04-24T17:16:54.452742,BTC,Mean Reversion,shadow,short,77750.57,77769.17,77745.85,77750.57,-12.39,-102.4,2309,low_vol
,2026-04-24T17:16:58.682937,ETH,Mean Reversion,paper,long,2316.29,2315.88,2316.29,2316.29,-1.78,-1.8,369,trending
,2026-04-24T17:16:58.683526,ETH,Mean Reversion,shadow,long,2317.34,2315.36,2316.06,2317.34,-18.52,-108.5,2331,trending
,2026-04-24T17:17:22.546413,BTC,Mean Reversion,paper,long,77760.09,77735.29,77760.09,77760.09,-3.19,-3.2,2546,high_vol
,2026-04-24T17:17:22.547052,BTC,Mean Reversion,shadow,long,77806.03,77722.52,77745.85,77806.03,-20.73,-110.7,137,high_vol
,2026-04-24T18:31:44.759908,ETH,Mean Reversion,paper,long,2316.83,2316.69,2316.83,2316.83,-0.6,-0.6,2188,ranging
,2026-04-24T18:31:44.760650,ETH,Mean Reversion,shadow,long,2318.43,2316.05,2316.75,2318.43,-20.24,-110.2,1006,ranging
,2026-04-24T18:32:53.624946,ETH,Mean Reversion,paper,short,2317.34,2317.2,2317.34,2317.34,0.58,0.6,3464,high_vol
,2026-04-24T18:32:53.625768,ETH,Mean Reversion,shadow,short,2317.26,2317.73,2317.03,2317.26,-12.02,-102.0,1441,high_vol
,2026-04-24T18:33:06.108847,ETH,Mean Reversion,paper,short,2316.51,2317.02,2316.51,2316.51,-2.17,-2.2,1029,low_vol
,2026-04-24T18:33:06.109622,ETH,Mean Reversion,shadow,short,2317.24,2317.52,2316.82,2317.24,-11.22,-101.2,2059,low_vol
,2026-04-24T18:33:12.349071,ETH,Mean Reversion,paper,long,2317.67,2317.59,2317.67,2317.67,-0.34,-0.3,217,ranging
,2026-04-24T18:33:12.349790,ETH,Mean Reversion,shadow,long,2319.02,2316.53,2317.23,2319.02,-20.73,-110.7,430,ranging
,2026-04-24T18:33:20.673312,BTC,Mean Reversion,paper,short,77555.04,77574.6,77555.04,77555.04,-2.52,-2.5,746,ranging
,2026-04-24T18:33:20.674139,BTC,Mean Reversion,shadow,short,77566.45,77584.84,77561.58,77566.45,-12.37,-102.4,2967,ranging
,2026-04-24T18:33:22.792090,ETH,Mean Reversion,paper,short,2317.02,2317.26,2317.02,2317.02,-1.03,-1.0,2824,low_vol
,2026-04-24T18:33:22.809650,ETH,Mean Reversion,shadow,short,2317.23,2317.9,2317.2,2317.23,-12.88,-102.9,3408,low_vol
,2026-04-24T18:33:24.897565,BTC,Mean Reversion,paper,short,77582.01,77570.17,77582.01,77582.01,1.53,1.5,1804,high_vol
,2026-04-24T18:33:24.898321,BTC,Mean Reversion,shadow,short,77575.48,77595.75,77572.48,77575.48,-12.61,-102.6,1300,high_vol
,2026-04-24T18:33:29.059281,ETH,Mean Reversion,paper,short,2317.71,2316.89,2317.71,2317.71,3.51,3.5,1857,low_vol
,2026-04-24T18:33:29.060074,ETH,Mean Reversion,shadow,short,2317.65,2318.01,2317.32,2317.65,-11.54,-101.5,638,low_vol
,2026-04-24T18:33:54.188941,ETH,Mean Reversion,paper,short,2317.71,2317.34,2317.71,2317.71,1.62,1.6,1979,low_vol
,2026-04-24T18:33:54.189562,ETH,Mean Reversion,shadow,short,2317.24,2318.0,2317.31,2317.24,-13.27,-103.3,743,low_vol
,2026-04-24T18:33:56.289894,BTC,Mean Reversion,paper,short,77573.91,77564.4,77573.91,77573.91,1.23,1.2,1494,high_vol
,2026-04-24T18:33:56.290632,BTC,Mean Reversion,shadow,short,77587.55,77597.6,77574.33,77587.55,-11.29,-101.3,1351,high_vol
,2026-04-24T18:34:02.544665,ETH,Mean Reversion,paper,short,2316.86,2317.18,2316.86,2316.86,-1.39,-1.4,839,high_vol
,2026-04-24T18:34:02.545390,ETH,Mean Reversion,shadow,short,2317.34,2318.01,2317.32,2317.34,-12.89,-102.9,2368,high_vol
,2026-04-24T18:34:21.397396,ETH,Mean Reversion,paper,long,2318.54,2318.6,2318.54,2318.54,0.28,0.3,783,low_vol
,2026-04-24T18:34:21.398175,ETH,Mean Reversion,shadow,long,2319.69,2317.68,2318.38,2319.69,-18.66,-108.7,3232,low_vol
,2026-04-24T18:34:33.914952,BTC,Mean Reversion,paper,short,77613.26,77609.37,77613.26,77613.26,0.5,0.5,1505,trending
,2026-04-24T18:34:33.915779,BTC,Mean Reversion,shadow,short,77637.3,77647.91,77624.62,77637.3,-11.37,-101.4,1474,trending
,2026-04-24T18:34:36.019765,ETH,Mean Reversion,paper,long,2319.67,2319.44,2319.67,2319.67,-0.97,-1.0,2818,low_vol
,2026-04-24T18:34:36.020601,ETH,Mean Reversion,shadow,long,2320.49,2318.56,2319.26,2320.49,-18.33,-108.3,2562,low_vol
,2026-04-24T18:34:48.627364,ETH,Mean Reversion,paper,long,2319.1,2318.86,2319.1,2319.1,-1.06,-1.1,441,low_vol
,2026-04-24T18:34:48.628066,ETH,Mean Reversion,shadow,long,2320.38,2318.32,2319.02,2320.38,-18.87,-108.9,1923,low_vol
,2026-04-24T18:35:30.485814,ETH,Mean Reversion,paper,short,2318.79,2318.93,2318.79,2318.79,-0.6,-0.6,679,trending
,2026-04-24T18:35:30.486473,ETH,Mean Reversion,shadow,short,2318.9,2319.81,2319.11,2318.9,-13.91,-103.9,3351,trending
,2026-04-24T18:35:59.804645,BTC,Mean Reversion,paper,short,77606.93,77598.18,77606.93,77606.93,1.13,1.1,2372,low_vol
,2026-04-24T18:35:59.804960,BTC,Mean Reversion,shadow,short,77616.64,77634.66,77611.38,77616.64,-12.32,-102.3,210,low_vol
,2026-04-24T18:36:08.044417,ETH,Mean Reversion,paper,long,2318.22,2318.66,2318.22,2318.22,1.93,1.9,602,low_vol
,2026-04-24T18:36:08.045220,ETH,Mean Reversion,shadow,long,2319.99,2317.75,2318.44,2319.99,-19.66,-109.7,3183,low_vol
,2026-04-24T18:36:22.690029,ETH,Mean Reversion,paper,short,2318.03,2318.59,2318.03,2318.03,-2.45,-2.4,1834,trending
,2026-04-24T18:36:22.690781,ETH,Mean Reversion,shadow,short,2318.18,2319.01,2318.32,2318.18,-13.59,-103.6,1297,trending
,2026-04-24T18:36:28.969869,ETH,Mean Reversion,paper,long,2318.11,2318.19,2318.11,2318.11,0.34,0.3,1822,trending
,2026-04-24T18:36:28.970506,ETH,Mean Reversion,shadow,long,2320.33,2317.87,2318.57,2320.33,-20.57,-110.6,310,trending
,2026-04-24T18:36:33.135807,BTC,Mean Reversion,paper,short,77601.63,77600.29,77601.63,77601.63,0.17,0.2,618,trending
,2026-04-24T18:36:33.136659,BTC,Mean Reversion,shadow,short,77613.47,77633.57,77610.29,77613.47,-12.59,-102.6,3005,trending
,2026-04-24T18:36:43.662400,ETH,Mean Reversion,paper,short,2319.08,2319.3,2319.08,2319.08,-0.92,-0.9,364,trending
,2026-04-24T18:36:43.663245,ETH,Mean Reversion,shadow,short,2319.65,2319.99,2319.3,2319.65,-11.45,-101.5,803,trending
,2026-04-24T18:36:45.765391,ETH,Mean Reversion,paper,long,2319.05,2318.76,2319.05,2319.05,-1.29,-1.3,1368,high_vol
,2026-04-24T18:36:45.770302,ETH,Mean Reversion,shadow,long,2320.37,2318.46,2319.15,2320.37,-18.24,-108.2,3082,high_vol
,2026-04-24T18:37:00.385289,ETH,Mean Reversion,paper,short,2319.43,2319.46,2319.43,2319.43,-0.11,-0.1,816,low_vol
,2026-04-24T18:37:00.385849,ETH,Mean Reversion,shadow,short,2319.06,2319.84,2319.14,2319.06,-13.38,-103.4,2384,low_vol
,2026-04-24T18:37:08.759397,ETH,Mean Reversion,paper,long,2319.76,2319.78,2319.76,2319.76,0.09,0.1,3536,ranging
,2026-04-24T18:37:08.760000,ETH,Mean Reversion,shadow,long,2321.07,2318.87,2319.57,2321.07,-19.49,-109.5,447,ranging
,2026-04-24T18:37:35.805648,BTC,Mean Reversion,paper,long,77632.96,77621.58,77632.96,77632.96,-1.47,-1.5,134,trending
,2026-04-24T18:37:35.806033,BTC,Mean Reversion,shadow,long,77681.47,77598.71,77621.99,77681.47,-20.65,-110.7,1934,trending
,2026-04-24T18:37:54.666254,BTC,Mean Reversion,paper,short,77610.82,77620.9,77610.82,77610.82,-1.3,-1.3,1065,high_vol
,2026-04-24T18:37:54.666977,BTC,Mean Reversion,shadow,short,77625.47,77645.68,77622.39,77625.47,-12.6,-102.6,3456,high_vol
,2026-04-24T18:38:03.013186,BTC,Mean Reversion,paper,long,77632.19,77613.16,77632.19,77632.19,-2.45,-2.5,480,ranging
,2026-04-24T18:38:03.014027,BTC,Mean Reversion,shadow,long,77671.93,77600.2,77623.49,77671.93,-19.24,-109.2,2788,ranging
,2026-04-24T18:38:46.818934,ETH,Mean Reversion,paper,short,2320.23,2319.95,2320.23,2320.23,1.19,1.2,1481,trending
,2026-04-24T18:38:46.821739,ETH,Mean Reversion,shadow,short,2320.46,2320.76,2320.07,2320.46,-11.28,-101.3,2045,trending
,2026-04-24T18:38:53.053202,BTC,Mean Reversion,paper,long,77624.53,77636.51,77624.53,77624.53,1.54,1.5,3029,trending
,2026-04-24T18:38:53.054034,BTC,Mean Reversion,shadow,long,77681.54,77611.03,77634.33,77681.54,-19.08,-109.1,2275,trending
,2026-04-24T18:39:11.823016,BTC,Mean Reversion,paper,short,77627.48,77611.73,77627.48,77627.48,2.03,2.0,3229,high_vol
,2026-04-24T18:39:11.823571,BTC,Mean Reversion,shadow,short,77624.93,77644.63,77621.35,77624.93,-12.54,-102.5,3484,high_vol
,2026-04-24T18:39:18.086132,BTC,Mean Reversion,paper,short,77621.7,77605.25,77621.7,77621.7,2.12,2.1,1064,low_vol
,2026-04-24T18:39:18.087073,BTC,Mean Reversion,shadow,short,77624.2,77638.05,77614.76,77624.2,-11.78,-101.8,1529,low_vol
,2026-04-24T18:39:36.834874,BTC,Mean Reversion,paper,short,77617.18,77615.11,77617.18,77617.18,0.27,0.3,638,high_vol
,2026-04-24T18:39:36.835438,BTC,Mean Reversion,shadow,short,77603.22,77629.56,77606.27,77603.22,-13.39,-103.4,3502,high_vol
,2026-04-24T18:39:38.930568,ETH,Mean Reversion,paper,long,2319.02,2319.28,2319.02,2319.02,1.1,1.1,1411,low_vol
,2026-04-24T18:39:38.931105,ETH,Mean Reversion,shadow,long,2320.28,2318.35,2319.05,2320.28,-18.34,-108.3,2952,low_vol
,2026-04-24T18:39:43.102616,BTC,Mean Reversion,paper,short,77597.67,77587.12,77597.67,77597.67,1.36,1.4,2259,trending
,2026-04-24T18:39:43.102737,BTC,Mean Reversion,shadow,short,77602.37,77621.52,77598.24,77602.37,-12.47,-102.5,2137,trending
,2026-04-24T18:39:53.602372,ETH,Mean Reversion,paper,short,2318.68,2318.81,2318.68,2318.68,-0.58,-0.6,2441,low_vol
,2026-04-24T18:39:53.603993,ETH,Mean Reversion,shadow,short,2318.7,2319.32,2318.62,2318.7,-12.66,-102.7,3532,low_vol
,2026-04-24T18:39:57.816520,BTC,Mean Reversion,paper,long,77560.48,77572.18,77560.48,77560.48,1.51,1.5,265,low_vol
,2026-04-24T18:39:57.817513,BTC,Mean Reversion,shadow,long,77599.96,77536.59,77559.86,77599.96,-18.17,-108.2,691,low_vol
,2026-04-24T18:40:01.928534,BTC,Mean Reversion,paper,short,77563.58,77563.0,77563.58,77563.58,0.08,0.1,1208,trending
,2026-04-24T18:40:01.929805,BTC,Mean Reversion,shadow,short,77576.75,77587.86,77564.6,77576.75,-11.43,-101.4,2332,trending
,2026-04-24T18:40:04.037604,ETH,Mean Reversion,paper,short,2318.67,2318.32,2318.67,2318.67,1.51,1.5,2757,ranging
,2026-04-24T18:40:04.038431,ETH,Mean Reversion,shadow,short,2318.23,2319.03,2318.34,2318.23,-13.45,-103.5,3437,ranging
,2026-04-24T18:40:18.797443,ETH,Mean Reversion,paper,long,2319.31,2318.77,2319.31,2319.31,-2.35,-2.3,2765,high_vol
,2026-04-24T18:40:18.813700,ETH,Mean Reversion,shadow,long,2320.12,2318.18,2318.88,2320.12,-18.37,-108.4,1149,high_vol
,2026-04-24T18:40:27.121840,ETH,Mean Reversion,paper,long,2319.6,2319.5,2319.6,2319.6,-0.4,-0.4,1943,ranging
,2026-04-24T18:40:27.122560,ETH,Mean Reversion,shadow,long,2320.89,2318.68,2319.38,2320.89,-19.51,-109.5,724,ranging
,2026-04-24T18:40:35.534032,BTC,Mean Reversion,paper,short,77586.06,77589.77,77586.06,77586.06,-0.48,-0.5,2120,ranging
,2026-04-24T18:40:35.534824,BTC,Mean Reversion,shadow,short,77597.76,77611.68,77588.4,77597.76,-11.79,-101.8,2895,ranging
,2026-04-24T18:40:39.745429,ETH,Mean Reversion,paper,long,2319.43,2319.35,2319.43,2319.43,-0.36,-0.4,3254,ranging
,2026-04-24T18:40:39.746202,ETH,Mean Reversion,shadow,long,2320.55,2318.29,2318.98,2320.55,-19.76,-109.8,2033,ranging
,2026-04-24T18:40:54.463707,BTC,Mean Reversion,paper,long,77589.94,77579.53,77589.94,77589.94,-1.34,-1.3,2594,high_vol
,2026-04-24T18:40:54.464496,BTC,Mean Reversion,shadow,long,77623.22,77558.8,77582.08,77623.22,-18.3,-108.3,2631,high_vol
,2026-04-24T18:40:56.519226,ETH,Mean Reversion,paper,short,2319.11,2318.83,2319.11,2319.11,1.21,1.2,2869,ranging
,2026-04-24T18:40:56.519618,ETH,Mean Reversion,shadow,short,2319.04,2319.75,2319.06,2319.04,-13.05,-103.1,3385,ranging
,2026-04-24T18:41:34.291891,ETH,Mean Reversion,paper,long,2318.45,2318.55,2318.45,2318.45,0.39,0.4,666,ranging
,2026-04-24T18:41:34.292703,ETH,Mean Reversion,shadow,long,2320.17,2317.76,2318.45,2320.17,-20.4,-110.4,2758,ranging
,2026-04-24T18:41:38.493252,BTC,Mean Reversion,paper,short,77544.17,77549.0,77544.17,77544.17,-0.62,-0.6,2281,high_vol
,2026-04-24T18:41:38.493901,BTC,Mean Reversion,shadow,short,77560.09,77579.96,77556.7,77560.09,-12.56,-102.6,1244,high_vol
,2026-04-24T18:41:51.147298,ETH,Mean Reversion,paper,long,2317.67,2317.76,2317.67,2317.67,0.37,0.4,3193,high_vol
,2026-04-24T18:41:51.148113,ETH,Mean Reversion,shadow,long,2319.68,2317.31,2318.01,2319.68,-20.23,-110.2,3469,high_vol
,2026-04-24T18:41:57.390211,BTC,Mean Reversion,paper,short,77550.82,77543.23,77550.82,77550.82,0.98,1.0,3360,trending
,2026-04-24T18:41:57.390785,BTC,Mean Reversion,shadow,short,77545.36,77565.49,77542.23,77545.36,-12.6,-102.6,1422,trending
,2026-04-24T18:42:12.019123,BTC,Mean Reversion,paper,long,77559.58,77561.62,77559.58,77559.58,0.26,0.3,2102,low_vol
,2026-04-24T18:42:12.019944,BTC,Mean Reversion,shadow,long,77609.47,77542.17,77565.43,77609.47,-18.67,-108.7,2873,low_vol
,2026-04-24T18:42:39.248701,ETH,Mean Reversion,paper,long,2318.38,2318.49,2318.38,2318.38,0.46,0.5,3444,trending
,2026-04-24T18:42:39.249516,ETH,Mean Reversion,shadow,long,2319.61,2317.35,2318.05,2319.61,-19.75,-109.8,1786,trending
,2026-04-24T18:42:43.385644,ETH,Mean Reversion,paper,long,2318.09,2318.19,2318.09,2318.09,0.43,0.4,626,high_vol
,2026-04-24T18:42:43.386022,ETH,Mean Reversion,shadow,long,2319.82,2317.37,2318.07,2319.82,-20.56,-110.6,1585,high_vol
,2026-04-24T18:42:58.111361,ETH,Mean Reversion,paper,short,2318.26,2317.77,2318.26,2318.26,2.11,2.1,2651,trending
,2026-04-24T18:42:58.112122,ETH,Mean Reversion,shadow,short,2318.15,2318.64,2317.94,2318.15,-12.12,-102.1,2525,trending
,2026-04-24T18:43:31.584520,BTC,Mean Reversion,paper,long,77563.65,77544.51,77563.65,77563.65,-2.47,-2.5,842,low_vol
,2026-04-24T18:43:31.585442,BTC,Mean Reversion,shadow,long,77607.35,77525.77,77549.04,77607.35,-20.51,-110.5,2761,low_vol
,2026-04-24T18:43:37.910962,BTC,Mean Reversion,paper,long,77560.69,77559.06,77560.69,77560.69,-0.21,-0.2,3571,low_vol
,2026-04-24T18:43:37.911806,BTC,Mean Reversion,shadow,long,77606.66,77542.17,77565.43,77606.66,-18.31,-108.3,404,low_vol
,2026-04-24T18:44:03.061180,BTC,Mean Reversion,paper,short,77557.83,77573.18,77557.83,77557.83,-1.98,-2.0,1659,ranging
,2026-04-24T18:44:03.062015,BTC,Mean Reversion,shadow,short,77575.34,77595.27,77571.99,77575.34,-12.57,-102.6,93,ranging
,2026-04-24T18:44:11.385458,BTC,Mean Reversion,paper,long,77583.81,77584.67,77583.81,77583.81,0.11,0.1,618,low_vol
,2026-04-24T18:44:11.385940,BTC,Mean Reversion,shadow,long,77648.38,77564.72,77587.99,77648.38,-20.77,-110.8,1451,low_vol
,2026-04-24T18:44:32.452107,ETH,Mean Reversion,paper,short,2318.45,2318.48,2318.45,2318.45,-0.14,-0.1,2007,high_vol
,2026-04-24T18:44:32.452848,ETH,Mean Reversion,shadow,short,2318.52,2318.92,2318.22,2318.52,-11.75,-101.7,550,high_vol
,2026-04-24T18:44:34.559667,ETH,Mean Reversion,paper,long,2318.58,2318.31,2318.58,2318.58,-1.18,-1.2,449,high_vol
,2026-04-24T18:44:34.560431,ETH,Mean Reversion,shadow,long,2319.43,2317.53,2318.22,2319.43,-18.2,-108.2,3283,high_vol
,2026-04-24T18:45:14.385823,BTC,Mean Reversion,paper,short,77602.26,77603.64,77602.26,77602.26,-0.18,-0.2,355,low_vol
,2026-04-24T18:45:14.386381,BTC,Mean Reversion,shadow,short,77606.17,77627.98,77604.7,77606.17,-12.81,-102.8,2998,low_vol
,2026-04-24T18:45:24.897523,ETH,Mean Reversion,paper,long,2318.84,2319.12,2318.84,2318.84,1.21,1.2,140,trending
,2026-04-24T18:45:24.898353,ETH,Mean Reversion,shadow,long,2320.61,2318.58,2319.28,2320.61,-18.77,-108.8,3253,trending
,2026-04-24T18:46:11.168315,ETH,Mean Reversion,paper,long,2319.27,2319.18,2319.27,2319.27,-0.39,-0.4,928,ranging
,2026-04-24T18:46:11.169140,ETH,Mean Reversion,shadow,long,2320.75,2318.42,2319.12,2320.75,-20.01,-110.0,3503,ranging
,2026-04-24T18:46:40.459563,ETH,Mean Reversion,paper,short,2319.49,2319.07,2319.49,2319.49,1.79,1.8,2284,trending
,2026-04-24T18:46:40.460307,ETH,Mean Reversion,shadow,short,2319.08,2319.86,2319.16,2319.08,-13.37,-103.4,147,trending
,2026-04-24T18:47:01.486682,BTC,Mean Reversion,paper,long,77639.35,77653.3,77639.35,77639.35,1.8,1.8,2540,low_vol
,2026-04-24T18:47:01.487213,BTC,Mean Reversion,shadow,long,77696.05,77616.56,77639.86,77696.05,-20.23,-110.2,374,low_vol
,2026-04-24T18:47:05.703793,ETH,Mean Reversion,paper,long,2319.16,2319.03,2319.16,2319.16,-0.55,-0.5,1122,trending
,2026-04-24T18:47:05.704445,ETH,Mean Reversion,shadow,long,2321.11,2318.78,2319.48,2321.11,-20.06,-110.1,268,trending
,2026-04-24T18:47:20.382407,ETH,Mean Reversion,paper,short,2319.39,2320.07,2319.39,2319.39,-2.91,-2.9,2353,trending
,2026-04-24T18:47:20.382729,ETH,Mean Reversion,shadow,short,2319.55,2320.33,2319.64,2319.55,-13.37,-103.4,784,trending
,2026-04-24T18:47:28.682815,BTC,Mean Reversion,paper,long,77648.35,77648.49,77648.35,77648.35,0.02,0.0,3344,trending
,2026-04-24T18:47:28.683597,BTC,Mean Reversion,shadow,long,77688.92,77611.02,77634.32,77688.92,-20.03,-110.0,1815,trending
,2026-04-24T18:47:53.995075,ETH,Mean Reversion,paper,short,2319.7,2320.07,2319.7,2319.7,-1.59,-1.6,3346,ranging
,2026-04-24T18:47:53.995840,ETH,Mean Reversion,shadow,short,2319.76,2320.55,2319.86,2319.76,-13.4,-103.4,2592,ranging
,2026-04-24T18:48:08.573608,ETH,Mean Reversion,paper,long,2320.11,2320.42,2320.11,2320.11,1.32,1.3,689,trending
,2026-04-24T18:48:08.574227,ETH,Mean Reversion,shadow,long,2321.66,2319.26,2319.96,2321.66,-20.31,-110.3,3524,trending
,2026-04-24T18:48:10.684113,ETH,Mean Reversion,paper,short,2319.93,2320.02,2319.93,2319.93,-0.39,-0.4,2678,ranging
,2026-04-24T18:48:10.684926,ETH,Mean Reversion,shadow,short,2320.52,2320.8,2320.11,2320.52,-11.2,-101.2,373,ranging
,2026-04-24T18:48:12.791327,BTC,Mean Reversion,paper,long,77621.25,77625.82,77621.25,77621.25,0.59,0.6,2231,low_vol
,2026-04-24T18:48:12.792142,BTC,Mean Reversion,shadow,long,77686.17,77604.19,77627.48,77686.17,-20.55,-110.6,656,low_vol
,2026-04-24T18:48:35.797271,ETH,Mean Reversion,paper,short,2319.63,2319.83,2319.63,2319.63,-0.88,-0.9,540,ranging
,2026-04-24T18:48:35.798039,ETH,Mean Reversion,shadow,short,2319.8,2320.08,2319.38,2319.8,-11.19,-101.2,828,ranging
,2026-04-24T18:48:44.223381,ETH,Mean Reversion,paper,short,2319.4,2320.25,2319.4,2319.4,-3.63,-3.6,3116,low_vol
,2026-04-24T18:48:44.224075,ETH,Mean Reversion,shadow,short,2319.82,2320.53,2319.84,2319.82,-13.08,-103.1,499,low_vol
,2026-04-24T18:48:50.458401,ETH,Mean Reversion,paper,long,2320.18,2319.89,2320.18,2320.18,-1.26,-1.3,3042,high_vol
,2026-04-24T18:48:50.459039,ETH,Mean Reversion,shadow,long,2321.18,2319.2,2319.89,2321.18,-18.54,-108.5,3369,high_vol
,2026-04-24T18:49:00.951011,BTC,Mean Reversion,paper,long,77625.92,77620.16,77625.92,77625.92,-0.74,-0.7,740,ranging
,2026-04-24T18:49:00.951847,BTC,Mean Reversion,shadow,long,77667.74,77591.35,77614.64,77667.74,-19.84,-109.8,3069,ranging
,2026-04-24T18:49:13.570955,BTC,Mean Reversion,paper,long,77639.51,77627.0,77639.51,77639.51,-1.61,-1.6,436,ranging
,2026-04-24T18:49:13.571692,BTC,Mean Reversion,shadow,long,77669.11,77601.18,77624.46,77669.11,-18.75,-108.7,2224,ranging
,2026-04-24T18:49:46.963399,ETH,Mean Reversion,paper,short,2319.11,2319.04,2319.11,2319.11,0.32,0.3,1362,ranging
,2026-04-24T18:49:46.964172,ETH,Mean Reversion,shadow,short,2318.91,2319.36,2318.66,2318.91,-11.94,-101.9,2186,ranging
,2026-04-24T18:50:11.867995,ETH,Mean Reversion,paper,long,2319.01,2318.41,2319.01,2319.01,-2.59,-2.6,3336,trending
,2026-04-24T18:50:11.868759,ETH,Mean Reversion,shadow,long,2320.14,2317.86,2318.56,2320.14,-19.8,-109.8,947,trending
,2026-04-24T18:50:43.367910,ETH,Mean Reversion,paper,short,2319.03,2319.21,2319.03,2319.03,-0.77,-0.8,2693,ranging
,2026-04-24T18:50:43.368203,ETH,Mean Reversion,shadow,short,2319.31,2320.11,2319.41,2319.31,-13.45,-103.5,479,ranging
,2026-04-24T18:50:49.667751,ETH,Mean Reversion,paper,long,2320.19,2320.29,2320.19,2320.19,0.42,0.4,2200,low_vol
,2026-04-24T18:50:49.668543,ETH,Mean Reversion,shadow,long,2321.28,2319.37,2320.07,2321.28,-18.21,-108.2,2639,low_vol
,2026-04-24T18:51:41.921992,BTC,Mean Reversion,paper,long,77580.41,77588.05,77580.41,77580.41,0.99,1.0,467,ranging
,2026-04-24T18:51:41.922764,BTC,Mean Reversion,shadow,long,77632.05,77561.84,77585.11,77632.05,-19.04,-109.0,2011,ranging
,2026-04-24T18:52:06.881187,ETH,Mean Reversion,paper,short,2320.82,2320.82,2320.82,2320.82,-0.0,-0.0,3280,high_vol
,2026-04-24T18:52:06.881919,ETH,Mean Reversion,shadow,short,2321.26,2321.75,2321.06,2321.26,-12.11,-102.1,116,high_vol
,2026-04-24T18:52:27.778361,ETH,Mean Reversion,paper,long,2321.1,2320.51,2321.1,2321.1,-2.52,-2.5,1902,low_vol
,2026-04-24T18:52:27.779174,ETH,Mean Reversion,shadow,long,2322.49,2320.24,2320.93,2322.49,-19.68,-109.7,2192,low_vol
,2026-04-24T18:53:34.136927,BTC,Mean Reversion,paper,short,77596.91,77602.03,77596.91,77596.91,-0.66,-0.7,3094,ranging
,2026-04-24T18:53:34.137795,BTC,Mean Reversion,shadow,short,77601.47,77618.24,77594.96,77601.47,-12.16,-102.2,1994,ranging
,2026-04-24T18:53:40.247614,ETH,Mean Reversion,paper,long,2320.45,2320.88,2320.45,2320.45,1.83,1.8,1164,ranging
,2026-04-24T18:53:40.248451,ETH,Mean Reversion,shadow,long,2322.16,2319.87,2320.57,2322.16,-19.86,-109.9,1462,ranging
,2026-04-24T18:53:50.426301,ETH,Mean Reversion,paper,long,2320.22,2320.35,2320.22,2320.22,0.57,0.6,1807,ranging
,2026-04-24T18:53:50.426983,ETH,Mean Reversion,shadow,long,2322.08,2319.9,2320.6,2322.08,-19.4,-109.4,1169,ranging
,2026-04-24T18:53:58.565640,BTC,Mean Reversion,paper,short,77609.49,77584.14,77609.49,77609.49,3.27,3.3,3518,trending
,2026-04-24T18:53:58.566307,BTC,Mean Reversion,shadow,short,77598.6,77619.8,77596.52,77598.6,-12.73,-102.7,3411,trending
,2026-04-24T18:54:14.843412,ETH,Mean Reversion,paper,short,2319.94,2320.75,2319.94,2319.94,-3.49,-3.5,2071,ranging
,2026-04-24T18:54:14.844152,ETH,Mean Reversion,shadow,short,2320.2,2321.01,2320.32,2320.2,-13.5,-103.5,1735,ranging
,2026-04-24T18:54:22.984808,BTC,Mean Reversion,paper,short,77611.05,77596.22,77611.05,77611.05,1.91,1.9,1406,high_vol
,2026-04-24T18:54:22.985586,BTC,Mean Reversion,shadow,short,77594.47,77624.8,77601.51,77594.47,-13.91,-103.9,2634,high_vol
,2026-04-24T18:54:41.319576,BTC,Mean Reversion,paper,short,77603.67,77616.94,77603.67,77603.67,-1.71,-1.7,1783,trending
,2026-04-24T18:54:41.320391,BTC,Mean Reversion,shadow,short,77607.2,77630.96,77607.67,77607.2,-13.06,-103.1,1939,trending
,2026-04-24T18:54:53.539281,ETH,Mean Reversion,paper,long,2320.75,2320.49,2320.75,2320.75,-1.13,-1.1,1682,high_vol
,2026-04-24T18:54:53.539900,ETH,Mean Reversion,shadow,long,2321.83,2319.69,2320.39,2321.83,-19.21,-109.2,287,high_vol
,2026-04-24T18:55:30.172840,ETH,Mean Reversion,paper,short,2320.44,2320.46,2320.44,2320.44,-0.12,-0.1,1197,high_vol
,2026-04-24T18:55:30.173625,ETH,Mean Reversion,shadow,short,2320.45,2321.26,2320.57,2320.45,-13.48,-103.5,2767,high_vol
,2026-04-24T18:55:34.247388,BTC,Mean Reversion,paper,long,77596.1,77598.38,77596.1,77596.1,0.29,0.3,560,high_vol
,2026-04-24T18:55:34.247894,BTC,Mean Reversion,shadow,long,77653.81,77575.88,77599.15,77653.81,-20.04,-110.0,2181,high_vol
,2026-04-24T18:55:42.391105,BTC,Mean Reversion,paper,short,77589.31,77584.65,77589.31,77589.31,0.6,0.6,1215,ranging
,2026-04-24T18:55:42.391931,BTC,Mean Reversion,shadow,short,77592.92,77622.46,77599.18,77592.92,-13.81,-103.8,1145,ranging
,2026-04-24T18:56:00.691850,ETH,Mean Reversion,paper,short,2320.83,2320.73,2320.83,2320.83,0.4,0.4,1191,low_vol
,2026-04-24T18:56:00.692515,ETH,Mean Reversion,shadow,short,2320.84,2321.48,2320.78,2320.84,-12.76,-102.8,214,low_vol
,2026-04-24T18:56:08.831421,BTC,Mean Reversion,paper,long,77633.86,77612.2,77633.86,77633.86,-2.79,-2.8,188,ranging
,2026-04-24T18:56:08.831828,BTC,Mean Reversion,shadow,long,77661.5,77595.1,77618.39,77661.5,-18.55,-108.5,564,ranging
,2026-04-24T18:56:16.974030,BTC,Mean Reversion,paper,short,77619.26,77607.47,77619.26,77619.26,1.52,1.5,3313,trending
,2026-04-24T18:56:16.974836,BTC,Mean Reversion,shadow,short,77621.22,77645.23,77621.95,77621.22,-13.09,-103.1,1437,trending
,2026-04-24T18:57:01.719162,ETH,Mean Reversion,paper,long,2320.45,2320.3,2320.45,2320.45,-0.67,-0.7,2553,ranging
,2026-04-24T18:57:01.719982,ETH,Mean Reversion,shadow,long,2321.83,2319.51,2320.2,2321.83,-20.0,-110.0,3266,ranging
,2026-04-24T18:57:20.024046,ETH,Mean Reversion,paper,long,2319.38,2318.62,2319.38,2319.38,-3.26,-3.3,1066,high_vol
,2026-04-24T18:57:20.024607,ETH,Mean Reversion,shadow,long,2320.61,2318.25,2318.94,2320.61,-20.18,-110.2,3108,high_vol
,2026-04-24T18:57:24.092148,ETH,Mean Reversion,paper,long,2319.25,2318.72,2319.25,2319.25,-2.29,-2.3,309,low_vol
,2026-04-24T18:57:24.092966,ETH,Mean Reversion,shadow,long,2320.08,2318.21,2318.9,2320.08,-18.05,-108.0,1919,low_vol
,2026-04-24T18:57:36.303924,BTC,Mean Reversion,paper,long,77584.55,77594.75,77584.55,77584.55,1.31,1.3,2341,low_vol
,2026-04-24T18:57:36.304700,BTC,Mean Reversion,shadow,long,77631.22,77556.84,77580.11,77631.22,-19.58,-109.6,1458,low_vol
,2026-04-24T18:57:48.525880,BTC,Mean Reversion,paper,long,77599.37,77589.75,77599.37,77599.37,-1.24,-1.2,1543,high_vol
,2026-04-24T18:57:48.526479,BTC,Mean Reversion,shadow,long,77632.54,77563.43,77586.71,77632.54,-18.9,-108.9,248,high_vol
,2026-04-24T18:57:50.552524,BTC,Mean Reversion,paper,short,77604.51,77602.47,77604.51,77604.51,0.26,0.3,3132,high_vol
,2026-04-24T18:57:50.553169,BTC,Mean Reversion,shadow,short,77596.58,77615.7,77592.42,77596.58,-12.46,-102.5,1354,high_vol
,2026-04-24T18:57:58.675297,ETH,Mean Reversion,paper,long,2318.26,2318.39,2318.26,2318.26,0.53,0.5,2881,high_vol
,2026-04-24T18:57:58.675937,ETH,Mean Reversion,shadow,long,2320.08,2317.76,2318.45,2320.08,-20.02,-110.0,2417,high_vol
,2026-04-24T18:58:27.159677,BTC,Mean Reversion,paper,long,77609.06,77610.16,77609.06,77609.06,0.14,0.1,2097,low_vol
,2026-04-24T18:58:27.160145,BTC,Mean Reversion,shadow,long,77659.47,77594.92,77618.21,77659.47,-18.31,-108.3,1583,low_vol
,2026-04-24T18:58:29.194200,ETH,Mean Reversion,paper,long,2319.76,2319.28,2319.76,2319.76,-2.07,-2.1,1805,trending
,2026-04-24T18:58:29.194852,ETH,Mean Reversion,shadow,long,2321.47,2319.02,2319.72,2321.47,-20.58,-110.6,1483,trending
,2026-04-24T18:58:31.228059,BTC,Mean Reversion,paper,short,77616.05,77606.91,77616.05,77616.05,1.18,1.2,3562,trending
,2026-04-24T18:58:31.228887,BTC,Mean Reversion,shadow,short,77615.65,77636.86,77613.58,77615.65,-12.73,-102.7,2714,trending
,2026-04-24T18:58:45.493174,ETH,Mean Reversion,paper,short,2319.46,2319.49,2319.46,2319.46,-0.15,-0.2,764,low_vol
,2026-04-24T18:58:45.493657,ETH,Mean Reversion,shadow,short,2319.6,2320.35,2319.65,2319.6,-13.24,-103.2,2831,low_vol
,2026-04-24T18:59:36.312262,BTC,Mean Reversion,paper,long,77645.96,77629.03,77645.96,77645.96,-2.18,-2.2,130,trending
,2026-04-24T18:59:36.313320,BTC,Mean Reversion,shadow,long,77678.59,77613.05,77636.34,77678.59,-18.44,-108.4,2267,trending
,2026-04-24T18:59:40.372732,BTC,Mean Reversion,paper,short,77655.31,77647.31,77655.31,77655.31,1.03,1.0,2269,low_vol
,2026-04-24T18:59:40.373218,BTC,Mean Reversion,shadow,short,77669.94,77678.29,77654.99,77669.94,-11.07,-101.1,1975,low_vol
,2026-04-24T19:00:33.188737,ETH,Mean Reversion,paper,long,2322.44,2322.31,2322.44,2322.44,-0.59,-0.6,2310,low_vol
,2026-04-24T19:00:33.190007,ETH,Mean Reversion,shadow,long,2324.18,2321.88,2322.57,2324.18,-19.92,-109.9,1540,low_vol
,2026-04-24T19:01:01.574580,BTC,Mean Reversion,paper,long,77706.64,77705.83,77706.64,77706.64,-0.1,-0.1,1025,high_vol
,2026-04-24T19:01:01.575729,BTC,Mean Reversion,shadow,long,77775.4,77695.0,77718.32,77775.4,-20.34,-110.3,77,high_vol
,2026-04-24T19:01:03.607444,ETH,Mean Reversion,paper,short,2323.56,2323.62,2323.56,2323.56,-0.25,-0.2,705,high_vol
,2026-04-24T19:01:03.607968,ETH,Mean Reversion,shadow,short,2323.47,2324.18,2323.48,2323.47,-13.06,-103.1,1453,high_vol
,2026-04-24T19:01:07.669271,BTC,Mean Reversion,paper,short,77741.45,77718.94,77741.45,77741.45,2.9,2.9,2666,trending
,2026-04-24T19:01:07.669795,BTC,Mean Reversion,shadow,short,77746.49,77756.04,77732.73,77746.49,-11.23,-101.2,783,trending
,2026-04-24T19:01:13.764993,BTC,Mean Reversion,paper,short,77734.6,77724.11,77734.6,77734.6,1.35,1.3,857,ranging
,2026-04-24T19:01:13.765782,BTC,Mean Reversion,shadow,short,77728.48,77756.04,77732.73,77728.48,-13.55,-103.5,1862,ranging
,2026-04-24T19:01:34.066392,BTC,Mean Reversion,paper,long,77728.07,77754.27,77728.07,77728.07,3.37,3.4,1394,low_vol
,2026-04-24T19:01:34.067480,BTC,Mean Reversion,shadow,long,77789.19,77716.33,77739.65,77789.19,-19.37,-109.4,998,low_vol
,2026-04-24T19:01:48.293819,BTC,Mean Reversion,paper,long,77732.68,77731.08,77732.68,77732.68,-0.21,-0.2,2451,low_vol
,2026-04-24T19:01:48.295368,BTC,Mean Reversion,shadow,long,77779.84,77713.56,77736.89,77779.84,-18.52,-108.5,2718,low_vol
,2026-04-24T19:01:54.406883,BTC,Mean Reversion,paper,short,77762.45,77744.81,77762.45,77762.45,2.27,2.3,949,ranging
,2026-04-24T19:01:54.407633,BTC,Mean Reversion,shadow,short,77767.85,77778.55,77755.23,77767.85,-11.38,-101.4,119,ranging
,2026-04-24T19:02:00.518063,ETH,Mean Reversion,paper,long,2325.03,2324.85,2325.03,2325.03,-0.76,-0.8,3017,high_vol
,2026-04-24T19:02:00.518484,ETH,Mean Reversion,shadow,long,2326.51,2324.26,2324.96,2326.51,-19.67,-109.7,791,high_vol
,2026-04-24T19:02:10.665836,ETH,Mean Reversion,paper,short,2325.22,2325.4,2325.22,2325.22,-0.78,-0.8,2962,high_vol
,2026-04-24T19:02:10.666567,ETH,Mean Reversion,shadow,short,2325.55,2326.16,2325.47,2325.55,-12.63,-102.6,1375,high_vol
,2026-04-24T19:02:12.701813,BTC,Mean Reversion,paper,short,77768.09,77765.11,77768.09,77768.09,0.38,0.4,967,ranging
,2026-04-24T19:02:12.702646,BTC,Mean Reversion,shadow,short,77764.82,77784.99,77761.67,77764.82,-12.59,-102.6,2421,ranging
,2026-04-24T19:02:18.805478,ETH,Mean Reversion,paper,long,2325.65,2325.82,2325.65,2325.65,0.76,0.8,386,trending
,2026-04-24T19:02:18.806219,ETH,Mean Reversion,shadow,long,2327.47,2325.2,2325.89,2327.47,-19.77,-109.8,922,trending
,2026-04-24T19:02:28.983912,ETH,Mean Reversion,paper,short,2325.62,2325.8,2325.62,2325.62,-0.75,-0.8,504,trending
,2026-04-24T19:02:28.984751,ETH,Mean Reversion,shadow,short,2326.17,2326.44,2325.74,2326.17,-11.16,-101.2,627,trending
,2026-04-24T19:02:39.159289,ETH,Mean Reversion,paper,short,2326.19,2326.13,2326.19,2326.19,0.29,0.3,1621,high_vol
,2026-04-24T19:02:39.160087,ETH,Mean Reversion,shadow,short,2326.48,2326.73,2326.03,2326.48,-11.08,-101.1,1771,high_vol
,2026-04-24T19:02:45.266470,BTC,Mean Reversion,paper,short,77755.15,77754.61,77755.15,77755.15,0.07,0.1,1257,low_vol
,2026-04-24T19:02:45.267129,BTC,Mean Reversion,shadow,short,77764.77,77785.41,77762.08,77764.77,-12.66,-102.7,1582,low_vol
,2026-04-24T19:02:55.447499,ETH,Mean Reversion,paper,long,2325.2,2325.53,2325.2,2325.2,1.42,1.4,2445,trending
,2026-04-24T19:02:55.448304,ETH,Mean Reversion,shadow,long,2326.99,2324.52,2325.22,2326.99,-20.61,-110.6,1654,trending
,2026-04-24T19:03:17.809130,ETH,Mean Reversion,paper,long,2325.58,2325.46,2325.58,2325.58,-0.53,-0.5,1540,trending
,2026-04-24T19:03:17.810584,ETH,Mean Reversion,shadow,long,2327.22,2324.72,2325.42,2327.22,-20.71,-110.7,3443,trending
,2026-04-24T19:03:27.976670,ETH,Mean Reversion,paper,long,2324.93,2324.59,2324.93,2324.93,-1.45,-1.5,2747,ranging
,2026-04-24T19:03:27.977095,ETH,Mean Reversion,shadow,long,2326.11,2323.84,2324.54,2326.11,-19.73,-109.7,362,ranging
,2026-04-24T19:03:38.133866,ETH,Mean Reversion,paper,short,2324.04,2324.1,2324.04,2324.04,-0.26,-0.3,3412,high_vol
,2026-04-24T19:03:38.134659,ETH,Mean Reversion,shadow,short,2324.23,2324.96,2324.27,2324.23,-13.15,-103.2,3322,high_vol
,2026-04-24T19:04:04.537179,BTC,Mean Reversion,paper,long,77698.85,77694.72,77698.85,77698.85,-0.53,-0.5,276,low_vol
,2026-04-24T19:04:04.537792,BTC,Mean Reversion,shadow,long,77748.23,77671.15,77694.46,77748.23,-19.91,-109.9,1364,low_vol
,2026-04-24T19:04:37.015457,ETH,Mean Reversion,paper,short,2321.51,2321.26,2321.51,2321.51,1.09,1.1,2103,low_vol
,2026-04-24T19:04:37.016002,ETH,Mean Reversion,shadow,short,2321.32,2322.2,2321.51,2321.32,-13.78,-103.8,3246,low_vol
,2026-04-24T19:04:51.254870,BTC,Mean Reversion,paper,short,77665.69,77643.39,77665.69,77665.69,2.87,2.9,3101,high_vol
,2026-04-24T19:04:51.255698,BTC,Mean Reversion,shadow,short,77668.79,77677.58,77654.29,77668.79,-11.13,-101.1,2870,high_vol
,2026-04-24T19:04:53.289649,ETH,Mean Reversion,paper,long,2321.85,2321.36,2321.85,2321.85,-2.13,-2.1,1300,ranging
,2026-04-24T19:04:53.290480,ETH,Mean Reversion,shadow,long,2323.37,2321.04,2321.73,2323.37,-20.03,-110.0,3145,ranging
,2026-04-24T19:05:05.523922,ETH,Mean Reversion,paper,long,2323.02,2322.5,2323.02,2323.02,-2.24,-2.2,1465,low_vol
,2026-04-24T19:05:05.524380,ETH,Mean Reversion,shadow,long,2324.29,2322.11,2322.81,2324.29,-19.39,-109.4,1348,low_vol
,2026-04-24T19:05:21.770903,ETH,Mean Reversion,paper,short,2322.94,2323.19,2322.94,2322.94,-1.07,-1.1,3485,high_vol
,2026-04-24T19:05:21.771642,ETH,Mean Reversion,shadow,short,2323.22,2323.67,2322.97,2323.22,-11.95,-102.0,3161,high_vol
,2026-04-24T19:05:40.068497,BTC,Mean Reversion,paper,short,77663.78,77653.16,77663.78,77663.78,1.37,1.4,3009,high_vol
,2026-04-24T19:05:40.069724,BTC,Mean Reversion,shadow,short,77649.44,77678.73,77655.43,77649.44,-13.77,-103.8,3183,high_vol
,2026-04-24T19:06:14.596822,BTC,Mean Reversion,paper,short,77644.78,77653.0,77644.78,77644.78,-1.06,-1.1,2640,ranging
,2026-04-24T19:06:14.597713,BTC,Mean Reversion,shadow,short,77651.33,77678.73,77655.43,77651.33,-13.53,-103.5,2499,ranging
,2026-04-24T19:06:22.731019,BTC,Mean Reversion,paper,long,77657.33,77659.19,77657.33,77657.33,0.24,0.2,2094,high_vol
,2026-04-24T19:06:22.731817,BTC,Mean Reversion,shadow,long,77689.1,77626.47,77649.76,77689.1,-18.06,-108.1,901,high_vol
,2026-04-24T19:06:24.766670,ETH,Mean Reversion,paper,short,2321.97,2321.74,2321.97,2321.97,0.98,1.0,1873,ranging
,2026-04-24T19:06:24.767269,ETH,Mean Reversion,shadow,short,2322.02,2322.28,2321.59,2322.02,-11.13,-101.1,2600,ranging
,2026-04-24T19:06:59.343583,ETH,Mean Reversion,paper,short,2321.0,2320.91,2321.0,2321.0,0.4,0.4,2609,ranging
,2026-04-24T19:06:59.344304,ETH,Mean Reversion,shadow,short,2320.67,2321.3,2320.61,2320.67,-12.74,-102.7,1054,ranging
,2026-04-24T19:07:07.510119,BTC,Mean Reversion,paper,short,77603.04,77612.81,77603.04,77603.04,-1.26,-1.3,3401,trending
,2026-04-24T19:07:07.510502,BTC,Mean Reversion,shadow,short,77616.66,77631.29,77608.01,77616.66,-11.89,-101.9,1896,trending
,2026-04-24T19:07:19.679056,ETH,Mean Reversion,paper,short,2321.82,2321.63,2321.82,2321.82,0.81,0.8,1105,ranging
,2026-04-24T19:07:19.679872,ETH,Mean Reversion,shadow,short,2321.71,2322.33,2321.64,2321.71,-12.67,-102.7,1314,ranging
,2026-04-24T19:07:25.791315,BTC,Mean Reversion,paper,long,77623.1,77613.56,77623.1,77623.1,-1.23,-1.2,1520,ranging
,2026-04-24T19:07:25.791905,BTC,Mean Reversion,shadow,long,77668.89,77593.66,77616.95,77668.89,-19.69,-109.7,2134,ranging
,2026-04-24T19:07:27.826664,BTC,Mean Reversion,paper,short,77623.96,77622.63,77623.96,77623.96,0.17,0.2,1623,ranging
,2026-04-24T19:07:27.827386,BTC,Mean Reversion,shadow,short,77611.52,77633.33,77610.05,77611.52,-12.81,-102.8,3372,ranging
,2026-04-24T19:07:31.899673,ETH,Mean Reversion,paper,long,2321.85,2321.52,2321.85,2321.85,-1.43,-1.4,3283,high_vol
,2026-04-24T19:07:31.900387,ETH,Mean Reversion,shadow,long,2323.18,2320.89,2321.59,2323.18,-19.86,-109.9,332,high_vol
,2026-04-24T19:07:40.040780,BTC,Mean Reversion,paper,short,77622.78,77641.12,77622.78,77622.78,-2.36,-2.4,2872,trending
,2026-04-24T19:07:40.041550,BTC,Mean Reversion,shadow,short,77631.52,77659.98,77636.68,77631.52,-13.67,-103.7,596,trending
,2026-04-24T19:07:48.183451,BTC,Mean Reversion,paper,long,77642.03,77647.43,77642.03,77642.03,0.7,0.7,2469,low_vol
,2026-04-24T19:07:48.184095,BTC,Mean Reversion,shadow,long,77673.5,77609.92,77633.21,77673.5,-18.19,-108.2,1197,low_vol
,2026-04-24T19:08:24.802981,BTC,Mean Reversion,paper,short,77657.75,77637.68,77657.75,77657.75,2.58,2.6,2118,ranging
,2026-04-24T19:08:24.803931,BTC,Mean Reversion,shadow,short,77639.76,77669.93,77646.64,77639.76,-13.89,-103.9,2653,ranging
,2026-04-24T19:08:43.121464,ETH,Mean Reversion,paper,long,2321.74,2321.73,2321.74,2321.74,-0.06,-0.1,2106,trending
,2026-04-24T19:08:43.122109,ETH,Mean Reversion,shadow,long,2323.7,2321.28,2321.97,2323.7,-20.44,-110.4,149,trending
,2026-04-24T19:08:47.196187,BTC,Mean Reversion,paper,short,77645.01,77635.75,77645.01,77645.01,1.19,1.2,1649,low_vol
,2026-04-24T19:08:47.197827,BTC,Mean Reversion,shadow,short,77650.34,77666.69,77643.39,77650.34,-12.11,-102.1,1701,low_vol
,2026-04-24T19:08:51.270028,ETH,Mean Reversion,paper,short,2321.8,2321.38,2321.8,2321.8,1.78,1.8,1051,low_vol
,2026-04-24T19:08:51.270814,ETH,Mean Reversion,shadow,short,2321.33,2322.06,2321.36,2321.33,-13.15,-103.1,1018,low_vol
,2026-04-24T19:08:57.366161,ETH,Mean Reversion,paper,short,2321.77,2321.99,2321.77,2321.77,-0.98,-1.0,925,trending
,2026-04-24T19:08:57.366761,ETH,Mean Reversion,shadow,short,2321.92,2322.41,2321.72,2321.92,-12.11,-102.1,1030,trending
,2026-04-24T19:09:52.288707,ETH,Mean Reversion,paper,long,2321.29,2321.85,2321.29,2321.29,2.39,2.4,1944,low_vol
,2026-04-24T19:09:52.289519,ETH,Mean Reversion,shadow,long,2322.9,2320.93,2321.62,2322.9,-18.47,-108.5,3347,low_vol
,2026-04-24T19:10:00.430672,BTC,Mean Reversion,paper,short,77620.39,77614.05,77620.39,77620.39,0.82,0.8,2485,high_vol
,2026-04-24T19:10:00.432087,BTC,Mean Reversion,shadow,short,77641.36,77652.47,77629.18,77641.36,-11.43,-101.4,1779,high_vol
,2026-04-24T19:10:06.545459,ETH,Mean Reversion,paper,short,2322.67,2322.49,2322.67,2322.67,0.76,0.8,167,trending
,2026-04-24T19:10:06.546103,ETH,Mean Reversion,shadow,short,2322.49,2323.01,2322.32,2322.49,-12.25,-102.2,3180,trending
,2026-04-24T19:10:10.599343,ETH,Mean Reversion,paper,short,2322.27,2322.71,2322.27,2322.27,-1.85,-1.9,1718,low_vol
,2026-04-24T19:10:10.600354,ETH,Mean Reversion,shadow,short,2322.77,2323.22,2322.53,2322.77,-11.93,-101.9,3074,low_vol
,2026-04-24T19:10:18.741536,ETH,Mean Reversion,paper,long,2322.68,2322.86,2322.68,2322.68,0.8,0.8,1437,high_vol
,2026-04-24T19:10:18.742227,ETH,Mean Reversion,shadow,long,2324.07,2321.77,2322.47,2324.07,-19.92,-109.9,2486,high_vol
,2026-04-24T19:10:24.847685,BTC,Mean Reversion,paper,short,77648.85,77640.62,77648.85,77648.85,1.06,1.1,2258,trending
,2026-04-24T19:10:24.848182,BTC,Mean Reversion,shadow,short,77639.26,77660.64,77637.35,77639.26,-12.75,-102.8,1498,trending
,2026-04-24T19:10:26.883840,ETH,Mean Reversion,paper,long,2322.61,2322.27,2322.61,2322.61,-1.49,-1.5,3556,ranging
,2026-04-24T19:10:26.884357,ETH,Mean Reversion,shadow,long,2323.94,2321.78,2322.47,2323.94,-19.29,-109.3,2251,ranging
,2026-04-24T19:10:43.143868,ETH,Mean Reversion,paper,short,2320.84,2321.36,2320.84,2320.84,-2.21,-2.2,3156,low_vol
,2026-04-24T19:10:43.144237,ETH,Mean Reversion,shadow,short,2321.32,2321.88,2321.18,2321.32,-12.41,-102.4,3540,low_vol
,2026-04-24T19:11:09.582370,BTC,Mean Reversion,paper,long,77599.1,77594.88,77599.1,77599.1,-0.54,-0.5,3260,trending
,2026-04-24T19:11:09.583892,BTC,Mean Reversion,shadow,long,77653.97,77572.46,77595.74,77653.97,-20.5,-110.5,1274,trending
,2026-04-24T19:11:21.791050,BTC,Mean Reversion,paper,long,77608.89,77600.93,77608.89,77608.89,-1.03,-1.0,2445,trending
,2026-04-24T19:11:21.791793,BTC,Mean Reversion,shadow,long,77644.0,77572.46,77595.74,77644.0,-19.21,-109.2,1673,trending
,2026-04-24T19:11:36.036075,ETH,Mean Reversion,paper,short,2321.15,2321.35,2321.15,2321.15,-0.86,-0.9,2112,trending
,2026-04-24T19:11:36.036895,ETH,Mean Reversion,shadow,short,2320.81,2321.7,2321.01,2320.81,-13.84,-103.8,1793,trending
,2026-04-24T19:11:48.243461,ETH,Mean Reversion,paper,short,2321.63,2321.75,2321.63,2321.63,-0.53,-0.5,2955,high_vol
,2026-04-24T19:11:48.243939,ETH,Mean Reversion,shadow,short,2321.61,2322.02,2321.32,2321.61,-11.78,-101.8,2856,high_vol
,2026-04-24T19:12:00.433052,ETH,Mean Reversion,paper,long,2321.43,2321.76,2321.43,2321.43,1.41,1.4,2354,trending
,2026-04-24T19:12:00.433566,ETH,Mean Reversion,shadow,long,2322.8,2320.75,2321.44,2322.8,-18.85,-108.9,1417,trending
,2026-04-24T19:12:02.487277,BTC,Mean Reversion,paper,long,77626.33,77614.03,77626.33,77626.33,-1.59,-1.6,2792,low_vol
,2026-04-24T19:12:02.487540,BTC,Mean Reversion,shadow,long,77669.03,77603.81,77627.1,77669.03,-18.4,-108.4,1835,low_vol
,2026-04-24T19:12:04.502703,BTC,Mean Reversion,paper,short,77624.82,77612.79,77624.82,77624.82,1.55,1.5,854,ranging
,2026-04-24T19:12:04.503268,BTC,Mean Reversion,shadow,short,77624.99,77650.38,77627.1,77624.99,-13.27,-103.3,98,ranging
,2026-04-24T19:12:26.831327,ETH,Mean Reversion,paper,short,2320.73,2320.41,2320.73,2320.73,1.38,1.4,3372,ranging
,2026-04-24T19:12:26.832667,ETH,Mean Reversion,shadow,short,2320.69,2321.41,2320.72,2320.69,-13.1,-103.1,2873,ranging
,2026-04-24T19:12:47.188572,BTC,Mean Reversion,paper,long,77613.51,77594.65,77613.51,77613.51,-2.43,-2.4,2824,ranging
,2026-04-24T19:12:47.189445,BTC,Mean Reversion,shadow,long,77654.42,77579.54,77602.83,77654.42,-19.64,-109.6,3036,ranging
,2026-04-24T19:13:01.440808,BTC,Mean Reversion,paper,long,77620.33,77613.02,77620.33,77620.33,-0.94,-0.9,821,trending
,2026-04-24T19:13:01.449226,BTC,Mean Reversion,shadow,long,77669.49,77599.62,77622.9,77669.49,-19.0,-109.0,1589,trending
,2026-04-24T19:13:19.740870,BTC,Mean Reversion,paper,long,77617.39,77622.42,77617.39,77617.39,0.65,0.6,1016,low_vol
,2026-04-24T19:13:19.742403,BTC,Mean Reversion,shadow,long,77658.47,77595.47,77618.76,77658.47,-18.11,-108.1,1714,low_vol
,2026-04-24T19:13:27.886450,BTC,Mean Reversion,paper,long,77605.04,77609.12,77605.04,77605.04,0.53,0.5,3201,high_vol
,2026-04-24T19:13:27.887386,BTC,Mean Reversion,shadow,long,77660.82,77589.62,77612.9,77660.82,-19.17,-109.2,2713,high_vol
,2026-04-24T19:13:29.922107,BTC,Mean Reversion,paper,long,77609.03,77619.48,77609.03,77609.03,1.35,1.3,2337,trending
,2026-04-24T19:13:29.922932,BTC,Mean Reversion,shadow,long,77672.79,77589.62,77612.9,77672.79,-20.71,-110.7,1025,trending
,2026-04-24T19:13:31.958826,ETH,Mean Reversion,paper,short,2321.51,2321.03,2321.51,2321.51,2.05,2.1,1471,trending
,2026-04-24T19:13:31.959542,ETH,Mean Reversion,shadow,short,2321.02,2321.89,2321.19,2321.02,-13.76,-103.8,3447,trending
,2026-04-24T19:13:33.992230,ETH,Mean Reversion,paper,short,2321.63,2321.29,2321.63,2321.63,1.49,1.5,2862,ranging
,2026-04-24T19:13:33.993036,ETH,Mean Reversion,shadow,short,2321.78,2322.03,2321.34,2321.78,-11.07,-101.1,132,ranging
,2026-04-24T19:13:54.353466,BTC,Mean Reversion,paper,short,77639.96,77631.17,77639.96,77639.96,1.13,1.1,3161,high_vol
,2026-04-24T19:13:54.354147,BTC,Mean Reversion,shadow,short,77639.45,77649.74,77626.46,77639.45,-11.33,-101.3,1838,high_vol
,2026-04-24T19:14:24.859028,ETH,Mean Reversion,paper,short,2321.57,2321.49,2321.57,2321.57,0.35,0.4,1489,trending
,2026-04-24T19:14:24.860601,ETH,Mean Reversion,shadow,short,2322.18,2322.59,2321.89,2322.18,-11.75,-101.7,293,trending
,2026-04-24T19:14:30.965835,ETH,Mean Reversion,paper,short,2321.45,2321.96,2321.45,2321.45,-2.2,-2.2,3001,ranging
,2026-04-24T19:14:30.966538,ETH,Mean Reversion,shadow,short,2322.13,2322.48,2321.78,2322.13,-11.53,-101.5,1108,ranging
,2026-04-24T19:14:41.145924,ETH,Mean Reversion,paper,long,2321.74,2322.01,2321.74,2321.74,1.2,1.2,100,ranging
,2026-04-24T19:14:41.146632,ETH,Mean Reversion,shadow,long,2323.47,2321.27,2321.97,2323.47,-19.48,-109.5,2081,ranging
,2026-04-24T19:14:45.221075,BTC,Mean Reversion,paper,long,77623.03,77621.33,77623.03,77623.03,-0.22,-0.2,3146,low_vol
,2026-04-24T19:14:45.221884,BTC,Mean Reversion,shadow,long,77671.11,77602.04,77625.33,77671.11,-18.89,-108.9,2740,low_vol
,2026-04-24T19:14:47.255152,BTC,Mean Reversion,paper,short,77611.13,77615.18,77611.13,77611.13,-0.52,-0.5,3260,high_vol
,2026-04-24T19:14:47.255924,BTC,Mean Reversion,shadow,short,77629.09,77648.61,77625.33,77629.09,-12.52,-102.5,2132,high_vol
,2026-04-24T19:15:13.681050,ETH,Mean Reversion,paper,short,2323.41,2323.71,2323.41,2323.41,-1.27,-1.3,3598,trending
,2026-04-24T19:15:13.681906,ETH,Mean Reversion,shadow,short,2323.95,2324.21,2323.52,2323.95,-11.11,-101.1,2745,trending
,2026-04-24T19:15:21.827811,BTC,Mean Reversion,paper,long,77675.15,77696.61,77675.15,77675.15,2.76,2.8,3115,ranging
,2026-04-24T19:15:21.828568,BTC,Mean Reversion,shadow,long,77740.83,77664.26,77687.57,77740.83,-19.85,-109.8,1871,ranging
,2026-04-24T19:15:36.074625,BTC,Mean Reversion,paper,short,77667.18,77690.29,77667.18,77667.18,-2.98,-3.0,640,high_vol
,2026-04-24T19:15:36.075418,BTC,Mean Reversion,shadow,short,77693.3,77703.33,77680.02,77693.3,-11.29,-101.3,3296,high_vol
,2026-04-24T19:15:50.329437,BTC,Mean Reversion,paper,long,77697.12,77676.05,77697.12,77697.12,-2.71,-2.7,772,trending
,2026-04-24T19:15:50.330115,BTC,Mean Reversion,shadow,long,77722.4,77658.35,77681.65,77722.4,-18.24,-108.2,409,trending
,2026-04-24T19:15:56.432191,ETH,Mean Reversion,paper,short,2324.09,2323.36,2324.09,2324.09,3.12,3.1,2972,high_vol
,2026-04-24T19:15:56.432533,ETH,Mean Reversion,shadow,short,2323.87,2324.46,2323.77,2323.87,-12.53,-102.5,2128,high_vol
,2026-04-24T19:16:02.548195,BTC,Mean Reversion,paper,long,77691.72,77682.6,77691.72,77691.72,-1.17,-1.2,863,low_vol
,2026-04-24T19:16:02.548652,BTC,Mean Reversion,shadow,long,77740.91,77660.47,77683.77,77740.91,-20.35,-110.3,1157,low_vol
,2026-04-24T19:16:26.925316,BTC,Mean Reversion,paper,long,77673.34,77671.14,77673.34,77673.34,-0.28,-0.3,3273,low_vol
,2026-04-24T19:16:26.926516,BTC,Mean Reversion,shadow,long,77704.3,77637.39,77660.68,77704.3,-18.61,-108.6,1789,low_vol
,2026-04-24T19:16:47.233026,ETH,Mean Reversion,paper,short,2324.19,2323.73,2324.19,2324.19,2.01,2.0,2058,trending
,2026-04-24T19:16:47.233563,ETH,Mean Reversion,shadow,short,2324.44,2324.79,2324.1,2324.44,-11.51,-101.5,1663,trending
,2026-04-24T19:16:57.387355,BTC,Mean Reversion,paper,short,77686.63,77680.42,77686.63,77686.63,0.8,0.8,431,ranging
,2026-04-24T19:16:57.387909,BTC,Mean Reversion,shadow,short,77677.31,77705.95,77682.64,77677.31,-13.69,-103.7,1518,ranging
,2026-04-24T19:16:59.420166,ETH,Mean Reversion,paper,long,2324.42,2323.71,2324.42,2324.42,-3.06,-3.1,2403,trending
,2026-04-24T19:16:59.420728,ETH,Mean Reversion,shadow,long,2325.7,2323.3,2323.99,2325.7,-20.32,-110.3,1524,trending
,2026-04-24T19:17:05.508237,ETH,Mean Reversion,paper,short,2323.67,2324.17,2323.67,2323.67,-2.18,-2.2,1100,trending
,2026-04-24T19:17:05.508620,ETH,Mean Reversion,shadow,short,2323.85,2324.54,2323.85,2323.85,-12.99,-103.0,2510,trending
,2026-04-24T19:17:21.754505,BTC,Mean Reversion,paper,short,77647.13,77675.5,77647.13,77647.13,-3.65,-3.7,960,high_vol
,2026-04-24T19:17:21.756062,BTC,Mean Reversion,shadow,short,77657.83,77685.83,77662.53,77657.83,-13.61,-103.6,798,high_vol
,2026-04-24T19:17:33.966620,BTC,Mean Reversion,paper,long,77658.71,77641.2,77658.71,77658.71,-2.26,-2.3,1358,high_vol
,2026-04-24T19:17:33.967391,BTC,Mean Reversion,shadow,long,77701.48,77633.27,77656.57,77701.48,-18.78,-108.8,2727,high_vol
,2026-04-24T19:17:52.282081,BTC,Mean Reversion,paper,long,77676.31,77665.21,77676.31,77676.31,-1.43,-1.4,2563,trending
,2026-04-24T19:17:52.282949,BTC,Mean Reversion,shadow,long,77715.12,77645.73,77669.04,77715.12,-18.93,-108.9,2133,trending
,2026-04-24T19:18:00.419647,ETH,Mean Reversion,paper,long,2323.83,2323.7,2323.83,2323.83,-0.58,-0.6,2623,high_vol
,2026-04-24T19:18:00.420441,ETH,Mean Reversion,shadow,long,2325.99,2323.44,2324.14,2325.99,-20.96,-111.0,1038,high_vol
,2026-04-24T19:18:39.085029,ETH,Mean Reversion,paper,long,2324.24,2323.82,2324.24,2324.24,-1.82,-1.8,1947,trending
,2026-04-24T19:18:39.085852,ETH,Mean Reversion,shadow,long,2325.66,2323.22,2323.91,2325.66,-20.49,-110.5,2977,trending
,2026-04-24T19:18:51.306567,ETH,Mean Reversion,paper,long,2323.77,2323.74,2323.77,2323.77,-0.13,-0.1,2728,ranging
,2026-04-24T19:18:51.307328,ETH,Mean Reversion,shadow,long,2324.94,2323.04,2323.73,2324.94,-18.17,-108.2,3528,ranging
,2026-04-24T19:19:12.911234,BTC,Mean Reversion,paper,short,77649.07,77648.48,77649.07,77649.07,0.08,0.1,1045,high_vol
,2026-04-24T19:19:12.912125,BTC,Mean Reversion,shadow,short,77657.46,77684.27,77660.97,77657.46,-13.45,-103.5,1969,high_vol
,2026-04-24T19:19:15.022284,BTC,Mean Reversion,paper,short,77671.29,77674.58,77671.29,77671.29,-0.42,-0.4,2261,high_vol
,2026-04-24T19:19:15.023118,BTC,Mean Reversion,shadow,short,77675.94,77684.26,77660.96,77675.94,-11.07,-101.1,2951,high_vol
,2026-04-24T19:19:21.360976,BTC,Mean Reversion,paper,short,77661.15,77661.39,77661.15,77661.15,-0.03,-0.0,185,low_vol
,2026-04-24T19:19:21.361753,BTC,Mean Reversion,shadow,short,77674.21,77684.26,77660.96,77674.21,-11.29,-101.3,1709,low_vol
,2026-04-24T19:47:10.594424,BTC,Mean Reversion,paper,long,77618.37,77612.6,77618.37,77618.37,-0.74,-0.7,2836,ranging
,2026-04-24T19:47:10.596195,BTC,Mean Reversion,shadow,long,77666.21,77581.74,77605.02,77666.21,-20.88,-110.9,949,ranging
,2026-04-24T19:47:25.165949,BTC,Mean Reversion,paper,long,77599.92,77588.21,77599.92,77599.92,-1.51,-1.5,1162,low_vol
,2026-04-24T19:47:25.166612,BTC,Mean Reversion,shadow,long,77646.04,77578.68,77601.96,77646.04,-18.67,-108.7,3201,low_vol
,2026-04-24T19:47:39.760365,BTC,Mean Reversion,paper,short,77634.61,77658.55,77634.61,77634.61,-3.08,-3.1,2284,trending
,2026-04-24T19:47:39.760730,BTC,Mean Reversion,shadow,short,77650.25,77670.19,77646.89,77650.25,-12.57,-102.6,1885,trending
,2026-04-24T19:47:58.558583,ETH,Mean Reversion,paper,short,2321.48,2321.46,2321.48,2321.48,0.1,0.1,1681,high_vol
,2026-04-24T19:47:58.559406,ETH,Mean Reversion,shadow,short,2322.05,2322.61,2321.91,2322.05,-12.41,-102.4,3019,high_vol
,2026-04-24T19:48:02.780500,ETH,Mean Reversion,paper,short,2321.59,2321.37,2321.59,2321.59,0.97,1.0,1950,trending
,2026-04-24T19:48:02.781278,ETH,Mean Reversion,shadow,short,2321.32,2322.08,2321.39,2321.32,-13.3,-103.3,127,trending
,2026-04-24T19:48:06.998722,BTC,Mean Reversion,paper,short,77614.8,77602.92,77614.8,77614.8,1.53,1.5,3132,ranging
,2026-04-24T19:48:07.022096,BTC,Mean Reversion,shadow,short,77624.22,77641.21,77617.92,77624.22,-12.19,-102.2,1252,ranging
,2026-04-24T19:48:53.030028,ETH,Mean Reversion,paper,short,2320.62,2320.54,2320.62,2320.62,0.35,0.4,145,low_vol
,2026-04-24T19:48:53.030479,ETH,Mean Reversion,shadow,short,2320.66,2321.26,2320.57,2320.66,-12.61,-102.6,3552,low_vol
,2026-04-24T19:48:55.121826,BTC,Mean Reversion,paper,short,77592.18,77588.06,77592.18,77592.18,0.53,0.5,3109,ranging
,2026-04-24T19:48:55.122458,BTC,Mean Reversion,shadow,short,77599.35,77623.64,77600.36,77599.35,-13.13,-103.1,723,ranging
,2026-04-24T19:49:54.023201,BTC,Mean Reversion,paper,long,77616.79,77614.45,77616.79,77616.79,-0.3,-0.3,3368,ranging
,2026-04-24T19:49:54.030116,BTC,Mean Reversion,shadow,long,77655.62,77578.27,77601.55,77655.62,-19.96,-110.0,291,ranging
,2026-04-24T19:49:58.142092,ETH,Mean Reversion,paper,short,2321.48,2321.38,2321.48,2321.48,0.43,0.4,3450,ranging
,2026-04-24T19:49:58.142876,ETH,Mean Reversion,shadow,short,2321.51,2321.95,2321.26,2321.51,-11.92,-101.9,1607,ranging
,2026-04-24T19:50:33.816097,BTC,Mean Reversion,paper,long,77601.45,77597.55,77601.45,77601.45,-0.5,-0.5,1359,ranging
,2026-04-24T19:50:33.817746,BTC,Mean Reversion,shadow,long,77641.34,77576.96,77600.24,77641.34,-18.29,-108.3,2909,ranging
,2026-04-24T19:50:38.035127,ETH,Mean Reversion,paper,short,2322.21,2322.18,2322.21,2322.21,0.13,0.1,126,high_vol
,2026-04-24T19:50:38.035475,ETH,Mean Reversion,shadow,short,2321.78,2322.6,2321.9,2321.78,-13.53,-103.5,1660,high_vol
,2026-04-24T19:50:58.960369,ETH,Mean Reversion,paper,long,2322.39,2322.14,2322.39,2322.39,-1.07,-1.1,2766,low_vol
,2026-04-24T19:50:58.961648,ETH,Mean Reversion,shadow,long,2323.7,2321.7,2322.4,2323.7,-18.59,-108.6,2007,low_vol
,2026-04-24T19:51:05.240223,ETH,Mean Reversion,paper,short,2322.28,2321.95,2322.28,2322.28,1.44,1.4,1974,low_vol
,2026-04-24T19:51:05.240862,ETH,Mean Reversion,shadow,short,2322.29,2322.88,2322.18,2322.29,-12.56,-102.6,755,low_vol
,2026-04-24T19:51:07.276118,BTC,Mean Reversion,paper,short,77591.68,77596.51,77591.68,77591.68,-0.62,-0.6,1181,trending
,2026-04-24T19:51:07.276736,BTC,Mean Reversion,shadow,short,77615.61,77623.69,77600.4,77615.61,-11.04,-101.0,2399,trending
,2026-04-24T19:51:11.446920,ETH,Mean Reversion,paper,long,2322.28,2322.25,2322.28,2322.28,-0.13,-0.1,1835,ranging
,2026-04-24T19:51:11.447526,ETH,Mean Reversion,shadow,long,2323.89,2321.58,2322.28,2323.89,-19.94,-109.9,1258,ranging
,2026-04-24T19:51:17.701505,BTC,Mean Reversion,paper,short,77602.48,77579.4,77602.48,77602.48,2.97,3.0,2821,trending
,2026-04-24T19:51:17.702308,BTC,Mean Reversion,shadow,short,77597.97,77611.68,77588.4,77597.97,-11.77,-101.8,2143,trending
,2026-04-24T19:51:57.331868,BTC,Mean Reversion,paper,long,77612.96,77622.08,77612.96,77612.96,1.17,1.2,327,trending
,2026-04-24T19:51:57.333354,BTC,Mean Reversion,shadow,long,77664.65,77597.92,77621.21,77664.65,-18.59,-108.6,2391,trending
,2026-04-24T19:52:35.054673,ETH,Mean Reversion,paper,long,2322.01,2321.71,2322.01,2322.01,-1.32,-1.3,1915,trending
,2026-04-24T19:52:35.055042,ETH,Mean Reversion,shadow,long,2323.33,2321.29,2321.98,2323.33,-18.8,-108.8,3508,trending
,2026-04-24T19:52:37.147971,BTC,Mean Reversion,paper,long,77625.77,77614.6,77625.77,77625.77,-1.44,-1.4,3071,ranging
,2026-04-24T19:52:37.148631,BTC,Mean Reversion,shadow,long,77674.65,77591.36,77614.64,77674.65,-20.72,-110.7,3465,ranging
,2026-04-24T19:53:10.766434,ETH,Mean Reversion,paper,short,2320.47,2321.09,2320.47,2320.47,-2.7,-2.7,1278,low_vol
,2026-04-24T19:53:10.767232,ETH,Mean Reversion,shadow,short,2321.05,2321.39,2320.69,2321.05,-11.45,-101.5,2982,low_vol
,2026-04-24T19:53:27.586525,ETH,Mean Reversion,paper,long,2320.8,2320.42,2320.8,2320.8,-1.63,-1.6,3156,ranging
,2026-04-24T19:53:27.587373,ETH,Mean Reversion,shadow,long,2321.79,2319.64,2320.34,2321.79,-19.26,-109.3,2545,ranging
,2026-04-24T19:53:31.752387,ETH,Mean Reversion,paper,long,2320.93,2320.99,2320.93,2320.93,0.24,0.2,2634,low_vol
,2026-04-24T19:53:31.753108,ETH,Mean Reversion,shadow,long,2322.81,2320.31,2321.01,2322.81,-20.79,-110.8,3494,low_vol
,2026-04-24T19:53:33.857785,ETH,Mean Reversion,paper,long,2321.3,2320.8,2321.3,2321.3,-2.16,-2.2,585,high_vol
,2026-04-24T19:53:33.858440,ETH,Mean Reversion,shadow,long,2322.26,2320.31,2321.01,2322.26,-18.39,-108.4,936,high_vol
,2026-04-24T19:53:44.333651,ETH,Mean Reversion,paper,long,2321.3,2321.96,2321.3,2321.3,2.88,2.9,2794,trending
,2026-04-24T19:53:44.334423,ETH,Mean Reversion,shadow,long,2323.14,2320.84,2321.54,2323.14,-19.9,-109.9,1078,trending
,2026-04-24T19:53:46.439507,ETH,Mean Reversion,paper,short,2321.47,2321.45,2321.47,2321.47,0.1,0.1,2080,high_vol
,2026-04-24T19:53:46.440274,ETH,Mean Reversion,shadow,short,2321.64,2322.23,2321.53,2321.64,-12.55,-102.6,490,high_vol
,2026-04-24T19:53:56.978620,ETH,Mean Reversion,paper,short,2322.08,2322.02,2322.08,2322.08,0.22,0.2,2877,high_vol
,2026-04-24T19:53:56.979155,ETH,Mean Reversion,shadow,short,2321.99,2322.57,2321.88,2321.99,-12.51,-102.5,2271,high_vol
,2026-04-24T19:54:11.584023,BTC,Mean Reversion,paper,long,77609.94,77620.42,77609.94,77609.94,1.35,1.3,2910,low_vol
,2026-04-24T19:54:11.584834,BTC,Mean Reversion,shadow,long,77668.62,77595.56,77618.85,77668.62,-19.41,-109.4,1367,low_vol
,2026-04-24T19:54:15.804009,ETH,Mean Reversion,paper,short,2321.78,2322.27,2321.78,2321.78,-2.12,-2.1,166,high_vol
,2026-04-24T19:54:15.804899,ETH,Mean Reversion,shadow,short,2321.73,2322.65,2321.95,2321.73,-13.96,-104.0,521,high_vol
,2026-04-24T19:54:17.913322,ETH,Mean Reversion,paper,short,2321.66,2322.19,2321.66,2321.66,-2.26,-2.3,1650,ranging
,2026-04-24T19:54:17.914202,ETH,Mean Reversion,shadow,short,2321.78,2322.65,2321.95,2321.78,-13.78,-103.8,990,ranging
,2026-04-24T19:54:26.328639,BTC,Mean Reversion,paper,short,77628.1,77610.44,77628.1,77628.1,2.28,2.3,1669,low_vol
,2026-04-24T19:54:26.329495,BTC,Mean Reversion,shadow,short,77616.58,77644.49,77621.21,77616.58,-13.6,-103.6,1646,low_vol
,2026-04-24T19:54:47.347944,BTC,Mean Reversion,paper,long,77590.44,77590.45,77590.44,77590.44,0.0,0.0,1201,ranging
,2026-04-24T19:54:47.349593,BTC,Mean Reversion,shadow,long,77656.3,77575.38,77598.65,77656.3,-20.42,-110.4,2453,ranging
,2026-04-24T19:54:49.461251,ETH,Mean Reversion,paper,short,2321.87,2321.9,2321.87,2321.87,-0.14,-0.1,2403,high_vol
,2026-04-24T19:54:49.462081,ETH,Mean Reversion,shadow,short,2322.25,2322.52,2321.82,2322.25,-11.15,-101.2,3398,high_vol
,2026-04-24T19:55:08.296749,ETH,Mean Reversion,paper,long,2322.21,2321.99,2322.21,2322.21,-0.96,-1.0,2929,low_vol
,2026-04-24T19:55:08.297547,ETH,Mean Reversion,shadow,long,2323.71,2321.58,2322.28,2323.71,-19.16,-109.2,2001,low_vol
,2026-04-24T19:55:16.735660,BTC,Mean Reversion,paper,short,77639.44,77610.64,77639.44,77639.44,3.71,3.7,3254,ranging
,2026-04-24T19:55:16.736508,BTC,Mean Reversion,shadow,short,77637.42,77648.05,77624.76,77637.42,-11.37,-101.4,2514,ranging
,2026-04-24T19:55:37.659074,ETH,Mean Reversion,paper,long,2321.63,2321.41,2321.63,2321.63,-0.95,-0.9,2733,trending
,2026-04-24T19:55:37.659822,ETH,Mean Reversion,shadow,long,2323.0,2320.94,2321.64,2323.0,-18.86,-108.9,2216,trending
,2026-04-24T19:55:48.064989,BTC,Mean Reversion,paper,short,77605.3,77630.03,77605.3,77605.3,-3.19,-3.2,366,ranging
,2026-04-24T19:55:48.065843,BTC,Mean Reversion,shadow,short,77616.03,77643.87,77620.58,77616.03,-13.59,-103.6,2947,ranging
,2026-04-24T19:57:00.153583,BTC,mean_reversion,paper,long,77658.34,77664.45,77658.34,77658.34,0.79,0.8,3499,low_vol
,2026-04-24T19:57:00.155168,BTC,mean_reversion,shadow,long,77690.23,77627.12,77650.42,77690.23,-18.12,-108.1,1458,low_vol
,2026-04-24T19:57:02.261108,BTC,mean_reversion,paper,long,77633.27,77638.52,77633.27,77633.27,0.68,0.7,3287,trending
,2026-04-24T19:57:02.261969,BTC,mean_reversion,shadow,long,77705.83,77623.95,77647.24,77705.83,-20.54,-110.5,2018,trending
,2026-04-24T19:57:19.117667,ETH,mean_reversion,paper,long,2321.61,2321.41,2321.61,2321.61,-0.86,-0.9,161,ranging
,2026-04-24T19:57:19.118461,ETH,mean_reversion,shadow,long,2322.92,2320.77,2321.47,2322.92,-19.26,-109.3,350,ranging
,2026-04-24T19:57:25.436608,BTC,mean_reversion,paper,short,77620.26,77611.63,77620.26,77620.26,1.11,1.1,681,trending
,2026-04-24T19:57:25.437385,BTC,mean_reversion,shadow,short,77631.41,77647.24,77623.96,77631.41,-12.04,-102.0,3052,trending
,2026-04-24T19:57:29.592640,BTC,mean_reversion,paper,long,77617.63,77612.21,77617.63,77617.63,-0.7,-0.7,2441,low_vol
,2026-04-24T19:57:29.593335,BTC,mean_reversion,shadow,long,77684.36,77602.6,77625.89,77684.36,-20.52,-110.5,760,low_vol
,2026-04-24T19:57:31.702843,ETH,mean_reversion,paper,short,2321.27,2321.0,2321.27,2321.27,1.15,1.1,395,ranging
,2026-04-24T19:57:31.703605,ETH,mean_reversion,shadow,short,2321.64,2322.0,2321.31,2321.64,-11.55,-101.5,3417,ranging
,2026-04-24T19:57:35.916509,ETH,mean_reversion,paper,short,2321.59,2321.03,2321.59,2321.59,2.44,2.4,1732,trending
,2026-04-24T19:57:35.917305,ETH,mean_reversion,shadow,short,2321.79,2322.15,2321.45,2321.79,-11.54,-101.5,620,trending
,2026-04-24T19:57:37.989515,ETH,mean_reversion,paper,long,2321.13,2321.8,2321.13,2321.13,2.91,2.9,2374,high_vol
,2026-04-24T19:57:37.990200,ETH,mean_reversion,shadow,long,2323.05,2320.8,2321.5,2323.05,-19.69,-109.7,1076,high_vol
,2026-04-24T19:57:44.251357,BTC,mean_reversion,paper,long,77653.53,77650.58,77653.53,77653.53,-0.38,-0.4,368,low_vol
,2026-04-24T19:57:44.252941,BTC,mean_reversion,shadow,long,77706.2,77635.04,77658.33,77706.2,-19.16,-109.2,1303,low_vol
,2026-04-24T19:58:09.470345,BTC,mean_reversion,paper,long,77680.54,77675.39,77680.54,77680.54,-0.66,-0.7,2795,high_vol
,2026-04-24T19:58:09.471137,BTC,mean_reversion,shadow,long,77706.01,77642.64,77665.93,77706.01,-18.16,-108.2,277,high_vol
,2026-04-24T19:58:15.773001,BTC,mean_reversion,paper,long,77678.73,77654.32,77678.73,77678.73,-3.14,-3.1,294,trending
,2026-04-24T19:58:15.774025,BTC,mean_reversion,shadow,long,77724.43,77641.26,77664.55,77724.43,-20.7,-110.7,841,trending
,2026-04-24T19:58:32.406822,ETH,mean_reversion,paper,short,2322.15,2322.25,2322.15,2322.15,-0.41,-0.4,1049,high_vol
,2026-04-24T19:58:32.408459,ETH,mean_reversion,shadow,short,2322.15,2322.89,2322.19,2322.15,-13.19,-103.2,2744,high_vol
,2026-04-24T19:58:36.619131,ETH,mean_reversion,paper,short,2321.86,2321.67,2321.86,2321.86,0.81,0.8,804,low_vol
,2026-04-24T19:58:36.619740,ETH,mean_reversion,shadow,short,2321.61,2322.45,2321.76,2321.61,-13.64,-103.6,1244,low_vol
,2026-04-24T19:58:40.804819,ETH,mean_reversion,paper,long,2322.03,2321.41,2322.03,2322.03,-2.68,-2.7,476,ranging
,2026-04-24T19:58:40.805471,ETH,mean_reversion,shadow,long,2323.41,2321.09,2321.78,2323.41,-19.99,-110.0,1994,ranging
,2026-04-24T19:58:53.267150,ETH,mean_reversion,paper,long,2322.04,2322.62,2322.04,2322.04,2.47,2.5,2223,high_vol
,2026-04-24T19:58:53.268754,ETH,mean_reversion,shadow,long,2323.53,2321.47,2322.16,2323.53,-18.89,-108.9,1291,high_vol
,2026-04-24T19:58:57.479576,BTC,mean_reversion,paper,short,77649.71,77657.15,77649.71,77649.71,-0.96,-1.0,1679,low_vol
,2026-04-24T19:58:57.480388,BTC,mean_reversion,shadow,short,77663.47,77684.68,77661.39,77663.47,-12.73,-102.7,930,low_vol
,2026-04-24T19:59:12.139490,BTC,mean_reversion,paper,long,77645.58,77630.32,77645.58,77645.58,-1.97,-2.0,2216,trending
,2026-04-24T19:59:12.140244,BTC,mean_reversion,shadow,long,77686.92,77619.83,77643.12,77686.92,-18.64,-108.6,1414,trending
,2026-04-24T19:59:20.533692,BTC,mean_reversion,paper,short,77655.94,77633.72,77655.94,77655.94,2.86,2.9,1407,trending
,2026-04-24T19:59:20.534351,BTC,mean_reversion,shadow,short,77639.76,77669.83,77646.54,77639.76,-13.87,-103.9,996,trending
,2026-04-24T19:59:33.044361,ETH,mean_reversion,paper,short,2321.83,2321.41,2321.83,2321.83,1.83,1.8,534,trending
,2026-04-24T19:59:33.045534,ETH,mean_reversion,shadow,short,2322.2,2322.54,2321.85,2322.2,-11.45,-101.5,1847,trending
,2026-04-24T19:59:37.242744,BTC,mean_reversion,paper,short,77668.04,77672.17,77668.04,77668.04,-0.53,-0.5,898,high_vol
,2026-04-24T19:59:37.243522,BTC,mean_reversion,shadow,short,77659.34,77685.8,77662.51,77659.34,-13.41,-103.4,645,high_vol
,2026-04-24T19:59:39.351306,ETH,mean_reversion,paper,long,2322.05,2322.36,2322.05,2322.05,1.33,1.3,3453,low_vol
,2026-04-24T19:59:39.352139,ETH,mean_reversion,shadow,long,2323.36,2321.22,2321.91,2323.36,-19.21,-109.2,2534,low_vol
,2026-04-24T19:59:41.460213,ETH,mean_reversion,paper,short,2321.73,2321.83,2321.73,2321.73,-0.43,-0.4,3101,trending
,2026-04-24T19:59:41.460995,ETH,mean_reversion,shadow,short,2321.72,2322.45,2321.76,2321.72,-13.14,-103.1,252,trending
,2026-04-24T19:59:56.161018,ETH,mean_reversion,paper,short,2322.31,2322.43,2322.31,2322.31,-0.52,-0.5,3363,ranging
,2026-04-24T19:59:56.161821,ETH,mean_reversion,shadow,short,2322.51,2322.83,2322.14,2322.51,-11.39,-101.4,985,ranging
,2026-04-24T19:59:58.269212,BTC,mean_reversion,paper,short,77664.4,77651.19,77664.4,77664.4,1.7,1.7,2920,low_vol
,2026-04-24T19:59:58.270019,BTC,mean_reversion,shadow,short,77665.93,77686.25,77662.95,77665.93,-12.62,-102.6,1153,low_vol
,2026-04-24T20:00:27.725752,ETH,mean_reversion,paper,short,2321.46,2321.66,2321.46,2321.46,-0.88,-0.9,910,high_vol
,2026-04-24T20:00:27.727316,ETH,mean_reversion,shadow,short,2321.2,2322.12,2321.43,2321.2,-13.98,-104.0,2663,high_vol
,2026-04-24T20:00:34.029237,ETH,mean_reversion,paper,long,2321.69,2322.43,2321.69,2321.69,3.19,3.2,990,high_vol
,2026-04-24T20:00:34.029650,ETH,mean_reversion,shadow,long,2323.93,2321.39,2322.09,2323.93,-20.94,-110.9,1441,high_vol
,2026-04-24T20:00:42.387129,ETH,mean_reversion,paper,short,2321.37,2320.88,2321.37,2321.37,2.13,2.1,585,trending
,2026-04-24T20:00:42.388381,ETH,mean_reversion,shadow,short,2321.19,2321.92,2321.22,2321.19,-13.16,-103.2,2188,trending
,2026-04-24T20:01:13.976520,BTC,mean_reversion,paper,long,77594.34,77598.77,77594.34,77594.34,0.57,0.6,2190,low_vol
,2026-04-24T20:01:13.977414,BTC,mean_reversion,shadow,long,77650.37,77567.62,77590.9,77650.37,-20.66,-110.7,512,low_vol
,2026-04-24T20:01:22.338669,BTC,mean_reversion,paper,short,77585.53,77593.74,77585.53,77585.53,-1.06,-1.1,1228,high_vol
,2026-04-24T20:01:22.340109,BTC,mean_reversion,shadow,short,77601.52,77616.48,77593.21,77601.52,-11.93,-101.9,2991,high_vol
,2026-04-24T20:01:34.979668,ETH,mean_reversion,paper,long,2321.37,2321.76,2321.37,2321.37,1.68,1.7,1405,low_vol
,2026-04-24T20:01:34.980146,ETH,mean_reversion,shadow,long,2322.71,2320.74,2321.43,2322.71,-18.5,-108.5,2506,low_vol
,2026-04-24T20:01:53.726892,ETH,mean_reversion,paper,long,2321.46,2321.98,2321.46,2321.46,2.23,2.2,825,low_vol
,2026-04-24T20:01:53.727895,ETH,mean_reversion,shadow,long,2323.11,2320.86,2321.56,2323.11,-19.69,-109.7,2786,low_vol
,2026-04-24T20:01:57.944956,BTC,mean_reversion,paper,long,77631.92,77627.24,77631.92,77631.92,-0.6,-0.6,1758,trending
,2026-04-24T20:01:57.945437,BTC,mean_reversion,shadow,long,77671.44,77606.86,77630.14,77671.44,-18.31,-108.3,2862,trending
,2026-04-24T20:02:08.281462,BTC,mean_reversion,paper,long,77635.33,77656.06,77635.33,77635.33,2.67,2.7,3255,trending
,2026-04-24T20:02:08.282158,BTC,mean_reversion,shadow,long,77696.71,77620.86,77644.15,77696.71,-19.76,-109.8,672,trending
,2026-04-24T20:02:16.674421,BTC,mean_reversion,paper,long,77641.59,77629.68,77641.59,77641.59,-1.53,-1.5,138,trending
,2026-04-24T20:02:16.674929,BTC,mean_reversion,shadow,long,77680.79,77607.76,77631.04,77680.79,-19.4,-109.4,2114,trending
,2026-04-24T20:02:43.869086,ETH,mean_reversion,paper,long,2320.83,2320.37,2320.83,2320.83,-1.97,-2.0,2449,low_vol
,2026-04-24T20:02:43.869753,ETH,mean_reversion,shadow,long,2322.1,2319.91,2320.61,2322.1,-19.44,-109.4,2581,low_vol
,2026-04-24T20:03:00.465214,ETH,mean_reversion,paper,short,2320.01,2319.83,2320.01,2320.01,0.75,0.8,1718,trending
,2026-04-24T20:03:00.465820,ETH,mean_reversion,shadow,short,2320.46,2320.9,2320.2,2320.46,-11.88,-101.9,2099,trending
,2026-04-24T20:03:10.916376,ETH,mean_reversion,paper,long,2319.32,2319.55,2319.32,2319.32,1.01,1.0,1192,high_vol
,2026-04-24T20:03:10.917176,ETH,mean_reversion,shadow,long,2321.41,2318.99,2319.68,2321.41,-20.41,-110.4,3578,high_vol
,2026-04-24T20:03:33.777324,ETH,mean_reversion,paper,short,2320.38,2320.61,2320.38,2320.38,-0.99,-1.0,512,trending
,2026-04-24T20:03:33.778998,ETH,mean_reversion,shadow,short,2321.0,2321.27,2320.57,2321.0,-11.16,-101.2,2671,trending
,2026-04-24T20:03:50.473487,ETH,mean_reversion,paper,short,2320.92,2320.28,2320.92,2320.92,2.76,2.8,904,low_vol
,2026-04-24T20:03:50.474237,ETH,mean_reversion,shadow,short,2320.55,2321.42,2320.72,2320.55,-13.77,-103.8,1301,low_vol
,2026-04-24T20:04:07.243678,ETH,mean_reversion,paper,short,2321.0,2321.28,2321.0,2321.0,-1.2,-1.2,1089,ranging
,2026-04-24T20:04:07.244503,ETH,mean_reversion,shadow,short,2321.07,2321.98,2321.28,2321.07,-13.94,-103.9,1659,ranging
,2026-04-24T20:04:13.565564,BTC,mean_reversion,paper,short,77591.08,77586.75,77591.08,77591.08,0.56,0.6,389,ranging
,2026-04-24T20:04:13.566364,BTC,mean_reversion,shadow,short,77580.94,77603.06,77579.79,77580.94,-12.85,-102.9,1254,ranging
,2026-04-24T20:04:24.045293,ETH,mean_reversion,paper,long,2321.18,2321.64,2321.18,2321.18,1.99,2.0,2827,high_vol
,2026-04-24T20:04:24.046503,ETH,mean_reversion,shadow,long,2323.22,2320.75,2321.44,2323.22,-20.64,-110.6,1898,high_vol
,2026-04-24T20:04:32.375883,BTC,mean_reversion,paper,long,77614.49,77616.36,77614.49,77614.49,0.24,0.2,2837,low_vol
,2026-04-24T20:04:32.376682,BTC,mean_reversion,shadow,long,77645.51,77578.53,77601.81,77645.51,-18.63,-108.6,1427,low_vol
,2026-04-24T20:04:36.591899,BTC,mean_reversion,paper,short,77584.53,77588.81,77584.53,77584.53,-0.55,-0.6,1978,high_vol
,2026-04-24T20:04:36.592562,BTC,mean_reversion,shadow,short,77605.51,77622.17,77598.89,77605.51,-12.15,-102.1,3171,high_vol
,2026-04-24T20:04:38.697412,ETH,mean_reversion,paper,short,2321.24,2321.75,2321.24,2321.24,-2.21,-2.2,3167,low_vol
,2026-04-24T20:04:38.697902,ETH,mean_reversion,shadow,short,2321.75,2322.24,2321.55,2321.75,-12.12,-102.1,3284,low_vol
,2026-04-24T20:04:49.033031,ETH,mean_reversion,paper,long,2321.77,2321.24,2321.77,2321.77,-2.29,-2.3,103,ranging
,2026-04-24T20:04:49.034175,ETH,mean_reversion,shadow,long,2323.35,2320.85,2321.55,2323.35,-20.78,-110.8,924,ranging
,2026-04-24T20:04:53.155477,ETH,mean_reversion,paper,short,2321.94,2321.87,2321.94,2321.94,0.29,0.3,2224,high_vol
,2026-04-24T20:04:53.156236,ETH,mean_reversion,shadow,short,2321.32,2322.24,2321.55,2321.32,-13.97,-104.0,2852,high_vol
,2026-04-24T20:05:01.559935,ETH,mean_reversion,paper,short,2321.68,2321.43,2321.68,2321.68,1.1,1.1,139,trending
,2026-04-24T20:05:01.561109,ETH,mean_reversion,shadow,short,2322.11,2322.49,2321.8,2322.11,-11.64,-101.6,612,trending
,2026-04-24T20:05:11.908850,ETH,mean_reversion,paper,long,2321.68,2321.93,2321.68,2321.68,1.05,1.1,2640,low_vol
,2026-04-24T20:05:11.909414,ETH,mean_reversion,shadow,long,2323.89,2321.37,2322.07,2323.89,-20.84,-110.8,783,low_vol
,2026-04-24T20:05:16.054510,ETH,mean_reversion,paper,long,2322.27,2321.78,2322.27,2322.27,-2.13,-2.1,2181,ranging
,2026-04-24T20:05:16.055019,ETH,mean_reversion,shadow,long,2323.26,2321.13,2321.82,2323.26,-19.16,-109.2,1702,ranging
,2026-04-24T20:05:38.843807,ETH,mean_reversion,paper,short,2321.81,2321.64,2321.81,2321.81,0.7,0.7,2047,trending
,2026-04-24T20:05:38.844491,ETH,mean_reversion,shadow,short,2322.22,2322.48,2321.78,2322.22,-11.12,-101.1,1509,trending
,2026-04-24T20:06:44.866704,BTC,mean_reversion,paper,long,77620.21,77615.74,77620.21,77620.21,-0.58,-0.6,2614,trending
,2026-04-24T20:06:44.867533,BTC,mean_reversion,shadow,long,77669.51,77596.03,77619.32,77669.51,-19.46,-109.5,3224,trending
,2026-04-24T20:06:46.910482,ETH,mean_reversion,paper,short,2321.36,2322.22,2321.36,2321.36,-3.68,-3.7,2253,trending
,2026-04-24T20:06:46.910956,ETH,mean_reversion,shadow,short,2321.73,2322.47,2321.78,2321.73,-13.19,-103.2,2708,trending
,2026-04-24T20:06:59.378878,ETH,mean_reversion,paper,long,2320.68,2321.47,2320.68,2320.68,3.43,3.4,1649,trending
,2026-04-24T20:06:59.379566,ETH,mean_reversion,shadow,long,2322.61,2320.43,2321.12,2322.61,-19.41,-109.4,2253,trending
,2026-04-24T20:07:07.626523,ETH,mean_reversion,paper,short,2318.88,2319.49,2318.88,2318.88,-2.62,-2.6,571,low_vol
,2026-04-24T20:07:07.627290,ETH,mean_reversion,shadow,short,2319.74,2320.0,2319.3,2319.74,-11.11,-101.1,1095,low_vol
,2026-04-24T20:07:09.677739,ETH,mean_reversion,paper,short,2320.1,2319.84,2320.1,2320.1,1.14,1.1,654,low_vol
,2026-04-24T20:07:09.678079,ETH,mean_reversion,shadow,short,2320.16,2320.58,2319.88,2320.16,-11.79,-101.8,1578,low_vol
,2026-04-24T20:07:22.061559,BTC,mean_reversion,paper,long,77614.27,77607.1,77614.27,77614.27,-0.92,-0.9,1204,ranging
,2026-04-24T20:07:22.061969,BTC,mean_reversion,shadow,long,77642.56,77580.17,77603.46,77642.56,-18.03,-108.0,2271,ranging
,2026-04-24T20:07:24.110997,ETH,mean_reversion,paper,long,2319.82,2320.1,2319.82,2319.82,1.2,1.2,213,high_vol
,2026-04-24T20:07:24.111637,ETH,mean_reversion,shadow,long,2321.64,2319.28,2319.98,2321.64,-20.13,-110.1,2355,high_vol
,2026-04-24T20:07:34.354256,ETH,mean_reversion,paper,long,2319.86,2320.19,2319.86,2319.86,1.39,1.4,323,trending
,2026-04-24T20:07:34.354929,ETH,mean_reversion,shadow,long,2321.49,2319.47,2320.16,2321.49,-18.7,-108.7,2909,trending
,2026-04-24T20:07:50.980017,BTC,mean_reversion,paper,short,77582.25,77584.64,77582.25,77582.25,-0.31,-0.3,2829,high_vol
,2026-04-24T20:07:50.980826,BTC,mean_reversion,shadow,short,77600.76,77618.24,77594.96,77600.76,-12.25,-102.3,1649,high_vol
,2026-04-24T20:07:59.164355,ETH,mean_reversion,paper,long,2320.29,2320.08,2320.29,2320.29,-0.9,-0.9,2632,trending
,2026-04-24T20:07:59.165062,ETH,mean_reversion,shadow,long,2321.74,2319.42,2320.11,2321.74,-19.99,-110.0,2281,trending
,2026-04-24T20:08:09.697467,BTC,mean_reversion,paper,short,77588.59,77608.69,77588.59,77588.59,-2.59,-2.6,3282,trending
,2026-04-24T20:08:09.698320,BTC,mean_reversion,shadow,short,77603.92,77619.11,77595.83,77603.92,-11.96,-102.0,2366,trending
,2026-04-24T20:08:13.913590,ETH,mean_reversion,paper,short,2319.91,2319.91,2319.91,2319.91,-0.01,-0.0,516,ranging
,2026-04-24T20:08:13.914321,ETH,mean_reversion,shadow,short,2319.54,2320.45,2319.76,2319.54,-13.93,-103.9,1008,ranging
,2026-04-24T20:08:18.117090,BTC,mean_reversion,paper,short,77611.84,77610.09,77611.84,77611.84,0.23,0.2,1242,trending
,2026-04-24T20:08:18.117922,BTC,mean_reversion,shadow,short,77611.85,77621.51,77598.24,77611.85,-11.25,-101.2,2951,trending
,2026-04-24T20:08:51.686419,BTC,mean_reversion,paper,short,77586.76,77592.17,77586.76,77586.76,-0.7,-0.7,759,ranging
,2026-04-24T20:08:51.687182,BTC,mean_reversion,shadow,short,77596.7,77609.84,77586.57,77596.7,-11.69,-101.7,2887,ranging
,2026-04-24T20:09:08.394157,BTC,mean_reversion,paper,short,77601.26,77596.56,77601.26,77601.26,0.61,0.6,869,trending
,2026-04-24T20:09:08.394846,BTC,mean_reversion,shadow,short,77586.12,77609.85,77586.58,77586.12,-13.06,-103.1,2881,trending
,2026-04-24T20:09:16.693528,ETH,mean_reversion,paper,short,2319.19,2318.98,2319.19,2319.19,0.9,0.9,2569,ranging
,2026-04-24T20:09:16.694000,ETH,mean_reversion,shadow,short,2318.57,2319.44,2318.74,2318.57,-13.75,-103.8,2048,ranging
,2026-04-24T20:09:24.995541,BTC,mean_reversion,paper,long,77593.46,77573.51,77593.46,77593.46,-2.57,-2.6,3298,ranging
,2026-04-24T20:09:24.996152,BTC,mean_reversion,shadow,long,77647.55,77563.3,77586.58,77647.55,-20.85,-110.9,3546,ranging
,2026-04-24T20:09:41.706911,ETH,mean_reversion,paper,short,2318.67,2318.51,2318.67,2318.67,0.7,0.7,957,trending
,2026-04-24T20:09:41.707852,ETH,mean_reversion,shadow,short,2318.76,2319.09,2318.39,2318.76,-11.43,-101.4,2708,trending
,2026-04-24T20:09:43.815307,BTC,mean_reversion,paper,short,77587.97,77567.4,77587.97,77587.97,2.65,2.7,3034,ranging
,2026-04-24T20:09:43.816028,BTC,mean_reversion,shadow,short,77582.4,77605.53,77582.26,77582.4,-12.98,-103.0,584,ranging
,2026-04-24T20:10:21.679240,BTC,mean_reversion,paper,short,77599.17,77608.54,77599.17,77599.17,-1.21,-1.2,163,high_vol
,2026-04-24T20:10:21.679880,BTC,mean_reversion,shadow,short,77604.28,77625.85,77602.57,77604.28,-12.78,-102.8,1480,high_vol
,2026-04-24T20:10:32.122799,ETH,mean_reversion,paper,short,2319.41,2319.0,2319.41,2319.41,1.76,1.8,1992,trending
,2026-04-24T20:10:32.123431,ETH,mean_reversion,shadow,short,2319.21,2319.94,2319.24,2319.21,-13.17,-103.2,336,trending
,2026-04-24T20:10:55.194556,BTC,mean_reversion,paper,long,77595.55,77620.61,77595.55,77595.55,3.23,3.2,2661,ranging
,2026-04-24T20:10:55.195254,BTC,mean_reversion,shadow,long,77651.44,77583.74,77607.02,77651.44,-18.72,-108.7,3524,ranging
,2026-04-24T20:10:57.298510,ETH,mean_reversion,paper,short,2318.77,2319.33,2318.77,2318.77,-2.42,-2.4,968,ranging
,2026-04-24T20:10:57.299329,ETH,mean_reversion,shadow,short,2319.11,2319.78,2319.09,2319.11,-12.9,-102.9,741,ranging
,2026-04-24T20:11:03.618803,ETH,mean_reversion,paper,short,2318.72,2318.72,2318.72,2318.72,-0.01,-0.0,1874,ranging
,2026-04-24T20:11:03.619722,ETH,mean_reversion,shadow,short,2319.5,2319.88,2319.18,2319.5,-11.61,-101.6,2463,ranging
,2026-04-24T20:11:20.258956,ETH,mean_reversion,paper,short,2318.54,2318.17,2318.54,2318.54,1.61,1.6,584,ranging
,2026-04-24T20:11:20.259320,ETH,mean_reversion,shadow,short,2318.83,2319.22,2318.53,2318.83,-11.68,-101.7,2020,ranging
,2026-04-24T20:11:30.598459,BTC,mean_reversion,paper,short,77608.45,77614.35,77608.45,77608.45,-0.76,-0.8,842,trending
,2026-04-24T20:11:30.599203,BTC,mean_reversion,shadow,short,77630.38,77644.48,77621.2,77630.38,-11.82,-101.8,664,trending
,2026-04-24T20:11:43.045637,BTC,mean_reversion,paper,short,77611.37,77609.71,77611.37,77611.37,0.21,0.2,3036,ranging
,2026-04-24T20:11:43.045998,BTC,mean_reversion,shadow,short,77612.96,77639.17,77615.89,77612.96,-13.38,-103.4,664,ranging
,2026-04-24T20:11:45.077224,BTC,mean_reversion,paper,long,77613.76,77612.32,77613.76,77613.76,-0.19,-0.2,2591,low_vol
,2026-04-24T20:11:45.077587,BTC,mean_reversion,shadow,long,77657.98,77592.6,77615.89,77657.98,-18.42,-108.4,1308,low_vol
,2026-04-24T20:13:17.936178,ETH,mean_reversion,paper,short,2320.03,2319.36,2320.03,2320.03,2.9,2.9,2935,trending
,2026-04-24T20:13:17.937742,ETH,mean_reversion,shadow,short,2319.67,2320.29,2319.6,2319.67,-12.67,-102.7,2449,trending
,2026-04-24T20:13:20.042228,BTC,mean_reversion,paper,short,77623.61,77634.56,77623.61,77623.61,-1.41,-1.4,1360,trending
,2026-04-24T20:13:20.042494,BTC,mean_reversion,shadow,short,77627.18,77644.6,77621.32,77627.18,-12.24,-102.2,1974,trending
,2026-04-24T20:13:41.043749,ETH,mean_reversion,paper,long,2319.4,2319.43,2319.4,2319.4,0.11,0.1,919,trending
,2026-04-24T20:13:41.044146,ETH,mean_reversion,shadow,long,2321.32,2318.88,2319.57,2321.32,-20.53,-110.5,683,trending
,2026-04-24T20:13:59.980328,ETH,mean_reversion,paper,long,2319.45,2319.55,2319.45,2319.45,0.46,0.5,1040,low_vol
,2026-04-24T20:13:59.980988,ETH,mean_reversion,shadow,long,2321.44,2319.06,2319.76,2321.44,-20.27,-110.3,3089,low_vol
,2026-04-24T20:14:02.050443,ETH,mean_reversion,paper,short,2320.05,2320.04,2320.05,2320.05,0.06,0.1,2131,low_vol
,2026-04-24T20:14:02.050714,ETH,mean_reversion,shadow,short,2319.55,2320.45,2319.76,2319.55,-13.87,-103.9,672,low_vol
,2026-04-24T20:15:50.892636,ETH,mean_reversion,paper,long,2319.96,2319.61,2319.96,2319.96,-1.48,-1.5,2374,high_vol
,2026-04-24T20:15:50.893383,ETH,mean_reversion,shadow,long,2321.0,2318.86,2319.56,2321.0,-19.2,-109.2,3562,high_vol
,2026-04-24T20:15:59.333310,BTC,mean_reversion,paper,long,77643.6,77642.64,77643.6,77643.6,-0.12,-0.1,1818,high_vol
,2026-04-24T20:15:59.334119,BTC,mean_reversion,shadow,long,77708.09,77623.92,77647.21,77708.09,-20.83,-110.8,828,high_vol
,2026-04-24T20:16:20.359647,ETH,mean_reversion,paper,short,2320.03,2319.39,2320.03,2320.03,2.79,2.8,2117,low_vol
,2026-04-24T20:16:20.360567,ETH,mean_reversion,shadow,short,2319.99,2320.36,2319.66,2319.99,-11.58,-101.6,225,low_vol
,2026-04-24T20:16:22.465347,ETH,mean_reversion,paper,long,2319.26,2319.67,2319.26,2319.26,1.75,1.8,1562,trending
,2026-04-24T20:16:22.466132,ETH,mean_reversion,shadow,long,2321.5,2318.97,2319.66,2321.5,-20.9,-110.9,1275,trending
,2026-04-24T20:16:24.573090,ETH,mean_reversion,paper,long,2319.7,2320.03,2319.7,2319.7,1.43,1.4,2866,trending
,2026-04-24T20:16:24.573862,ETH,mean_reversion,shadow,long,2321.42,2318.97,2319.66,2321.42,-20.57,-110.6,1684,trending
,2026-04-24T20:16:26.684164,ETH,mean_reversion,paper,short,2319.35,2319.5,2319.35,2319.35,-0.65,-0.7,2767,high_vol
,2026-04-24T20:16:26.684919,ETH,mean_reversion,shadow,short,2319.31,2320.18,2319.48,2319.31,-13.74,-103.7,343,high_vol
,2026-04-24T20:16:33.020796,BTC,mean_reversion,paper,long,77637.15,77651.0,77637.15,77637.15,1.78,1.8,3327,high_vol
,2026-04-24T20:16:33.039385,BTC,mean_reversion,shadow,long,77699.99,77625.72,77649.01,77699.99,-19.56,-109.6,829,high_vol
,2026-04-24T20:16:41.329914,BTC,mean_reversion,paper,short,77656.8,77656.31,77656.8,77656.8,0.06,0.1,2179,ranging
,2026-04-24T20:16:41.330691,BTC,mean_reversion,shadow,short,77645.59,77669.43,77646.14,77645.59,-13.07,-103.1,3177,ranging
,2026-04-24T20:17:12.739895,BTC,mean_reversion,paper,short,77631.76,77637.9,77631.76,77631.76,-0.79,-0.8,3326,ranging
,2026-04-24T20:17:12.740732,BTC,mean_reversion,shadow,short,77624.41,77647.77,77624.49,77624.41,-13.01,-103.0,2300,ranging
,2026-04-24T20:17:29.405360,ETH,mean_reversion,paper,short,2317.98,2318.33,2317.98,2317.98,-1.54,-1.5,2905,ranging
,2026-04-24T20:17:29.405816,ETH,mean_reversion,shadow,short,2318.47,2319.1,2318.4,2318.47,-12.72,-102.7,729,ranging
,2026-04-24T20:17:48.341870,BTC,mean_reversion,paper,short,77592.22,77602.22,77592.22,77592.22,-1.29,-1.3,1644,trending
,2026-04-24T20:17:48.342515,BTC,mean_reversion,shadow,short,77595.22,77610.75,77587.48,77595.22,-12.0,-102.0,3056,trending
,2026-04-24T20:17:56.633823,BTC,mean_reversion,paper,long,77600.3,77600.26,77600.3,77600.3,-0.01,-0.0,916,high_vol
,2026-04-24T20:17:56.634668,BTC,mean_reversion,shadow,long,77637.99,77564.15,77587.42,77637.99,-19.51,-109.5,3375,high_vol
,2026-04-24T20:17:58.695495,ETH,mean_reversion,paper,long,2318.13,2318.24,2318.13,2318.13,0.46,0.5,750,low_vol
,2026-04-24T20:17:58.695941,ETH,mean_reversion,shadow,long,2319.47,2317.26,2317.96,2319.47,-19.51,-109.5,3484,low_vol
,2026-04-24T20:18:09.091792,ETH,mean_reversion,paper,long,2317.53,2317.5,2317.53,2317.53,-0.14,-0.1,434,trending
,2026-04-24T20:18:09.092476,ETH,mean_reversion,shadow,long,2319.03,2316.81,2317.51,2319.03,-19.58,-109.6,301,trending
,2026-04-24T20:18:11.197708,ETH,mean_reversion,paper,long,2317.38,2317.29,2317.38,2317.38,-0.36,-0.4,1252,low_vol
,2026-04-24T20:18:11.198514,ETH,mean_reversion,shadow,long,2318.79,2316.8,2317.49,2318.79,-18.6,-108.6,2454,low_vol
,2026-04-24T20:18:44.628827,BTC,mean_reversion,paper,long,77575.39,77565.61,77575.39,77575.39,-1.26,-1.3,399,low_vol
,2026-04-24T20:18:44.629639,BTC,mean_reversion,shadow,long,77637.09,77555.28,77578.55,77637.09,-20.54,-110.5,3563,low_vol
,2026-04-24T20:18:53.044110,ETH,mean_reversion,paper,long,2318.06,2317.71,2318.06,2318.06,-1.52,-1.5,91,high_vol
,2026-04-24T20:18:53.044425,ETH,mean_reversion,shadow,long,2319.49,2317.07,2317.77,2319.49,-20.44,-110.4,3440,high_vol
,2026-04-24T20:18:59.356492,ETH,mean_reversion,paper,short,2317.32,2318.2,2317.32,2317.32,-3.79,-3.8,113,high_vol
,2026-04-24T20:18:59.357082,ETH,mean_reversion,shadow,short,2317.67,2318.46,2317.77,2317.67,-13.41,-103.4,1325,high_vol
,2026-04-24T20:19:05.666570,ETH,mean_reversion,paper,short,2317.26,2317.26,2317.26,2317.26,-0.02,-0.0,924,trending
,2026-04-24T20:19:05.667279,ETH,mean_reversion,shadow,short,2317.95,2318.4,2317.7,2317.95,-11.94,-101.9,170,trending
,2026-04-24T20:19:51.967599,BTC,mean_reversion,paper,long,77588.33,77603.42,77588.33,77588.33,1.94,1.9,3174,high_vol
,2026-04-24T20:19:51.969108,BTC,mean_reversion,shadow,long,77634.53,77566.17,77589.45,77634.53,-18.81,-108.8,1505,high_vol
,2026-04-24T20:20:13.040395,BTC,mean_reversion,paper,short,77607.68,77621.48,77607.68,77607.68,-1.78,-1.8,936,trending
,2026-04-24T20:20:13.040702,BTC,mean_reversion,shadow,short,77614.76,77643.92,77620.64,77614.76,-13.76,-103.8,1598,trending
,2026-04-24T20:20:21.388680,ETH,mean_reversion,paper,long,2318.73,2318.79,2318.73,2318.73,0.25,0.2,3116,high_vol
,2026-04-24T20:20:21.389266,ETH,mean_reversion,shadow,long,2320.65,2318.27,2318.97,2320.65,-20.23,-110.2,949,high_vol
,2026-04-24T20:20:35.996183,BTC,mean_reversion,paper,short,77601.1,77604.23,77601.1,77601.1,-0.4,-0.4,1784,high_vol
,2026-04-24T20:20:35.996709,BTC,mean_reversion,shadow,short,77608.46,77621.52,77598.24,77608.46,-11.68,-101.7,1795,high_vol
,2026-04-24T20:20:38.042048,ETH,mean_reversion,paper,short,2318.1,2318.48,2318.1,2318.1,-1.62,-1.6,1297,low_vol
,2026-04-24T20:20:38.042441,ETH,mean_reversion,shadow,short,2318.67,2318.94,2318.24,2318.67,-11.18,-101.2,1471,low_vol
,2026-04-24T20:20:44.329562,BTC,mean_reversion,paper,short,77612.87,77599.08,77612.87,77612.87,1.78,1.8,2343,trending
,2026-04-24T20:20:44.330150,BTC,mean_reversion,shadow,short,77602.04,77623.44,77600.15,77602.04,-12.76,-102.8,3146,trending
,2026-04-24T20:21:48.129535,BTC,mean_reversion,paper,short,77561.25,77537.98,77561.25,77561.25,3.0,3.0,1346,ranging
,2026-04-24T20:21:48.130380,BTC,mean_reversion,shadow,short,77546.02,77575.79,77552.52,77546.02,-13.84,-103.8,261,ranging
,2026-04-24T20:22:04.884466,ETH,mean_reversion,paper,short,2318.07,2317.77,2318.07,2318.07,1.3,1.3,356,high_vol
,2026-04-24T20:22:04.885273,ETH,mean_reversion,shadow,short,2318.0,2318.73,2318.03,2318.0,-13.16,-103.2,1713,high_vol
,2026-04-24T20:22:21.546241,ETH,mean_reversion,paper,long,2318.58,2318.67,2318.58,2318.58,0.39,0.4,2627,trending
,2026-04-24T20:22:21.547026,ETH,mean_reversion,shadow,long,2319.97,2317.8,2318.49,2319.97,-19.34,-109.3,1008,trending
,2026-04-24T20:22:27.739660,BTC,mean_reversion,paper,long,77572.3,77559.48,77572.3,77572.3,-1.65,-1.7,910,ranging
,2026-04-24T20:22:27.740296,BTC,mean_reversion,shadow,long,77603.19,77539.28,77562.54,77603.19,-18.24,-108.2,3230,ranging
,2026-04-24T20:23:03.369587,ETH,mean_reversion,paper,short,2318.54,2318.3,2318.54,2318.54,1.02,1.0,2911,low_vol
,2026-04-24T20:23:03.370229,ETH,mean_reversion,shadow,short,2318.48,2318.82,2318.12,2318.48,-11.45,-101.4,395,low_vol
,2026-04-24T20:23:32.695496,BTC,mean_reversion,paper,long,77551.42,77550.71,77551.42,77551.42,-0.09,-0.1,1209,trending
,2026-04-24T20:23:32.696068,BTC,mean_reversion,shadow,long,77588.59,77519.93,77543.2,77588.59,-18.85,-108.8,896,trending
,2026-04-24T20:23:38.948137,ETH,mean_reversion,paper,long,2317.22,2317.23,2317.22,2317.22,0.04,0.0,3187,low_vol
,2026-04-24T20:23:38.948967,ETH,mean_reversion,shadow,long,2319.26,2316.72,2317.41,2319.26,-20.96,-111.0,1148,low_vol
,2026-04-24T20:23:43.104132,ETH,mean_reversion,paper,short,2317.16,2317.47,2317.16,2317.16,-1.31,-1.3,3599,ranging
,2026-04-24T20:23:43.104829,ETH,mean_reversion,shadow,short,2317.49,2318.11,2317.41,2317.49,-12.66,-102.7,1406,ranging
,2026-04-24T20:23:47.323069,ETH,mean_reversion,paper,long,2317.93,2317.87,2317.93,2317.93,-0.25,-0.3,2962,trending
,2026-04-24T20:23:47.323683,ETH,mean_reversion,shadow,long,2318.91,2316.91,2317.61,2318.91,-18.64,-108.6,384,trending
,2026-04-24T20:24:08.351594,BTC,mean_reversion,paper,long,77550.38,77559.36,77550.38,77550.38,1.16,1.2,2132,high_vol
,2026-04-24T20:24:08.352390,BTC,mean_reversion,shadow,long,77601.71,77527.88,77551.14,77601.71,-19.51,-109.5,348,high_vol
,2026-04-24T20:24:18.893346,BTC,mean_reversion,paper,long,77547.35,77559.2,77547.35,77547.35,1.53,1.5,442,trending
,2026-04-24T20:24:18.893999,BTC,mean_reversion,shadow,long,77606.05,77527.88,77551.14,77606.05,-20.07,-110.1,720,trending
,2026-04-24T20:24:33.528284,BTC,mean_reversion,paper,long,77554.07,77536.45,77554.07,77554.07,-2.27,-2.3,1127,low_vol
,2026-04-24T20:24:33.528919,BTC,mean_reversion,shadow,long,77595.07,77517.88,77541.14,77595.07,-19.95,-109.9,155,low_vol
,2026-04-24T20:24:37.686553,ETH,mean_reversion,paper,long,2317.39,2317.73,2317.39,2317.39,1.45,1.5,2819,low_vol
,2026-04-24T20:24:37.687365,ETH,mean_reversion,shadow,long,2319.13,2317.1,2317.8,2319.13,-18.75,-108.8,138,low_vol
,2026-04-24T20:24:48.150978,ETH,mean_reversion,paper,short,2317.57,2317.64,2317.57,2317.57,-0.28,-0.3,1250,high_vol
,2026-04-24T20:24:48.151507,ETH,mean_reversion,shadow,short,2318.11,2318.45,2317.76,2318.11,-11.49,-101.5,212,high_vol
,2026-04-24T20:25:00.784660,BTC,mean_reversion,paper,long,77522.18,77527.42,77522.18,77522.18,0.68,0.7,2399,low_vol
,2026-04-24T20:25:00.785434,BTC,mean_reversion,shadow,long,77585.86,77512.08,77535.34,77585.86,-19.51,-109.5,806,low_vol
,2026-04-24T20:25:09.074694,ETH,mean_reversion,paper,short,2317.27,2317.01,2317.27,2317.27,1.1,1.1,711,high_vol
,2026-04-24T20:25:09.075317,ETH,mean_reversion,shadow,short,2317.02,2317.74,2317.05,2317.02,-13.1,-103.1,2363,high_vol
,2026-04-24T20:25:11.174424,BTC,mean_reversion,paper,short,77537.61,77537.27,77537.61,77537.61,0.04,0.0,2452,trending
,2026-04-24T20:25:11.175045,BTC,mean_reversion,shadow,short,77546.04,77554.82,77531.57,77546.04,-11.13,-101.1,742,trending
,2026-04-24T20:25:17.484140,BTC,mean_reversion,paper,short,77540.69,77521.48,77540.69,77540.69,2.48,2.5,1692,high_vol
,2026-04-24T20:25:17.484880,BTC,mean_reversion,shadow,short,77533.1,77553.84,77530.58,77533.1,-12.67,-102.7,2192,high_vol
,2026-04-24T20:25:38.378040,BTC,mean_reversion,paper,short,77525.78,77512.19,77525.78,77525.78,1.75,1.8,3137,low_vol
,2026-04-24T20:25:38.378597,BTC,mean_reversion,shadow,short,77523.62,77550.45,77527.2,77523.62,-13.46,-103.5,913,low_vol
,2026-04-24T20:25:40.490862,BTC,mean_reversion,paper,long,77523.05,77538.22,77523.05,77523.05,1.96,2.0,2290,low_vol
,2026-04-24T20:25:40.491638,BTC,mean_reversion,shadow,long,77586.68,77503.94,77527.2,77586.68,-20.66,-110.7,1490,low_vol
,2026-04-24T20:25:46.742608,ETH,mean_reversion,paper,short,2317.14,2317.68,2317.14,2317.14,-2.3,-2.3,627,ranging
,2026-04-24T20:25:46.743274,ETH,mean_reversion,shadow,short,2317.65,2318.19,2317.49,2317.65,-12.32,-102.3,1542,ranging
,2026-04-24T20:25:50.957862,ETH,mean_reversion,paper,long,2317.43,2317.34,2317.43,2317.43,-0.39,-0.4,1282,trending
,2026-04-24T20:25:50.958388,ETH,mean_reversion,shadow,long,2319.21,2316.8,2317.49,2319.21,-20.4,-110.4,937,trending
,2026-04-24T20:26:05.596654,BTC,mean_reversion,paper,long,77541.58,77538.42,77541.58,77541.58,-0.41,-0.4,1693,low_vol
,2026-04-24T20:26:05.597343,BTC,mean_reversion,shadow,long,77585.29,77509.74,77533.0,77585.29,-19.74,-109.7,362,low_vol
,2026-04-24T20:26:07.676153,ETH,mean_reversion,paper,long,2317.69,2317.96,2317.69,2317.69,1.17,1.2,273,high_vol
,2026-04-24T20:26:07.676632,ETH,mean_reversion,shadow,long,2319.2,2316.91,2317.61,2319.2,-19.89,-109.9,1471,high_vol
,2026-04-24T20:26:49.446451,BTC,mean_reversion,paper,long,77497.58,77482.93,77497.58,77497.58,-1.89,-1.9,2203,high_vol
,2026-04-24T20:26:49.446931,BTC,mean_reversion,shadow,long,77535.09,77470.03,77493.27,77535.09,-18.39,-108.4,3467,high_vol
,2026-04-24T20:27:29.239178,BTC,mean_reversion,paper,long,77564.12,77545.58,77564.12,77564.12,-2.39,-2.4,3148,trending
,2026-04-24T20:27:29.239975,BTC,mean_reversion,shadow,long,77606.44,77529.42,77552.68,77606.44,-19.92,-109.9,2784,trending
,2026-04-24T20:27:56.416236,BTC,mean_reversion,paper,short,77538.82,77554.3,77538.82,77538.82,-2.0,-2.0,1060,ranging
,2026-04-24T20:27:56.416681,BTC,mean_reversion,shadow,short,77545.07,77565.71,77542.45,77545.07,-12.66,-102.7,3548,ranging
,2026-04-24T20:27:58.455504,ETH,mean_reversion,paper,short,2317.15,2316.71,2317.15,2317.15,1.88,1.9,1583,low_vol
,2026-04-24T20:27:58.456292,ETH,mean_reversion,shadow,short,2317.11,2317.62,2316.93,2317.11,-12.21,-102.2,2177,low_vol
,2026-04-24T20:28:04.661384,BTC,mean_reversion,paper,short,77546.14,77559.57,77546.14,77546.14,-1.73,-1.7,3578,low_vol
,2026-04-24T20:28:04.662082,BTC,mean_reversion,shadow,short,77549.6,77572.25,77548.99,77549.6,-12.92,-102.9,990,low_vol
,2026-04-24T20:28:06.773295,BTC,mean_reversion,paper,short,77527.69,77554.9,77527.69,77527.69,-3.51,-3.5,1976,high_vol
,2026-04-24T20:28:06.773999,BTC,mean_reversion,shadow,short,77544.24,77566.16,77542.9,77544.24,-12.83,-102.8,1804,high_vol
,2026-04-24T20:28:25.572862,ETH,mean_reversion,paper,short,2317.23,2316.75,2317.23,2317.23,2.05,2.1,1617,ranging
,2026-04-24T20:28:25.573461,ETH,mean_reversion,shadow,short,2317.36,2317.65,2316.95,2317.36,-11.22,-101.2,376,ranging
,2026-04-24T20:28:46.478555,ETH,mean_reversion,paper,long,2317.26,2317.46,2317.26,2317.26,0.85,0.8,2554,low_vol
,2026-04-24T20:28:46.479372,ETH,mean_reversion,shadow,long,2318.59,2316.71,2317.4,2318.59,-18.11,-108.1,3483,low_vol
,2026-04-24T20:28:50.645642,BTC,mean_reversion,paper,long,77561.96,77568.69,77561.96,77561.96,0.87,0.9,3257,low_vol
,2026-04-24T20:28:50.646748,BTC,mean_reversion,shadow,long,77636.89,77553.98,77577.26,77636.89,-20.68,-110.7,807,low_vol
,2026-04-24T20:29:03.287857,BTC,mean_reversion,paper,short,77580.09,77580.25,77580.09,77580.09,-0.02,-0.0,1920,trending
,2026-04-24T20:29:03.288562,BTC,mean_reversion,shadow,short,77588.91,77611.09,77587.81,77588.91,-12.86,-102.9,2644,trending
,2026-04-24T20:29:17.945528,BTC,mean_reversion,paper,long,77569.09,77582.85,77569.09,77569.09,1.78,1.8,931,trending
,2026-04-24T20:29:17.946212,BTC,mean_reversion,shadow,long,77630.05,77559.94,77583.21,77630.05,-19.03,-109.0,2021,trending
,2026-04-24T20:29:22.165295,ETH,mean_reversion,paper,long,2317.33,2317.75,2317.33,2317.33,1.84,1.8,2642,high_vol
,2026-04-24T20:29:22.166070,ETH,mean_reversion,shadow,long,2318.86,2316.9,2317.6,2318.86,-18.44,-108.4,3457,high_vol
,2026-04-24T20:29:34.713069,ETH,mean_reversion,paper,short,2317.26,2317.2,2317.26,2317.26,0.23,0.2,1317,ranging
,2026-04-24T20:29:34.714742,ETH,mean_reversion,shadow,short,2317.6,2318.26,2317.57,2317.6,-12.85,-102.9,975,ranging
,2026-04-24T20:29:41.040085,ETH,mean_reversion,paper,long,2317.79,2316.95,2317.79,2317.79,-3.62,-3.6,1389,trending
,2026-04-24T20:29:41.040306,ETH,mean_reversion,shadow,long,2318.78,2316.69,2317.39,2318.78,-19.0,-109.0,2540,trending
,2026-04-24T20:30:12.343022,ETH,mean_reversion,paper,short,2318.28,2317.62,2318.28,2318.28,2.84,2.8,3466,high_vol
,2026-04-24T20:30:12.343355,ETH,mean_reversion,shadow,short,2317.98,2318.65,2317.95,2317.98,-12.87,-102.9,3588,high_vol
,2026-04-24T20:30:16.527918,BTC,mean_reversion,paper,long,77572.58,77557.76,77572.58,77572.58,-1.91,-1.9,1917,high_vol
,2026-04-24T20:30:16.528273,BTC,mean_reversion,shadow,long,77620.76,77541.8,77565.07,77620.76,-20.17,-110.2,99,high_vol
,2026-04-24T20:30:29.060335,BTC,mean_reversion,paper,short,77572.4,77564.75,77572.4,77572.4,0.99,1.0,824,high_vol
,2026-04-24T20:30:29.060690,BTC,mean_reversion,shadow,short,77558.61,77588.33,77565.07,77558.61,-13.83,-103.8,2316,high_vol
,2026-04-24T20:30:35.378872,ETH,mean_reversion,paper,long,2318.82,2318.02,2318.82,2318.82,-3.44,-3.4,2759,ranging
,2026-04-24T20:30:35.379475,ETH,mean_reversion,shadow,long,2319.96,2317.78,2318.47,2319.96,-19.42,-109.4,3504,ranging
,2026-04-24T20:31:13.349922,ETH,mean_reversion,paper,short,2318.82,2319.35,2318.82,2318.82,-2.28,-2.3,1205,ranging
,2026-04-24T20:31:13.351432,ETH,mean_reversion,shadow,short,2319.33,2319.75,2319.06,2319.33,-11.82,-101.8,610,ranging
,2026-04-24T20:31:26.047008,BTC,mean_reversion,paper,short,77600.45,77601.9,77600.45,77600.45,-0.19,-0.2,2842,low_vol
,2026-04-24T20:31:26.047409,BTC,mean_reversion,shadow,short,77587.76,77615.98,77592.71,77587.76,-13.64,-103.6,3502,low_vol
,2026-04-24T20:31:40.625856,ETH,mean_reversion,paper,short,2318.71,2318.43,2318.71,2318.71,1.22,1.2,101,trending
,2026-04-24T20:31:40.627374,ETH,mean_reversion,shadow,short,2318.63,2319.39,2318.69,2318.63,-13.26,-103.3,740,trending
,2026-04-24T20:31:53.237172,ETH,mean_reversion,paper,short,2318.68,2319.0,2318.68,2318.68,-1.39,-1.4,1571,ranging
,2026-04-24T20:31:53.237975,ETH,mean_reversion,shadow,short,2319.19,2319.62,2318.93,2319.19,-11.86,-101.9,2854,ranging
,2026-04-24T20:31:59.503910,ETH,mean_reversion,paper,long,2318.59,2318.55,2318.59,2318.59,-0.15,-0.2,2384,ranging
,2026-04-24T20:31:59.504436,ETH,mean_reversion,shadow,long,2320.69,2318.21,2318.9,2320.69,-20.7,-110.7,1089,ranging
,2026-04-24T20:32:05.832503,BTC,mean_reversion,paper,long,77563.43,77569.57,77563.43,77563.43,0.79,0.8,1537,trending
,2026-04-24T20:32:05.833355,BTC,mean_reversion,shadow,long,77615.3,77551.18,77574.46,77615.3,-18.26,-108.3,1651,trending
,2026-04-24T20:32:45.706183,ETH,mean_reversion,paper,short,2320.68,2320.75,2320.68,2320.68,-0.31,-0.3,2557,low_vol
,2026-04-24T20:32:45.706776,ETH,mean_reversion,shadow,short,2320.72,2321.38,2320.68,2320.72,-12.86,-102.9,641,low_vol
,2026-04-24T20:32:52.000255,BTC,mean_reversion,paper,long,77577.15,77582.06,77577.15,77577.15,0.63,0.6,1145,low_vol
,2026-04-24T20:32:52.000938,BTC,mean_reversion,shadow,long,77632.94,77558.17,77581.45,77632.94,-19.63,-109.6,909,low_vol
,2026-04-24T20:33:06.700225,BTC,mean_reversion,paper,long,77577.64,77593.09,77577.64,77577.64,1.99,2.0,1353,high_vol
,2026-04-24T20:33:06.700773,BTC,mean_reversion,shadow,long,77643.22,77563.66,77586.93,77643.22,-20.25,-110.2,1021,high_vol
,2026-04-24T20:33:25.543649,ETH,mean_reversion,paper,short,2320.78,2320.49,2320.78,2320.78,1.24,1.2,2539,trending
,2026-04-24T20:33:25.544007,ETH,mean_reversion,shadow,short,2320.87,2321.3,2320.61,2320.87,-11.86,-101.9,360,trending
,2026-04-24T20:33:52.720641,ETH,mean_reversion,paper,long,2321.04,2320.83,2321.04,2321.04,-0.91,-0.9,2162,ranging
,2026-04-24T20:33:52.722207,ETH,mean_reversion,shadow,long,2322.22,2320.18,2320.88,2322.22,-18.77,-108.8,3132,ranging
,2026-04-24T20:34:03.142195,BTC,mean_reversion,paper,short,77592.15,77598.21,77592.15,77592.15,-0.78,-0.8,964,low_vol
,2026-04-24T20:34:03.142958,BTC,mean_reversion,shadow,short,77608.49,77618.23,77594.96,77608.49,-11.26,-101.3,1836,low_vol
,2026-04-24T20:34:05.257584,BTC,mean_reversion,paper,long,77579.04,77579.28,77579.04,77579.04,0.03,0.0,3332,high_vol
,2026-04-24T20:34:05.258356,BTC,mean_reversion,shadow,long,77636.31,77560.04,77583.32,77636.31,-19.82,-109.8,2923,high_vol
,2026-04-24T20:34:19.956281,ETH,mean_reversion,paper,short,2320.94,2320.51,2320.94,2320.94,1.86,1.9,753,low_vol
,2026-04-24T20:34:19.957163,ETH,mean_reversion,shadow,short,2320.68,2321.6,2320.9,2320.68,-13.96,-104.0,3504,low_vol
,2026-04-24T20:34:53.478766,BTC,mean_reversion,paper,short,77591.53,77603.89,77591.53,77591.53,-1.59,-1.6,3208,ranging
,2026-04-24T20:34:53.479435,BTC,mean_reversion,shadow,short,77595.7,77615.28,77592.01,77595.7,-12.52,-102.5,149,ranging
,2026-04-24T20:35:03.956127,ETH,mean_reversion,paper,long,2320.5,2321.35,2320.5,2320.5,3.65,3.6,1406,trending
,2026-04-24T20:35:03.956853,ETH,mean_reversion,shadow,long,2322.69,2320.2,2320.89,2322.69,-20.72,-110.7,1809,trending
,2026-04-24T20:35:08.136050,BTC,mean_reversion,paper,long,77582.55,77595.79,77582.55,77582.55,1.71,1.7,1431,ranging
,2026-04-24T20:35:08.136803,BTC,mean_reversion,shadow,long,77636.31,77569.42,77592.7,77636.31,-18.62,-108.6,3567,ranging
,2026-04-24T20:38:18.526854,ETH,mean_reversion,paper,short,2324.66,2324.68,2324.66,2324.66,-0.09,-0.1,729,trending
,2026-04-24T20:38:18.528721,ETH,mean_reversion,shadow,short,2324.73,2325.23,2324.53,2324.73,-12.17,-102.2,468,trending
,2026-04-24T20:38:20.571538,BTC,mean_reversion,paper,long,77654.15,77680.4,77654.15,77654.15,3.38,3.4,3478,low_vol
,2026-04-24T20:38:20.572343,BTC,mean_reversion,shadow,long,77712.85,77644.43,77667.74,77712.85,-18.8,-108.8,486,low_vol
,2026-04-24T20:38:22.614599,ETH,mean_reversion,paper,short,2323.84,2324.47,2323.84,2323.84,-2.71,-2.7,784,low_vol
,2026-04-24T20:38:22.615252,ETH,mean_reversion,shadow,short,2324.51,2324.85,2324.15,2324.51,-11.47,-101.5,2965,low_vol
,2026-04-24T20:38:26.696719,BTC,mean_reversion,paper,short,77679.13,77681.65,77679.13,77679.13,-0.32,-0.3,1062,high_vol
,2026-04-24T20:38:26.697535,BTC,mean_reversion,shadow,short,77665.26,77691.65,77668.35,77665.26,-13.4,-103.4,2457,high_vol
,2026-04-24T20:38:32.829002,ETH,mean_reversion,paper,short,2323.73,2324.25,2323.73,2323.73,-2.25,-2.3,3490,low_vol
,2026-04-24T20:38:32.829832,ETH,mean_reversion,shadow,short,2323.9,2324.8,2324.1,2323.9,-13.85,-103.9,391,low_vol
,2026-04-24T20:38:45.053543,BTC,mean_reversion,paper,long,77657.86,77661.35,77657.86,77657.86,0.45,0.4,941,low_vol
,2026-04-24T20:38:45.055008,BTC,mean_reversion,shadow,long,77727.34,77642.82,77666.11,77727.34,-20.87,-110.9,3078,low_vol
,2026-04-24T20:38:51.182678,ETH,mean_reversion,paper,short,2324.44,2323.97,2324.44,2324.44,2.01,2.0,2195,low_vol
,2026-04-24T20:38:51.183342,ETH,mean_reversion,shadow,short,2324.22,2324.72,2324.03,2324.22,-12.17,-102.2,2662,low_vol
,2026-04-24T20:39:07.534366,BTC,mean_reversion,paper,long,77679.8,77662.29,77679.8,77679.8,-2.26,-2.3,2418,trending
,2026-04-24T20:39:07.535167,BTC,mean_reversion,shadow,long,77728.15,77653.64,77676.95,77728.15,-19.59,-109.6,2537,trending
,2026-04-24T20:39:19.797295,BTC,mean_reversion,paper,short,77660.14,77661.64,77660.14,77660.14,-0.19,-0.2,2266,low_vol
,2026-04-24T20:39:19.797979,BTC,mean_reversion,shadow,short,77666.7,77693.7,77670.39,77666.7,-13.48,-103.5,3567,low_vol
,2026-04-24T20:39:25.923863,BTC,mean_reversion,paper,short,77680.68,77676.31,77680.68,77680.68,0.56,0.6,273,ranging
,2026-04-24T20:39:25.924357,BTC,mean_reversion,shadow,short,77677.38,77700.1,77676.79,77677.38,-12.93,-102.9,895,ranging
,2026-04-24T20:39:36.121666,ETH,mean_reversion,paper,short,2325.67,2325.82,2325.67,2325.67,-0.67,-0.7,1987,high_vol
,2026-04-24T20:39:36.122523,ETH,mean_reversion,shadow,short,2325.86,2326.63,2325.93,2325.86,-13.29,-103.3,1167,high_vol
,2026-04-24T20:39:38.165043,BTC,mean_reversion,paper,long,77681.45,77680.86,77681.45,77681.45,-0.08,-0.1,2856,trending
,2026-04-24T20:39:38.165855,BTC,mean_reversion,shadow,long,77737.24,77660.21,77683.51,77737.24,-19.91,-109.9,441,trending
,2026-04-24T20:39:54.495279,ETH,mean_reversion,paper,short,2326.0,2325.94,2326.0,2326.0,0.24,0.2,1003,trending
,2026-04-24T20:39:54.495834,ETH,mean_reversion,shadow,short,2326.2,2326.61,2325.91,2326.2,-11.76,-101.8,809,trending
,2026-04-24T20:40:06.737433,BTC,mean_reversion,paper,short,77669.75,77673.91,77669.75,77669.75,-0.54,-0.5,761,low_vol
,2026-04-24T20:40:06.738171,BTC,mean_reversion,shadow,short,77694.19,77706.82,77683.51,77694.19,-11.62,-101.6,259,low_vol
,2026-04-24T20:40:16.946401,ETH,mean_reversion,paper,long,2325.4,2325.29,2325.4,2325.4,-0.49,-0.5,3271,trending
,2026-04-24T20:40:16.946998,ETH,mean_reversion,shadow,long,2327.23,2325.04,2325.74,2327.23,-19.41,-109.4,1406,trending
,2026-04-24T20:40:23.059971,BTC,mean_reversion,paper,short,77695.07,77669.53,77695.07,77695.07,3.29,3.3,2513,low_vol
,2026-04-24T20:40:23.060773,BTC,mean_reversion,shadow,short,77694.6,77705.09,77681.79,77694.6,-11.35,-101.3,1530,low_vol
,2026-04-24T20:40:43.502079,ETH,mean_reversion,paper,long,2324.48,2324.13,2324.48,2324.48,-1.51,-1.5,650,ranging
,2026-04-24T20:40:43.502909,ETH,mean_reversion,shadow,long,2326.02,2323.75,2324.44,2326.02,-19.79,-109.8,3255,ranging
,2026-04-24T20:41:05.967694,ETH,mean_reversion,paper,short,2324.92,2325.18,2324.92,2324.92,-1.13,-1.1,1171,high_vol
,2026-04-24T20:41:05.968400,ETH,mean_reversion,shadow,short,2325.31,2325.7,2325.01,2325.31,-11.69,-101.7,2889,high_vol
,2026-04-24T20:41:24.351665,ETH,mean_reversion,paper,short,2325.67,2325.18,2325.67,2325.67,2.14,2.1,996,high_vol
,2026-04-24T20:41:24.352486,ETH,mean_reversion,shadow,short,2325.1,2326.02,2325.32,2325.1,-13.94,-103.9,2936,high_vol
,2026-04-24T20:41:28.438424,BTC,mean_reversion,paper,short,77673.25,77671.32,77673.25,77673.25,0.25,0.2,1275,trending
,2026-04-24T20:41:28.439236,BTC,mean_reversion,shadow,short,77662.64,77686.35,77663.05,77662.64,-13.05,-103.1,528,trending
,2026-04-24T20:41:40.704081,ETH,mean_reversion,paper,short,2325.14,2325.11,2325.14,2325.14,0.13,0.1,564,trending
,2026-04-24T20:41:40.704740,ETH,mean_reversion,shadow,short,2325.59,2325.85,2325.15,2325.59,-11.14,-101.1,1561,trending
,2026-04-24T20:41:44.789613,BTC,mean_reversion,paper,long,77674.58,77663.95,77674.58,77674.58,-1.37,-1.4,300,high_vol
,2026-04-24T20:41:44.790345,BTC,mean_reversion,shadow,long,77698.77,77635.82,77659.11,77698.77,-18.1,-108.1,856,high_vol
,2026-04-24T20:42:07.213571,ETH,mean_reversion,paper,short,2325.21,2325.09,2325.21,2325.21,0.52,0.5,2551,ranging
,2026-04-24T20:42:07.214768,ETH,mean_reversion,shadow,short,2324.97,2325.85,2325.15,2324.97,-13.79,-103.8,2762,ranging
,2026-04-24T20:42:21.470010,BTC,mean_reversion,paper,short,77661.18,77661.22,77661.18,77661.18,-0.0,-0.0,2443,ranging
,2026-04-24T20:42:21.470665,BTC,mean_reversion,shadow,short,77651.59,77680.57,77657.27,77651.59,-13.73,-103.7,2788,ranging
,2026-04-24T20:42:31.686518,BTC,mean_reversion,paper,long,77670.02,77667.94,77670.02,77670.02,-0.27,-0.3,3017,ranging
,2026-04-24T20:42:31.687182,BTC,mean_reversion,shadow,long,77713.77,77633.98,77657.27,77713.77,-20.27,-110.3,1652,ranging
,2026-04-24T20:42:41.919966,BTC,mean_reversion,paper,short,77644.84,77654.36,77644.84,77644.84,-1.23,-1.2,997,high_vol
,2026-04-24T20:42:41.920338,BTC,mean_reversion,shadow,short,77672.16,77680.57,77657.27,77672.16,-11.08,-101.1,1738,high_vol
,2026-04-24T20:42:52.110284,ETH,mean_reversion,paper,long,2324.75,2324.97,2324.75,2324.75,0.92,0.9,1060,low_vol
,2026-04-24T20:42:52.111099,ETH,mean_reversion,shadow,long,2326.64,2324.43,2325.12,2326.64,-19.52,-109.5,3059,low_vol
,2026-04-24T20:43:12.543033,BTC,mean_reversion,paper,long,77649.45,77650.87,77649.45,77649.45,0.18,0.2,175,low_vol
,2026-04-24T20:43:12.543844,BTC,mean_reversion,shadow,long,77714.59,77637.04,77660.34,77714.59,-19.98,-110.0,3362,low_vol
,2026-04-24T20:43:14.590210,BTC,mean_reversion,paper,short,77651.33,77656.22,77651.33,77651.33,-0.63,-0.6,1808,high_vol
,2026-04-24T20:43:14.591020,BTC,mean_reversion,shadow,short,77663.43,77683.05,77659.76,77663.43,-12.53,-102.5,2759,high_vol
,2026-04-24T20:43:28.917797,ETH,mean_reversion,paper,long,2324.64,2324.53,2324.64,2324.64,-0.51,-0.5,2291,trending
,2026-04-24T20:43:28.918088,ETH,mean_reversion,shadow,long,2326.01,2323.83,2324.53,2326.01,-19.36,-109.4,3542,trending
,2026-04-24T20:43:45.231959,ETH,mean_reversion,paper,long,2324.9,2324.99,2324.9,2324.9,0.42,0.4,1367,high_vol
,2026-04-24T20:43:45.232733,ETH,mean_reversion,shadow,long,2326.63,2324.11,2324.81,2326.63,-20.83,-110.8,361,high_vol
,2026-04-24T20:44:01.592019,ETH,mean_reversion,paper,long,2324.88,2325.3,2324.88,2324.88,1.79,1.8,859,trending
,2026-04-24T20:44:01.592721,ETH,mean_reversion,shadow,long,2326.18,2324.2,2324.89,2326.18,-18.51,-108.5,1955,trending
,2026-04-24T20:44:09.771082,ETH,mean_reversion,paper,short,2324.75,2325.11,2324.75,2324.75,-1.55,-1.5,2620,low_vol
,2026-04-24T20:44:09.771476,ETH,mean_reversion,shadow,short,2324.54,2325.41,2324.72,2324.54,-13.77,-103.8,2544,low_vol
,2026-04-24T20:44:19.951220,ETH,mean_reversion,paper,long,2324.53,2324.98,2324.53,2324.53,1.94,1.9,1017,low_vol
,2026-04-24T20:44:19.951740,ETH,mean_reversion,shadow,long,2326.66,2324.12,2324.82,2326.66,-20.95,-110.9,3432,low_vol
,2026-04-24T20:44:26.065201,BTC,mean_reversion,paper,long,77658.92,77643.15,77658.92,77658.92,-2.03,-2.0,2883,high_vol
,2026-04-24T20:44:26.065964,BTC,mean_reversion,shadow,long,77702.5,77631.67,77654.96,77702.5,-19.12,-109.1,2904,high_vol
,2026-04-24T20:44:38.306888,BTC,mean_reversion,paper,long,77649.44,77669.55,77649.44,77649.44,2.59,2.6,1742,ranging
,2026-04-24T20:44:38.307450,BTC,mean_reversion,shadow,long,77707.51,77631.6,77654.89,77707.51,-19.77,-109.8,2231,ranging
,2026-04-24T20:44:44.426473,BTC,mean_reversion,paper,short,77665.12,77646.76,77665.12,77665.12,2.36,2.4,1830,low_vol
,2026-04-24T20:44:44.427283,BTC,mean_reversion,shadow,short,77657.78,77678.16,77654.86,77657.78,-12.62,-102.6,2361,low_vol
,2026-04-24T20:44:58.736900,BTC,mean_reversion,paper,short,77635.88,77649.73,77635.88,77635.88,-1.78,-1.8,88,high_vol
,2026-04-24T20:44:58.738573,BTC,mean_reversion,shadow,short,77642.39,77670.75,77647.46,77642.39,-13.65,-103.7,2222,high_vol
,2026-04-24T20:45:31.446023,BTC,mean_reversion,paper,short,77665.09,77682.14,77665.09,77665.09,-2.2,-2.2,1063,trending
,2026-04-24T20:45:31.446697,BTC,mean_reversion,shadow,short,77675.41,77703.54,77680.24,77675.41,-13.62,-103.6,277,trending
,2026-04-24T20:45:49.872998,ETH,mean_reversion,paper,long,2325.13,2324.95,2325.13,2325.13,-0.79,-0.8,768,low_vol
,2026-04-24T20:45:49.904851,ETH,mean_reversion,shadow,long,2326.4,2324.47,2325.16,2326.4,-18.31,-108.3,1499,low_vol
,2026-04-24T20:46:02.128392,BTC,mean_reversion,paper,short,77672.11,77671.48,77672.11,77672.11,0.08,0.1,699,trending
,2026-04-24T20:46:02.128952,BTC,mean_reversion,shadow,short,77684.58,77699.47,77676.17,77684.58,-11.92,-101.9,3402,trending
,2026-04-24T20:46:10.304026,ETH,mean_reversion,paper,short,2325.31,2324.88,2325.31,2325.31,1.83,1.8,3556,trending
,2026-04-24T20:46:10.304670,ETH,mean_reversion,shadow,short,2325.62,2325.86,2325.16,2325.62,-11.04,-101.0,1809,trending
,2026-04-24T20:46:28.678233,ETH,mean_reversion,paper,long,2325.4,2324.95,2325.4,2325.4,-1.92,-1.9,2596,high_vol
,2026-04-24T20:46:28.679321,ETH,mean_reversion,shadow,long,2326.5,2324.42,2325.11,2326.5,-18.94,-108.9,287,high_vol
,2026-04-24T20:47:07.490512,ETH,mean_reversion,paper,long,2324.74,2324.64,2324.74,2324.74,-0.41,-0.4,3433,trending
,2026-04-24T20:47:07.491313,ETH,mean_reversion,shadow,long,2326.84,2324.36,2325.06,2326.84,-20.65,-110.7,2584,trending
,2026-04-24T20:47:19.760365,BTC,mean_reversion,paper,long,77684.34,77683.06,77684.34,77684.34,-0.17,-0.2,3224,ranging
,2026-04-24T20:47:19.760976,BTC,mean_reversion,shadow,long,77733.67,77655.11,77678.42,77733.67,-20.11,-110.1,2779,ranging
,2026-04-24T20:47:27.945877,BTC,mean_reversion,paper,long,77686.22,77693.29,77686.22,77686.22,0.91,0.9,2728,high_vol
,2026-04-24T20:47:27.946379,BTC,mean_reversion,shadow,long,77740.07,77655.7,77679.01,77740.07,-20.85,-110.9,3592,high_vol
,2026-04-24T20:47:29.986386,BTC,mean_reversion,paper,short,77679.55,77684.16,77679.55,77679.55,-0.59,-0.6,1742,trending
,2026-04-24T20:47:29.987063,BTC,mean_reversion,shadow,short,77688.63,77701.76,77678.46,77688.63,-11.69,-101.7,3142,trending
,2026-04-24T20:47:32.030187,BTC,mean_reversion,paper,short,77686.29,77672.57,77686.29,77686.29,1.77,1.8,3558,trending
,2026-04-24T20:47:32.031019,BTC,mean_reversion,shadow,short,77693.04,77701.76,77678.46,77693.04,-11.12,-101.1,194,trending
,2026-04-24T20:47:34.076674,ETH,mean_reversion,paper,short,2325.28,2324.96,2325.28,2325.28,1.38,1.4,489,low_vol
,2026-04-24T20:47:34.077508,ETH,mean_reversion,shadow,short,2325.22,2326.02,2325.32,2325.22,-13.47,-103.5,1821,low_vol
,2026-04-24T20:48:00.653295,ETH,mean_reversion,paper,long,2325.32,2326.03,2325.32,2325.32,3.05,3.1,3396,ranging
,2026-04-24T20:48:00.654104,ETH,mean_reversion,shadow,long,2327.14,2325.02,2325.72,2327.14,-19.14,-109.1,1890,ranging
,2026-04-24T20:48:19.036850,BTC,mean_reversion,paper,short,77659.2,77679.98,77659.2,77659.2,-2.68,-2.7,69,ranging
,2026-04-24T20:48:19.037346,BTC,mean_reversion,shadow,short,77688.23,77696.99,77673.68,77688.23,-11.13,-101.1,3185,ranging
,2026-04-24T20:48:21.082023,BTC,mean_reversion,paper,short,77664.27,77688.04,77664.27,77664.27,-3.06,-3.1,255,low_vol
,2026-04-24T20:48:21.082868,BTC,mean_reversion,shadow,short,77684.9,77696.97,77673.67,77684.9,-11.55,-101.6,1360,low_vol
,2026-04-24T20:48:51.768155,ETH,mean_reversion,paper,long,2325.34,2324.8,2325.34,2325.34,-2.32,-2.3,2026,trending
,2026-04-24T20:48:51.768979,ETH,mean_reversion,shadow,long,2326.76,2324.4,2325.1,2326.76,-20.13,-110.1,2169,trending
,2026-04-24T20:49:04.022215,BTC,mean_reversion,paper,long,77672.43,77653.44,77672.43,77672.43,-2.44,-2.4,2699,low_vol
,2026-04-24T20:49:04.023883,BTC,mean_reversion,shadow,long,77723.73,77639.67,77662.96,77723.73,-20.82,-110.8,1627,low_vol
,2026-04-24T20:49:08.117310,BTC,mean_reversion,paper,short,77663.19,77665.26,77663.19,77663.19,-0.27,-0.3,679,ranging
,2026-04-24T20:49:08.118141,BTC,mean_reversion,shadow,short,77673.7,77685.63,77662.33,77673.7,-11.54,-101.5,3521,ranging
,2026-04-24T20:49:10.164987,BTC,mean_reversion,paper,long,77664.35,77655.79,77664.35,77664.35,-1.1,-1.1,1262,low_vol
,2026-04-24T20:49:10.165805,BTC,mean_reversion,shadow,long,77724.22,77639.04,77662.33,77724.22,-20.96,-111.0,2679,low_vol
,2026-04-24T20:49:49.041149,ETH,mean_reversion,paper,short,2325.62,2325.36,2325.62,2325.62,1.13,1.1,3571,high_vol
,2026-04-24T20:49:49.042703,ETH,mean_reversion,shadow,short,2324.99,2325.89,2325.19,2324.99,-13.84,-103.8,1745,high_vol
,2026-04-24T20:49:53.138057,ETH,mean_reversion,paper,long,2324.8,2324.89,2324.8,2324.8,0.38,0.4,3228,high_vol
,2026-04-24T20:49:53.138787,ETH,mean_reversion,shadow,long,2326.69,2324.47,2325.17,2326.69,-19.55,-109.6,1988,high_vol
,2026-04-24T20:50:09.513647,BTC,mean_reversion,paper,long,77673.59,77655.46,77673.59,77673.59,-2.33,-2.3,563,low_vol
,2026-04-24T20:50:09.514331,BTC,mean_reversion,shadow,long,77728.65,77644.03,77667.33,77728.65,-20.89,-110.9,2848,low_vol
,2026-04-24T20:50:13.607629,BTC,mean_reversion,paper,short,77675.18,77674.4,77675.18,77675.18,0.1,0.1,2899,trending
,2026-04-24T20:50:13.608433,BTC,mean_reversion,shadow,short,77681.79,77690.64,77667.33,77681.79,-11.14,-101.1,962,trending
,2026-04-24T20:50:17.700500,ETH,mean_reversion,paper,short,2325.73,2325.22,2325.73,2325.73,2.19,2.2,1940,trending
,2026-04-24T20:50:17.701279,ETH,mean_reversion,shadow,short,2325.2,2326.06,2325.36,2325.2,-13.67,-103.7,1123,trending
,2026-04-24T20:50:19.748248,BTC,mean_reversion,paper,short,77671.96,77661.77,77671.96,77671.96,1.31,1.3,3191,low_vol
,2026-04-24T20:50:19.749065,BTC,mean_reversion,shadow,short,77665.52,77690.64,77667.33,77665.52,-13.23,-103.2,3465,low_vol
,2026-04-24T20:50:38.150899,BTC,mean_reversion,paper,short,77673.39,77682.32,77673.39,77673.39,-1.15,-1.1,2332,trending
,2026-04-24T20:50:38.151713,BTC,mean_reversion,shadow,short,77672.22,77699.19,77675.89,77672.22,-13.47,-103.5,3165,trending
,2026-04-24T20:51:06.766269,ETH,mean_reversion,paper,short,2324.99,2325.08,2324.99,2324.99,-0.35,-0.4,221,ranging
,2026-04-24T20:51:06.767925,ETH,mean_reversion,shadow,short,2325.91,2326.15,2325.45,2325.91,-11.05,-101.0,163,ranging
,2026-04-24T20:51:08.812372,BTC,mean_reversion,paper,long,77665.28,77666.29,77665.28,77665.28,0.13,0.1,2301,low_vol
,2026-04-24T20:51:08.812905,BTC,mean_reversion,shadow,long,77730.94,77650.78,77674.08,77730.94,-20.31,-110.3,1661,low_vol
,2026-04-24T20:51:27.193656,BTC,mean_reversion,paper,long,77669.62,77675.98,77669.62,77669.62,0.82,0.8,1992,trending
,2026-04-24T20:51:27.195015,BTC,mean_reversion,shadow,long,77738.64,77659.4,77682.71,77738.64,-20.19,-110.2,1211,trending
,2026-04-24T20:51:33.336386,ETH,mean_reversion,paper,long,2325.28,2325.37,2325.28,2325.28,0.36,0.4,3496,ranging
,2026-04-24T20:51:33.337067,ETH,mean_reversion,shadow,long,2326.88,2325.02,2325.72,2326.88,-18.01,-108.0,1366,ranging
,2026-04-24T20:51:59.961592,ETH,mean_reversion,paper,long,2325.89,2325.72,2325.89,2325.89,-0.73,-0.7,2750,low_vol
,2026-04-24T20:51:59.962273,ETH,mean_reversion,shadow,long,2326.97,2325.09,2325.78,2326.97,-18.1,-108.1,929,low_vol
,2026-04-24T20:52:10.201111,ETH,mean_reversion,paper,long,2326.09,2325.32,2326.09,2326.09,-3.31,-3.3,1726,ranging
,2026-04-24T20:52:10.201782,ETH,mean_reversion,shadow,long,2327.25,2325.09,2325.78,2327.25,-19.29,-109.3,1530,ranging
,2026-04-24T20:52:20.444518,ETH,mean_reversion,paper,short,2325.14,2325.5,2325.14,2325.14,-1.56,-1.6,1675,low_vol
,2026-04-24T20:52:20.445273,ETH,mean_reversion,shadow,short,2325.66,2326.3,2325.61,2325.66,-12.76,-102.8,1034,low_vol
,2026-04-24T20:52:22.492779,BTC,mean_reversion,paper,long,77687.23,77673.41,77687.23,77687.23,-1.78,-1.8,1777,ranging
,2026-04-24T20:52:22.493611,BTC,mean_reversion,shadow,long,77729.31,77665.33,77688.64,77729.31,-18.23,-108.2,2910,ranging
,2026-04-24T20:52:28.636403,ETH,mean_reversion,paper,short,2325.85,2325.85,2325.85,2325.85,0.01,0.0,3059,trending
,2026-04-24T20:52:28.637153,ETH,mean_reversion,shadow,short,2325.46,2326.14,2325.44,2325.46,-12.9,-102.9,1460,trending
,2026-04-24T20:52:51.143352,BTC,mean_reversion,paper,short,77689.07,77676.1,77689.07,77689.07,1.67,1.7,2311,high_vol
,2026-04-24T20:52:51.144169,BTC,mean_reversion,shadow,short,77693.03,77709.02,77685.71,77693.03,-12.06,-102.1,98,high_vol
,2026-04-24T20:52:57.286391,BTC,mean_reversion,paper,long,77699.93,77673.66,77699.93,77699.93,-3.38,-3.4,751,low_vol
,2026-04-24T20:52:57.287033,BTC,mean_reversion,shadow,long,77728.55,77663.58,77686.89,77728.55,-18.36,-108.4,1298,low_vol
,2026-04-24T20:53:05.480935,ETH,mean_reversion,paper,short,2326.01,2326.08,2326.01,2326.01,-0.31,-0.3,61,high_vol
,2026-04-24T20:53:05.481732,ETH,mean_reversion,shadow,short,2326.04,2326.64,2325.94,2326.04,-12.58,-102.6,607,high_vol
,2026-04-24T20:53:38.156558,BTC,mean_reversion,paper,short,77678.93,77680.07,77678.93,77678.93,-0.15,-0.1,2232,low_vol
,2026-04-24T20:53:38.158245,BTC,mean_reversion,shadow,short,77692.71,77717.21,77693.9,77692.71,-13.15,-103.2,1571,low_vol
,2026-04-24T20:53:44.299248,BTC,mean_reversion,paper,long,77704.11,77696.38,77704.11,77704.11,-0.99,-1.0,107,high_vol
,2026-04-24T20:53:44.300003,BTC,mean_reversion,shadow,long,77744.52,77668.15,77691.46,77744.52,-19.82,-109.8,2372,high_vol
,2026-04-24T20:53:56.582719,ETH,mean_reversion,paper,short,2326.31,2326.43,2326.31,2326.31,-0.52,-0.5,2500,trending
,2026-04-24T20:53:56.583547,ETH,mean_reversion,shadow,short,2326.16,2326.68,2325.98,2326.16,-12.26,-102.3,2688,trending
,2026-04-24T20:53:58.630992,BTC,mean_reversion,paper,long,77688.7,77690.56,77688.7,77688.7,0.24,0.2,1393,ranging
,2026-04-24T20:53:58.631819,BTC,mean_reversion,shadow,long,77724.21,77653.66,77676.96,77724.21,-19.08,-109.1,1629,ranging
,2026-04-24T20:54:17.034497,BTC,mean_reversion,paper,short,77673.6,77683.9,77673.6,77673.6,-1.33,-1.3,256,low_vol
,2026-04-24T20:54:17.035296,BTC,mean_reversion,shadow,short,77676.41,77698.09,77674.79,77676.41,-12.79,-102.8,1024,low_vol
,2026-04-24T20:54:23.172682,BTC,mean_reversion,paper,short,77676.93,77680.53,77676.93,77676.93,-0.46,-0.5,1761,trending
,2026-04-24T20:54:23.173272,BTC,mean_reversion,shadow,short,77667.71,77698.09,77674.79,77667.71,-13.91,-103.9,2934,trending
,2026-04-24T20:54:25.216941,ETH,mean_reversion,paper,short,2326.22,2326.28,2326.22,2326.22,-0.28,-0.3,194,high_vol
,2026-04-24T20:54:25.217544,ETH,mean_reversion,shadow,short,2325.9,2326.52,2325.82,2325.9,-12.69,-102.7,2202,high_vol
,2026-04-24T20:54:27.262058,BTC,mean_reversion,paper,short,77686.99,77669.01,77686.99,77686.99,2.31,2.3,1756,high_vol
,2026-04-24T20:54:27.262916,BTC,mean_reversion,shadow,short,77686.87,77698.94,77675.64,77686.87,-11.55,-101.6,2490,high_vol
,2026-04-24T20:54:39.543616,ETH,mean_reversion,paper,short,2325.91,2325.73,2325.91,2325.91,0.77,0.8,3205,low_vol
,2026-04-24T20:54:39.544397,ETH,mean_reversion,shadow,short,2326.12,2326.52,2325.82,2326.12,-11.74,-101.7,443,low_vol
,2026-04-24T20:54:43.638587,ETH,mean_reversion,paper,short,2326.33,2325.71,2326.33,2326.33,2.68,2.7,1415,high_vol
,2026-04-24T20:54:43.639395,ETH,mean_reversion,shadow,short,2326.32,2326.65,2325.95,2326.32,-11.44,-101.4,1635,high_vol
,2026-04-24T20:54:45.686096,BTC,mean_reversion,paper,long,77685.55,77690.02,77685.55,77685.55,0.57,0.6,1750,high_vol
,2026-04-24T20:54:45.686805,BTC,mean_reversion,shadow,long,77735.26,77661.43,77684.74,77735.26,-19.5,-109.5,2100,high_vol
,2026-04-24T20:55:08.153791,ETH,mean_reversion,paper,long,2326.81,2326.77,2326.81,2326.81,-0.19,-0.2,2089,low_vol
,2026-04-24T20:55:08.154508,ETH,mean_reversion,shadow,long,2328.04,2325.75,2326.45,2328.04,-19.83,-109.8,2217,low_vol
,2026-04-24T20:55:14.297113,BTC,mean_reversion,paper,long,77681.22,77674.51,77681.22,77681.22,-0.86,-0.9,2101,ranging
,2026-04-24T20:55:14.297914,BTC,mean_reversion,shadow,long,77724.66,77662.1,77685.4,77724.66,-18.05,-108.0,1334,ranging
,2026-04-24T20:55:26.576075,ETH,mean_reversion,paper,short,2326.12,2326.4,2326.12,2326.12,-1.23,-1.2,1891,trending
,2026-04-24T20:55:26.576846,ETH,mean_reversion,shadow,short,2326.5,2326.84,2326.14,2326.5,-11.48,-101.5,3031,trending
,2026-04-24T20:55:28.624804,ETH,mean_reversion,paper,short,2326.03,2326.13,2326.03,2326.03,-0.43,-0.4,2716,low_vol
,2026-04-24T20:55:28.625550,ETH,mean_reversion,shadow,short,2326.4,2326.84,2326.14,2326.4,-11.89,-101.9,336,low_vol
,2026-04-24T20:55:44.976866,ETH,mean_reversion,paper,short,2326.76,2326.77,2326.76,2326.76,-0.03,-0.0,3292,trending
,2026-04-24T20:55:44.978407,ETH,mean_reversion,shadow,short,2326.91,2327.15,2326.45,2326.91,-11.03,-101.0,673,trending
,2026-04-24T20:55:55.204385,BTC,mean_reversion,paper,long,77710.48,77697.85,77710.48,77710.48,-1.62,-1.6,3180,trending
,2026-04-24T20:55:55.205226,BTC,mean_reversion,shadow,long,77758.04,77680.44,77703.76,77758.04,-19.98,-110.0,2157,trending
,2026-04-24T20:56:01.346407,ETH,mean_reversion,paper,long,2326.31,2326.24,2326.31,2326.31,-0.29,-0.3,415,trending
,2026-04-24T20:56:01.347195,ETH,mean_reversion,shadow,long,2327.63,2325.73,2326.43,2327.63,-18.16,-108.2,3531,trending
,2026-04-24T20:56:11.582504,ETH,mean_reversion,paper,short,2327.06,2326.41,2327.06,2327.06,2.79,2.8,3019,high_vol
,2026-04-24T20:56:11.583301,ETH,mean_reversion,shadow,short,2326.48,2327.33,2326.64,2326.48,-13.69,-103.7,2305,high_vol
,2026-04-24T20:56:40.149137,ETH,mean_reversion,paper,long,2326.77,2326.96,2326.77,2326.77,0.82,0.8,95,ranging
,2026-04-24T20:56:40.150390,ETH,mean_reversion,shadow,long,2328.28,2326.13,2326.82,2328.28,-19.25,-109.3,1306,ranging
,2026-04-24T20:56:44.225185,ETH,mean_reversion,paper,short,2326.52,2326.27,2326.52,2326.52,1.06,1.1,1058,low_vol
,2026-04-24T20:56:44.225751,ETH,mean_reversion,shadow,short,2326.78,2327.33,2326.64,2326.78,-12.36,-102.4,646,low_vol
,2026-04-24T20:57:10.753700,BTC,mean_reversion,paper,long,77749.92,77768.45,77749.92,77749.92,2.38,2.4,1571,low_vol
,2026-04-24T20:57:10.754857,BTC,mean_reversion,shadow,long,77808.38,77735.21,77758.54,77808.38,-19.4,-109.4,1280,low_vol
,2026-04-24T20:57:16.857351,ETH,mean_reversion,paper,long,2326.82,2327.09,2326.82,2326.82,1.14,1.1,3526,high_vol
,2026-04-24T20:57:16.857715,ETH,mean_reversion,shadow,long,2328.28,2326.27,2326.97,2328.28,-18.63,-108.6,679,high_vol
,2026-04-24T20:57:27.016586,ETH,mean_reversion,paper,short,2326.93,2327.17,2326.93,2326.93,-1.04,-1.0,3218,trending
,2026-04-24T20:57:27.017135,ETH,mean_reversion,shadow,short,2327.37,2327.66,2326.97,2327.37,-11.27,-101.3,190,trending
,2026-04-24T20:57:39.238753,ETH,mean_reversion,paper,short,2327.15,2327.3,2327.15,2327.15,-0.66,-0.7,3475,ranging
,2026-04-24T20:57:39.239297,ETH,mean_reversion,shadow,short,2327.24,2328.04,2327.35,2327.24,-13.44,-103.4,1096,ranging
,2026-04-24T20:57:45.350180,BTC,mean_reversion,paper,long,77767.14,77775.03,77767.14,77767.14,1.02,1.0,2173,trending
,2026-04-24T20:57:45.350718,BTC,mean_reversion,shadow,long,77816.72,77736.81,77760.14,77816.72,-20.27,-110.3,2267,trending
,2026-04-24T20:57:49.427392,BTC,mean_reversion,paper,long,77765.87,77750.93,77765.87,77765.87,-1.92,-1.9,1542,ranging
,2026-04-24T20:57:49.427942,BTC,mean_reversion,shadow,long,77808.59,77736.87,77760.2,77808.59,-19.22,-109.2,3375,ranging
,2026-04-24T20:57:53.506446,ETH,mean_reversion,paper,short,2326.58,2326.83,2326.58,2326.58,-1.08,-1.1,3324,low_vol
,2026-04-24T20:57:53.507280,ETH,mean_reversion,shadow,short,2327.05,2327.55,2326.85,2327.05,-12.13,-102.1,72,low_vol
,2026-04-24T20:58:11.941127,BTC,mean_reversion,paper,short,77758.36,77748.86,77758.36,77758.36,1.22,1.2,3114,low_vol
,2026-04-24T20:58:11.942417,BTC,mean_reversion,shadow,short,77778.47,77787.33,77764.01,77778.47,-11.14,-101.1,2380,low_vol
,2026-04-24T20:58:30.312365,ETH,mean_reversion,paper,short,2328.4,2328.67,2328.4,2328.4,-1.17,-1.2,1118,ranging
,2026-04-24T20:58:30.313217,ETH,mean_reversion,shadow,short,2328.88,2329.44,2328.74,2328.88,-12.41,-102.4,1503,ranging
,2026-04-24T20:58:42.600670,BTC,mean_reversion,paper,long,77778.34,77775.57,77778.34,77778.34,-0.36,-0.4,1384,high_vol
,2026-04-24T20:58:42.601112,BTC,mean_reversion,shadow,long,77813.3,77742.46,77765.79,77813.3,-19.1,-109.1,2917,high_vol
,2026-04-24T20:58:52.838936,BTC,mean_reversion,paper,short,77753.35,77781.31,77753.35,77753.35,-3.6,-3.6,2063,high_vol
,2026-04-24T20:58:52.839510,BTC,mean_reversion,shadow,short,77779.11,77790.12,77766.79,77779.11,-11.42,-101.4,341,high_vol
,2026-04-24T20:58:56.933687,ETH,mean_reversion,paper,short,2328.66,2328.75,2328.66,2328.66,-0.36,-0.4,601,ranging
,2026-04-24T20:58:56.934255,ETH,mean_reversion,shadow,short,2328.12,2329.04,2328.35,2328.12,-13.97,-104.0,485,ranging
,2026-04-24T20:59:05.091064,BTC,mean_reversion,paper,long,77760.04,77769.33,77760.04,77760.04,1.19,1.2,3029,high_vol
,2026-04-24T20:59:05.091722,BTC,mean_reversion,shadow,long,77798.2,77735.22,77758.54,77798.2,-18.1,-108.1,3453,high_vol
,2026-04-24T20:59:13.283376,ETH,mean_reversion,paper,short,2327.08,2327.37,2327.08,2327.08,-1.23,-1.2,3334,high_vol
,2026-04-24T20:59:13.284187,ETH,mean_reversion,shadow,short,2327.91,2328.16,2327.47,2327.91,-11.1,-101.1,3136,high_vol
,2026-04-24T20:59:15.334722,ETH,mean_reversion,paper,long,2327.11,2327.4,2327.11,2327.11,1.24,1.2,1644,ranging
,2026-04-24T20:59:15.335485,ETH,mean_reversion,shadow,long,2328.45,2326.53,2327.23,2328.45,-18.26,-108.3,1384,ranging
,2026-04-24T20:59:19.428769,BTC,mean_reversion,paper,short,77734.17,77743.87,77734.17,77734.17,-1.25,-1.2,1059,trending
,2026-04-24T20:59:19.429447,BTC,mean_reversion,shadow,short,77732.89,77762.61,77739.29,77732.89,-13.82,-103.8,1517,trending
,2026-04-24T20:59:31.719467,BTC,mean_reversion,paper,long,77746.9,77751.83,77746.9,77746.9,0.63,0.6,1555,low_vol
,2026-04-24T20:59:31.719923,BTC,mean_reversion,shadow,long,77791.44,77715.96,77739.29,77791.44,-19.7,-109.7,1519,low_vol
,2026-04-24T20:59:46.034562,BTC,mean_reversion,paper,long,77743.03,77738.84,77743.03,77743.03,-0.54,-0.5,470,low_vol
,2026-04-24T20:59:46.035382,BTC,mean_reversion,shadow,long,77794.04,77720.79,77744.11,77794.04,-19.42,-109.4,160,low_vol
,2026-04-24T20:59:52.185086,ETH,mean_reversion,paper,short,2327.56,2327.36,2327.56,2327.56,0.89,0.9,2616,high_vol
,2026-04-24T20:59:52.185802,ETH,mean_reversion,shadow,short,2327.35,2328.06,2327.36,2327.35,-13.05,-103.0,993,high_vol
,2026-04-24T21:00:20.904241,ETH,mean_reversion,paper,short,2326.17,2326.19,2326.17,2326.17,-0.11,-0.1,3528,high_vol
,2026-04-24T21:00:20.904636,ETH,mean_reversion,shadow,short,2326.9,2327.28,2326.59,2326.9,-11.65,-101.7,1766,high_vol
,2026-04-24T21:00:24.957342,BTC,mean_reversion,paper,short,77717.86,77727.8,77717.86,77717.86,-1.28,-1.3,2750,high_vol
,2026-04-24T21:00:24.957965,BTC,mean_reversion,shadow,short,77726.1,77751.14,77727.83,77726.1,-13.22,-103.2,3006,high_vol
,2026-04-24T21:00:37.238899,ETH,mean_reversion,paper,short,2326.47,2326.61,2326.47,2326.47,-0.63,-0.6,482,trending
,2026-04-24T21:00:37.239618,ETH,mean_reversion,shadow,short,2326.69,2327.14,2326.44,2326.69,-11.96,-102.0,751,trending
,2026-04-24T21:00:59.767941,ETH,mean_reversion,paper,long,2326.92,2326.23,2326.92,2326.92,-2.97,-3.0,1262,trending
,2026-04-24T21:00:59.768732,ETH,mean_reversion,shadow,long,2328.02,2325.76,2326.45,2328.02,-19.7,-109.7,545,trending
,2026-04-24T21:01:01.817429,BTC,mean_reversion,paper,short,77714.79,77716.66,77714.79,77714.79,-0.24,-0.2,3220,high_vol
,2026-04-24T21:01:01.818254,BTC,mean_reversion,shadow,short,77728.25,77753.52,77730.21,77728.25,-13.25,-103.3,1273,high_vol
,2026-04-24T21:01:09.995217,ETH,mean_reversion,paper,long,2325.86,2326.11,2325.86,2325.86,1.08,1.1,1964,low_vol
,2026-04-24T21:01:09.996145,ETH,mean_reversion,shadow,long,2327.09,2325.11,2325.81,2327.09,-18.52,-108.5,3168,low_vol
,2026-04-24T21:01:55.060825,ETH,mean_reversion,paper,long,2325.7,2325.22,2325.7,2325.7,-2.05,-2.1,1426,trending
,2026-04-24T21:01:55.061679,ETH,mean_reversion,shadow,long,2326.91,2324.63,2325.32,2326.91,-19.82,-109.8,2481,trending
,2026-04-24T21:01:57.112061,BTC,mean_reversion,paper,long,77728.48,77728.61,77728.48,77728.48,0.02,0.0,1130,ranging
,2026-04-24T21:01:57.112896,BTC,mean_reversion,shadow,long,77779.17,77694.56,77717.88,77779.17,-20.88,-110.9,2711,ranging
,2026-04-24T21:02:07.356040,ETH,mean_reversion,paper,short,2325.22,2325.43,2325.22,2325.22,-0.9,-0.9,1076,low_vol
,2026-04-24T21:02:07.356662,ETH,mean_reversion,shadow,short,2325.39,2325.85,2325.15,2325.39,-11.97,-102.0,145,low_vol
,2026-04-24T21:02:11.454344,BTC,mean_reversion,paper,long,77718.72,77719.19,77718.72,77718.72,0.06,0.1,1760,ranging
,2026-04-24T21:02:11.454991,BTC,mean_reversion,shadow,long,77772.66,77698.31,77721.62,77772.66,-19.56,-109.6,315,ranging
,2026-04-24T21:02:23.760021,BTC,mean_reversion,paper,long,77733.02,77712.42,77733.02,77733.02,-2.65,-2.7,2467,high_vol
,2026-04-24T21:02:23.760856,BTC,mean_reversion,shadow,long,77762.99,77698.31,77721.62,77762.99,-18.32,-108.3,755,high_vol
,2026-04-24T21:02:29.917013,ETH,mean_reversion,paper,short,2325.32,2324.98,2325.32,2325.32,1.46,1.5,3402,ranging
,2026-04-24T21:02:29.917438,ETH,mean_reversion,shadow,short,2325.48,2326.11,2325.41,2325.48,-12.72,-102.7,2267,ranging
,2026-04-24T21:03:00.602921,ETH,mean_reversion,paper,short,2325.38,2325.51,2325.38,2325.38,-0.56,-0.6,1436,trending
,2026-04-24T21:03:00.604429,ETH,mean_reversion,shadow,short,2325.79,2326.12,2325.43,2325.79,-11.44,-101.4,2611,trending
,2026-04-24T21:03:02.646382,BTC,mean_reversion,paper,short,77728.99,77753.3,77728.99,77728.99,-3.13,-3.1,2245,high_vol
,2026-04-24T21:03:02.647163,BTC,mean_reversion,shadow,short,77756.3,77765.54,77742.21,77756.3,-11.19,-101.2,2239,high_vol
,2026-04-24T21:03:27.152948,ETH,mean_reversion,paper,short,2324.79,2324.68,2324.79,2324.79,0.47,0.5,2853,high_vol
,2026-04-24T21:03:27.154407,ETH,mean_reversion,shadow,short,2324.95,2325.69,2324.99,2324.95,-13.19,-103.2,2264,high_vol
,2026-04-24T21:03:43.498577,ETH,mean_reversion,paper,short,2324.95,2325.16,2324.95,2324.95,-0.92,-0.9,699,trending
,2026-04-24T21:03:43.498830,ETH,mean_reversion,shadow,short,2325.42,2325.68,2324.98,2325.42,-11.11,-101.1,479,trending
,2026-04-24T21:03:59.812581,ETH,mean_reversion,paper,long,2325.06,2324.75,2325.06,2325.06,-1.34,-1.3,523,high_vol
,2026-04-24T21:03:59.813132,ETH,mean_reversion,shadow,long,2326.72,2324.41,2325.11,2326.72,-19.93,-109.9,3078,high_vol
,2026-04-24T21:04:03.892506,ETH,mean_reversion,paper,short,2325.29,2325.05,2325.29,2325.29,1.06,1.1,2825,high_vol
,2026-04-24T21:04:03.892713,ETH,mean_reversion,shadow,short,2325.15,2325.82,2325.12,2325.15,-12.9,-102.9,904,high_vol
,2026-04-24T21:04:14.044463,ETH,mean_reversion,paper,long,2325.5,2325.23,2325.5,2325.5,-1.14,-1.1,2151,high_vol
,2026-04-24T21:04:14.045133,ETH,mean_reversion,shadow,long,2326.84,2324.46,2325.15,2326.84,-20.24,-110.2,1861,high_vol
,2026-04-24T21:04:24.269375,ETH,mean_reversion,paper,long,2324.99,2325.34,2324.99,2324.99,1.51,1.5,463,high_vol
,2026-04-24T21:04:24.270256,ETH,mean_reversion,shadow,long,2326.5,2324.49,2325.18,2326.5,-18.67,-108.7,2763,high_vol
,2026-04-24T21:04:30.422571,ETH,mean_reversion,paper,long,2325.56,2324.87,2325.56,2325.56,-2.94,-2.9,2791,high_vol
,2026-04-24T21:04:30.423391,ETH,mean_reversion,shadow,long,2326.85,2324.55,2325.24,2326.85,-19.89,-109.9,368,high_vol
,2026-04-24T21:04:54.990612,BTC,mean_reversion,paper,short,77746.13,77771.88,77746.13,77746.13,-3.31,-3.3,2888,high_vol
,2026-04-24T21:04:54.991367,BTC,mean_reversion,shadow,short,77769.97,77783.26,77759.93,77769.97,-11.71,-101.7,3422,high_vol
,2026-04-24T21:04:59.088708,BTC,mean_reversion,paper,long,77774.92,77772.74,77774.92,77774.92,-0.28,-0.3,806,low_vol
,2026-04-24T21:04:59.089590,BTC,mean_reversion,shadow,long,77820.36,77745.61,77768.95,77820.36,-19.61,-109.6,469,low_vol
,2026-04-24T21:05:15.487271,ETH,mean_reversion,paper,long,2326.23,2326.45,2326.23,2326.23,0.96,1.0,1062,ranging
,2026-04-24T21:05:15.488047,ETH,mean_reversion,shadow,long,2327.9,2325.36,2326.06,2327.9,-20.92,-110.9,3397,ranging
,2026-04-24T21:05:21.642869,ETH,mean_reversion,paper,short,2326.51,2326.41,2326.51,2326.51,0.42,0.4,1449,ranging
,2026-04-24T21:05:21.643465,ETH,mean_reversion,shadow,short,2326.78,2327.42,2326.72,2326.78,-12.75,-102.8,341,ranging
,2026-04-24T21:05:40.061320,BTC,mean_reversion,paper,long,77775.92,77770.58,77775.92,77775.92,-0.69,-0.7,573,trending
,2026-04-24T21:05:40.062228,BTC,mean_reversion,shadow,long,77821.79,77746.37,77769.71,77821.79,-19.69,-109.7,193,trending
,2026-04-24T21:05:48.259662,ETH,mean_reversion,paper,short,2326.56,2326.41,2326.56,2326.56,0.67,0.7,1090,low_vol
,2026-04-24T21:05:48.260184,ETH,mean_reversion,shadow,short,2326.98,2327.38,2326.68,2326.98,-11.72,-101.7,2542,low_vol
,2026-04-24T21:05:58.512985,ETH,mean_reversion,paper,long,2326.95,2326.46,2326.95,2326.95,-2.09,-2.1,2883,low_vol
,2026-04-24T21:05:58.513698,ETH,mean_reversion,shadow,long,2328.2,2326.02,2326.72,2328.2,-19.39,-109.4,2270,low_vol
,2026-04-24T21:06:08.762881,BTC,mean_reversion,paper,long,77753.65,77745.59,77753.65,77753.65,-1.04,-1.0,1096,low_vol
,2026-04-24T21:06:08.763730,BTC,mean_reversion,shadow,long,77814.61,77734.76,77758.08,77814.61,-20.26,-110.3,2808,low_vol
,2026-04-24T21:06:41.546705,ETH,mean_reversion,paper,long,2326.76,2326.57,2326.76,2326.76,-0.82,-0.8,2455,high_vol
,2026-04-24T21:06:41.547533,ETH,mean_reversion,shadow,long,2328.51,2326.04,2326.73,2328.51,-20.6,-110.6,1443,high_vol
,2026-04-24T21:07:34.739116,ETH,mean_reversion,paper,short,2326.23,2327.0,2326.23,2326.23,-3.3,-3.3,2546,low_vol
,2026-04-24T21:07:34.739703,ETH,mean_reversion,shadow,short,2326.94,2327.39,2326.69,2326.94,-11.94,-101.9,2637,low_vol
,2026-04-24T21:07:53.079309,BTC,mean_reversion,paper,short,77739.96,77743.37,77739.96,77739.96,-0.44,-0.4,3218,trending
,2026-04-24T21:07:53.079879,BTC,mean_reversion,shadow,short,77739.76,77753.7,77730.39,77739.76,-11.79,-101.8,2606,trending
,2026-04-24T21:07:55.119058,BTC,mean_reversion,paper,long,77726.18,77722.55,77726.18,77726.18,-0.47,-0.5,2548,trending
,2026-04-24T21:07:55.119643,BTC,mean_reversion,shadow,long,77785.42,77707.07,77730.39,77785.42,-20.07,-110.1,509,trending
,2026-04-24T21:08:01.236520,ETH,mean_reversion,paper,short,2326.7,2326.53,2326.7,2326.7,0.72,0.7,2278,ranging
,2026-04-24T21:08:01.237302,ETH,mean_reversion,shadow,short,2327.04,2327.67,2326.97,2327.04,-12.73,-102.7,1703,ranging
,2026-04-24T21:08:25.851126,ETH,mean_reversion,paper,short,2327.24,2326.72,2327.24,2327.24,2.24,2.2,1905,low_vol
,2026-04-24T21:08:25.851820,ETH,mean_reversion,shadow,short,2327.03,2327.6,2326.9,2327.03,-12.45,-102.4,3127,low_vol
,2026-04-24T21:08:36.105829,BTC,mean_reversion,paper,long,77743.85,77715.94,77743.85,77743.85,-3.59,-3.6,1435,trending
,2026-04-24T21:08:36.106511,BTC,mean_reversion,shadow,long,77774.54,77708.0,77731.32,77774.54,-18.56,-108.6,477,trending
,2026-04-24T21:08:44.307129,ETH,mean_reversion,paper,short,2327.33,2327.34,2327.33,2327.33,-0.04,-0.0,2955,trending
,2026-04-24T21:08:44.307953,ETH,mean_reversion,shadow,short,2327.72,2328.07,2327.37,2327.72,-11.49,-101.5,1912,trending
,2026-04-24T21:09:10.958135,BTC,mean_reversion,paper,short,77724.94,77725.81,77724.94,77724.94,-0.11,-0.1,3475,low_vol
,2026-04-24T21:09:10.958749,BTC,mean_reversion,shadow,short,77735.27,77753.7,77730.39,77735.27,-12.37,-102.4,959,low_vol
,2026-04-24T21:09:17.101507,BTC,mean_reversion,paper,long,77717.68,77717.18,77717.68,77717.68,-0.06,-0.1,1207,high_vol
,2026-04-24T21:09:17.102185,BTC,mean_reversion,shadow,long,77772.33,77707.15,77730.46,77772.33,-18.38,-108.4,1817,high_vol
,2026-04-24T21:09:23.256895,ETH,mean_reversion,paper,short,2327.72,2327.83,2327.72,2327.72,-0.47,-0.5,251,high_vol
,2026-04-24T21:09:23.257570,ETH,mean_reversion,shadow,short,2327.95,2328.45,2327.76,2327.95,-12.17,-102.2,885,high_vol
,2026-04-24T21:09:25.309949,BTC,mean_reversion,paper,long,77740.34,77747.57,77740.34,77740.34,0.93,0.9,168,ranging
,2026-04-24T21:09:25.310641,BTC,mean_reversion,shadow,long,77783.25,77712.82,77736.14,77783.25,-19.05,-109.1,2385,ranging
,2026-04-24T21:09:35.577386,ETH,mean_reversion,paper,long,2327.43,2327.25,2327.43,2327.43,-0.76,-0.8,1076,high_vol
,2026-04-24T21:09:35.578238,ETH,mean_reversion,shadow,long,2328.81,2326.75,2327.44,2328.81,-18.87,-108.9,2630,high_vol
,2026-04-24T21:09:49.936054,ETH,mean_reversion,paper,long,2326.96,2326.86,2326.96,2326.96,-0.44,-0.4,2355,high_vol
,2026-04-24T21:09:49.936449,ETH,mean_reversion,shadow,long,2328.79,2326.46,2327.15,2328.79,-20.04,-110.0,304,high_vol
,2026-04-24T21:10:12.466690,ETH,mean_reversion,paper,short,2327.0,2326.83,2327.0,2327.0,0.73,0.7,232,trending
,2026-04-24T21:10:12.467531,ETH,mean_reversion,shadow,short,2327.04,2327.31,2326.61,2327.04,-11.15,-101.2,1170,trending
,2026-04-24T21:10:35.014130,BTC,mean_reversion,paper,long,77740.68,77726.6,77740.68,77740.68,-1.81,-1.8,1580,trending
,2026-04-24T21:10:35.014826,BTC,mean_reversion,shadow,long,77789.51,77705.46,77728.77,77789.51,-20.8,-110.8,1493,trending
,2026-04-24T21:10:39.114803,BTC,mean_reversion,paper,short,77717.24,77712.4,77717.24,77717.24,0.62,0.6,1202,low_vol
,2026-04-24T21:10:39.115681,BTC,mean_reversion,shadow,short,77725.87,77745.62,77722.3,77725.87,-12.54,-102.5,2914,low_vol
,2026-04-24T21:11:09.866938,ETH,mean_reversion,paper,short,2326.02,2325.9,2326.02,2326.02,0.51,0.5,1631,high_vol
,2026-04-24T21:11:09.898632,ETH,mean_reversion,shadow,short,2326.71,2326.95,2326.26,2326.71,-11.06,-101.1,1774,high_vol
,2026-04-24T21:11:38.568416,BTC,mean_reversion,paper,long,77718.21,77715.04,77718.21,77718.21,-0.41,-0.4,2594,trending
,2026-04-24T21:11:38.569238,BTC,mean_reversion,shadow,long,77781.44,77700.53,77723.85,77781.44,-20.4,-110.4,602,trending
,2026-04-24T21:12:05.212144,ETH,mean_reversion,paper,long,2327.28,2327.4,2327.28,2327.28,0.54,0.5,3423,ranging
,2026-04-24T21:12:05.212986,ETH,mean_reversion,shadow,long,2328.54,2326.4,2327.1,2328.54,-19.19,-109.2,1944,ranging
,2026-04-24T21:12:17.518722,BTC,mean_reversion,paper,short,77745.4,77768.44,77745.4,77745.4,-2.96,-3.0,1899,high_vol
,2026-04-24T21:12:17.519542,BTC,mean_reversion,shadow,short,77770.57,77779.08,77755.76,77770.57,-11.09,-101.1,552,high_vol
,2026-04-24T21:12:23.668018,BTC,mean_reversion,paper,long,77762.82,77762.51,77762.82,77762.82,-0.04,-0.0,2208,low_vol
,2026-04-24T21:12:23.668836,BTC,mean_reversion,shadow,long,77816.81,77733.09,77756.42,77816.81,-20.76,-110.8,652,low_vol
,2026-04-24T21:12:33.941740,BTC,mean_reversion,paper,short,77767.75,77752.76,77767.75,77767.75,1.93,1.9,2298,ranging
,2026-04-24T21:12:33.942111,BTC,mean_reversion,shadow,short,77763.97,77780.07,77756.74,77763.97,-12.07,-102.1,374,ranging
,2026-04-24T21:13:08.802495,ETH,mean_reversion,paper,long,2327.04,2326.62,2327.04,2327.04,-1.8,-1.8,885,high_vol
,2026-04-24T21:13:08.805689,ETH,mean_reversion,shadow,long,2328.45,2326.08,2326.78,2328.45,-20.18,-110.2,1680,high_vol
,2026-04-24T21:13:55.894545,ETH,mean_reversion,paper,long,2327.04,2326.89,2327.04,2327.04,-0.62,-0.6,2397,trending
,2026-04-24T21:13:55.894793,ETH,mean_reversion,shadow,long,2328.77,2326.55,2327.24,2328.77,-19.56,-109.6,293,trending
,2026-04-24T21:13:59.942495,ETH,mean_reversion,paper,short,2326.8,2326.98,2326.8,2326.8,-0.76,-0.8,3017,trending
,2026-04-24T21:13:59.942924,ETH,mean_reversion,shadow,short,2327.06,2327.94,2327.24,2327.06,-13.78,-103.8,831,trending
,2026-04-24T21:14:34.774212,BTC,mean_reversion,paper,short,77644.94,77645.15,77644.94,77644.94,-0.03,-0.0,1618,trending
,2026-04-24T21:14:34.774825,BTC,mean_reversion,shadow,short,77639.02,77653.31,77630.02,77639.02,-11.84,-101.8,188,trending
,2026-04-24T21:14:38.874403,BTC,mean_reversion,paper,short,77602.81,77616.25,77602.81,77602.81,-1.73,-1.7,2851,trending
,2026-04-24T21:14:38.907398,BTC,mean_reversion,shadow,short,77628.22,77638.16,77614.88,77628.22,-11.28,-101.3,3047,trending
,2026-04-24T21:14:59.375818,BTC,mean_reversion,paper,short,77597.16,77616.52,77597.16,77597.16,-2.49,-2.5,2261,high_vol
,2026-04-24T21:14:59.376427,BTC,mean_reversion,shadow,short,77604.03,77634.65,77611.36,77604.03,-13.94,-103.9,2223,high_vol
,2026-04-24T21:15:28.073029,ETH,mean_reversion,paper,long,2316.48,2316.46,2316.48,2316.48,-0.1,-0.1,1008,high_vol
,2026-04-24T21:15:28.073879,ETH,mean_reversion,shadow,long,2318.0,2316.0,2316.69,2318.0,-18.62,-108.6,478,high_vol
,2026-04-24T21:15:36.289194,ETH,mean_reversion,paper,short,2316.29,2316.15,2316.29,2316.29,0.56,0.6,2101,low_vol
,2026-04-24T21:15:36.290611,ETH,mean_reversion,shadow,short,2316.41,2317.04,2316.35,2316.41,-12.76,-102.8,1716,low_vol
,2026-04-24T21:15:38.341644,ETH,mean_reversion,paper,short,2316.29,2316.27,2316.29,2316.29,0.11,0.1,1844,low_vol
,2026-04-24T21:15:38.342310,ETH,mean_reversion,shadow,short,2316.52,2317.04,2316.35,2316.52,-12.25,-102.2,2244,low_vol
,2026-04-24T21:15:46.556368,BTC,mean_reversion,paper,short,77627.34,77616.93,77627.34,77627.34,1.34,1.3,105,ranging
,2026-04-24T21:15:46.557249,BTC,mean_reversion,shadow,short,77632.08,77651.35,77628.07,77632.08,-12.48,-102.5,2386,ranging
,2026-04-24T21:16:27.604294,BTC,mean_reversion,paper,short,77596.0,77609.94,77596.0,77596.0,-1.8,-1.8,1487,high_vol
,2026-04-24T21:16:27.605017,BTC,mean_reversion,shadow,short,77616.16,77629.76,77606.48,77616.16,-11.75,-101.8,2733,high_vol
,2026-04-24T21:16:33.772467,BTC,mean_reversion,paper,short,77597.36,77600.08,77597.36,77597.36,-0.35,-0.4,1563,low_vol
,2026-04-24T21:16:33.773188,BTC,mean_reversion,shadow,short,77615.86,77629.75,77606.46,77615.86,-11.79,-101.8,2836,low_vol
,2026-04-24T21:16:46.069890,BTC,mean_reversion,paper,short,77610.91,77594.56,77610.91,77610.91,2.11,2.1,1063,trending
,2026-04-24T21:16:46.070360,BTC,mean_reversion,shadow,short,77602.87,77629.75,77606.46,77602.87,-13.46,-103.5,2173,trending
,2026-04-24T21:16:50.178363,ETH,mean_reversion,paper,long,2315.48,2316.3,2315.48,2315.48,3.51,3.5,829,low_vol
,2026-04-24T21:16:50.179063,ETH,mean_reversion,shadow,long,2317.48,2315.15,2315.84,2317.48,-20.09,-110.1,2608,low_vol
,2026-04-24T21:16:54.280836,BTC,mean_reversion,paper,short,77600.59,77598.13,77600.59,77600.59,0.32,0.3,1279,low_vol
,2026-04-24T21:16:54.281690,BTC,mean_reversion,shadow,short,77606.98,77624.81,77601.52,77606.98,-12.3,-102.3,1575,low_vol
,2026-04-24T21:17:02.495102,BTC,mean_reversion,paper,long,77590.1,77597.01,77590.1,77590.1,0.89,0.9,1653,trending
,2026-04-24T21:17:02.495905,BTC,mean_reversion,shadow,long,77653.56,77578.24,77601.52,77653.56,-19.7,-109.7,3185,trending
,2026-04-24T21:17:08.652659,BTC,mean_reversion,paper,long,77607.76,77601.74,77607.76,77607.76,-0.78,-0.8,406,high_vol
,2026-04-24T21:17:08.653483,BTC,mean_reversion,shadow,long,77660.1,77587.43,77610.71,77660.1,-19.36,-109.4,927,high_vol
,2026-04-24T21:17:55.910838,BTC,mean_reversion,paper,long,77607.25,77595.45,77607.25,77607.25,-1.52,-1.5,2862,ranging
,2026-04-24T21:17:55.911226,BTC,mean_reversion,shadow,long,77661.52,77583.92,77607.21,77661.52,-19.99,-110.0,919,ranging
,2026-04-24T21:18:04.083963,BTC,mean_reversion,paper,long,77594.63,77618.78,77594.63,77594.63,3.11,3.1,3361,ranging
,2026-04-24T21:18:04.084706,BTC,mean_reversion,shadow,long,77649.91,77583.92,77607.21,77649.91,-18.5,-108.5,3503,ranging
,2026-04-24T21:18:14.353228,ETH,mean_reversion,paper,long,2316.11,2315.96,2316.11,2316.11,-0.69,-0.7,2351,trending
,2026-04-24T21:18:14.353838,ETH,mean_reversion,shadow,long,2317.79,2315.5,2316.19,2317.79,-19.89,-109.9,2485,trending
,2026-04-24T21:18:18.476487,ETH,mean_reversion,paper,short,2316.3,2316.07,2316.3,2316.3,1.0,1.0,2487,high_vol
,2026-04-24T21:18:18.478041,ETH,mean_reversion,shadow,short,2316.81,2317.11,2316.41,2316.81,-11.31,-101.3,1178,high_vol
,2026-04-24T21:18:22.593380,BTC,mean_reversion,paper,short,77593.17,77620.86,77593.17,77593.17,-3.57,-3.6,373,ranging
,2026-04-24T21:18:22.593991,BTC,mean_reversion,shadow,short,77615.22,77630.9,77607.61,77615.22,-12.02,-102.0,3311,ranging
,2026-04-24T21:18:32.917442,BTC,mean_reversion,paper,short,77620.61,77603.66,77620.61,77620.61,2.18,2.2,2613,trending
,2026-04-24T21:18:32.919820,BTC,mean_reversion,shadow,short,77616.44,77630.97,77607.68,77616.44,-11.87,-101.9,2358,trending
,2026-04-24T21:18:34.952311,ETH,mean_reversion,paper,long,2316.49,2316.49,2316.49,2316.49,0.02,0.0,2717,ranging
,2026-04-24T21:18:34.952653,ETH,mean_reversion,shadow,long,2317.91,2315.65,2316.35,2317.91,-19.75,-109.8,3000,ranging
,2026-04-24T21:18:45.221799,BTC,mean_reversion,paper,long,77595.21,77617.4,77595.21,77595.21,2.86,2.9,3268,high_vol
,2026-04-24T21:18:45.222563,BTC,mean_reversion,shadow,long,77663.44,77586.64,77609.92,77663.44,-19.89,-109.9,281,high_vol
,2026-04-24T21:18:57.575088,BTC,mean_reversion,paper,short,77633.14,77624.76,77633.14,77633.14,1.08,1.1,2293,low_vol
,2026-04-24T21:18:57.576045,BTC,mean_reversion,shadow,short,77635.22,77660.89,77637.6,77635.22,-13.31,-103.3,3201,low_vol
,2026-04-24T21:19:01.685011,ETH,mean_reversion,paper,long,2318.61,2318.39,2318.61,2318.61,-0.93,-0.9,2783,low_vol
,2026-04-24T21:19:01.685772,ETH,mean_reversion,shadow,long,2320.28,2318.05,2318.74,2320.28,-19.59,-109.6,452,low_vol
,2026-04-24T21:19:07.864317,ETH,mean_reversion,paper,long,2319.21,2318.41,2319.21,2319.21,-3.47,-3.5,3129,ranging
,2026-04-24T21:19:07.865632,ETH,mean_reversion,shadow,long,2320.19,2318.1,2318.8,2320.19,-19.01,-109.0,2658,ranging
,2026-04-24T21:19:11.966802,BTC,mean_reversion,paper,long,77634.12,77632.85,77634.12,77634.12,-0.16,-0.2,2156,high_vol
,2026-04-24T21:19:11.967439,BTC,mean_reversion,shadow,long,77694.29,77624.03,77647.33,77694.29,-19.04,-109.0,1589,high_vol
,2026-04-24T21:19:18.136302,BTC,mean_reversion,paper,long,77636.87,77659.8,77636.87,77636.87,2.95,3.0,828,ranging
,2026-04-24T21:19:18.137117,BTC,mean_reversion,shadow,long,77695.14,77628.63,77651.92,77695.14,-18.56,-108.6,3143,ranging
,2026-04-24T21:19:48.996635,ETH,mean_reversion,paper,long,2320.26,2320.04,2320.26,2320.26,-0.95,-0.9,3148,trending
,2026-04-24T21:19:48.997351,ETH,mean_reversion,shadow,long,2321.58,2319.26,2319.95,2321.58,-20.01,-110.0,3374,trending
,2026-04-24T21:20:01.351390,BTC,mean_reversion,paper,long,77660.72,77650.5,77660.72,77660.72,-1.32,-1.3,3216,high_vol
,2026-04-24T21:20:01.351967,BTC,mean_reversion,shadow,long,77712.45,77633.98,77657.27,77712.45,-20.1,-110.1,3085,high_vol
,2026-04-24T21:20:17.840416,ETH,mean_reversion,paper,long,2319.1,2319.44,2319.1,2319.1,1.49,1.5,2791,trending
,2026-04-24T21:20:17.840986,ETH,mean_reversion,shadow,long,2321.07,2318.79,2319.48,2321.07,-19.83,-109.8,3080,trending
,2026-04-24T21:20:36.368909,BTC,mean_reversion,paper,short,77612.88,77607.85,77612.88,77612.88,0.65,0.6,750,high_vol
,2026-04-24T21:20:36.369542,BTC,mean_reversion,shadow,short,77608.36,77637.36,77614.08,77608.36,-13.74,-103.7,1597,high_vol
,2026-04-24T21:20:48.734623,ETH,mean_reversion,paper,long,2317.8,2317.49,2317.8,2317.8,-1.33,-1.3,1235,ranging
,2026-04-24T21:20:48.736180,ETH,mean_reversion,shadow,long,2319.12,2317.18,2317.88,2319.12,-18.38,-108.4,319,ranging
,2026-04-24T21:21:03.158897,ETH,mean_reversion,paper,short,2317.7,2317.49,2317.7,2317.7,0.89,0.9,672,ranging
,2026-04-24T21:21:03.159580,ETH,mean_reversion,shadow,short,2317.46,2318.28,2317.59,2317.46,-13.53,-103.5,2524,ranging
,2026-04-24T21:21:19.645565,BTC,mean_reversion,paper,long,77612.36,77602.69,77612.36,77612.36,-1.25,-1.2,927,trending
,2026-04-24T21:21:19.646279,BTC,mean_reversion,shadow,long,77659.4,77587.3,77610.58,77659.4,-19.28,-109.3,2014,trending
,2026-04-24T21:21:34.020484,BTC,mean_reversion,paper,short,77622.22,77611.75,77622.22,77622.22,1.35,1.3,1583,high_vol
,2026-04-24T21:21:34.021004,BTC,mean_reversion,shadow,short,77606.46,77633.68,77610.39,77606.46,-13.51,-103.5,216,high_vol
,2026-04-24T21:21:40.200586,ETH,mean_reversion,paper,long,2317.95,2317.69,2317.95,2317.95,-1.13,-1.1,1601,ranging
,2026-04-24T21:21:40.201251,ETH,mean_reversion,shadow,long,2319.67,2317.4,2318.1,2319.67,-19.81,-109.8,2717,ranging
,2026-04-24T21:21:56.688156,BTC,mean_reversion,paper,short,77606.79,77605.64,77606.79,77606.79,0.15,0.1,1833,ranging
,2026-04-24T21:21:56.688978,BTC,mean_reversion,shadow,short,77614.6,77628.09,77604.8,77614.6,-11.74,-101.7,797,ranging
,2026-04-24T21:22:19.324984,ETH,mean_reversion,paper,short,2317.37,2317.24,2317.37,2317.37,0.58,0.6,1311,ranging
,2026-04-24T21:22:19.325803,ETH,mean_reversion,shadow,short,2317.38,2318.26,2317.57,2317.38,-13.82,-103.8,1436,ranging
,2026-04-24T21:22:31.685389,ETH,mean_reversion,paper,long,2317.31,2317.89,2317.31,2317.31,2.51,2.5,2041,low_vol
,2026-04-24T21:22:31.686086,ETH,mean_reversion,shadow,long,2319.58,2317.07,2317.77,2319.58,-20.83,-110.8,1679,low_vol
,2026-04-24T21:23:00.525668,BTC,mean_reversion,paper,short,77615.2,77609.47,77615.2,77615.2,0.74,0.7,3522,trending
,2026-04-24T21:23:00.526387,BTC,mean_reversion,shadow,short,77625.39,77637.63,77614.35,77625.39,-11.58,-101.6,898,trending
,2026-04-24T21:23:02.586941,ETH,mean_reversion,paper,long,2317.72,2317.28,2317.72,2317.72,-1.9,-1.9,238,ranging
,2026-04-24T21:23:02.587714,ETH,mean_reversion,shadow,long,2319.19,2316.95,2317.64,2319.19,-19.66,-109.7,2780,ranging
,2026-04-24T21:23:14.949971,BTC,mean_reversion,paper,long,77615.47,77619.74,77615.47,77615.47,0.55,0.6,2690,low_vol
,2026-04-24T21:23:14.950414,BTC,mean_reversion,shadow,long,77662.19,77593.58,77616.86,77662.19,-18.83,-108.8,488,low_vol
,2026-04-24T21:23:23.163615,BTC,mean_reversion,paper,long,77625.25,77610.96,77625.25,77625.25,-1.84,-1.8,2277,low_vol
,2026-04-24T21:23:23.164803,BTC,mean_reversion,shadow,long,77667.32,77593.58,77616.86,77667.32,-19.49,-109.5,1622,low_vol
,2026-04-24T21:24:10.167806,ETH,mean_reversion,paper,long,2317.74,2317.82,2317.74,2317.74,0.35,0.3,1716,ranging
,2026-04-24T21:24:10.169278,ETH,mean_reversion,shadow,long,2319.24,2316.93,2317.62,2319.24,-19.98,-110.0,1884,ranging
,2026-04-24T21:24:14.293605,BTC,mean_reversion,paper,short,77613.51,77612.17,77613.51,77613.51,0.17,0.2,423,trending
,2026-04-24T21:24:14.318824,BTC,mean_reversion,shadow,short,77622.94,77649.34,77626.05,77622.94,-13.4,-103.4,121,trending
,2026-04-24T21:24:16.344906,BTC,mean_reversion,paper,short,77628.51,77630.3,77628.51,77628.51,-0.23,-0.2,1846,ranging
,2026-04-24T21:24:16.345296,BTC,mean_reversion,shadow,short,77622.77,77648.87,77625.58,77622.77,-13.36,-103.4,1779,ranging
,2026-04-24T21:41:50.166438,ETH,mean_reversion,paper,long,2317.38,2317.21,2317.38,2317.38,-0.74,-0.7,1206,ranging
,2026-04-24T21:41:50.167941,ETH,mean_reversion,shadow,long,2319.16,2316.91,2317.61,2319.16,-19.69,-109.7,1248,ranging
,2026-04-24T21:42:04.599516,BTC,mean_reversion,paper,short,77631.99,77607.88,77631.99,77631.99,3.11,3.1,563,ranging
,2026-04-24T21:42:04.600234,BTC,mean_reversion,shadow,short,77630.35,77643.95,77620.67,77630.35,-11.75,-101.8,503,ranging
,2026-04-25T19:35:24.298630,ETH,mean_reversion,paper,short,2308.93,2309.55,2308.93,2308.93,-2.69,-2.7,421,low_vol
,2026-04-25T19:35:24.299861,ETH,mean_reversion,shadow,short,2309.42,2310.0,2309.31,2309.42,-12.52,-102.5,1705,low_vol
,2026-04-25T19:35:26.391490,BTC,mean_reversion,paper,short,77241.01,77246.87,77241.01,77241.01,-0.76,-0.8,2998,ranging
,2026-04-25T19:35:26.392213,BTC,mean_reversion,shadow,short,77262.71,77278.72,77255.54,77262.71,-12.07,-102.1,1968,ranging
,2026-04-25T19:36:08.424480,ETH,mean_reversion,paper,long,2309.14,2309.05,2309.14,2309.14,-0.37,-0.4,3105,high_vol
,2026-04-25T19:36:08.425246,ETH,mean_reversion,shadow,long,2310.67,2308.61,2309.31,2310.67,-18.89,-108.9,282,high_vol
,2026-04-25T19:36:14.702939,ETH,mean_reversion,paper,long,2309.57,2309.66,2309.57,2309.57,0.39,0.4,1030,low_vol
,2026-04-25T19:36:14.703763,ETH,mean_reversion,shadow,long,2310.75,2308.61,2309.31,2310.75,-19.26,-109.3,1876,low_vol
,2026-04-25T19:36:29.498676,ETH,mean_reversion,paper,long,2309.19,2308.88,2309.19,2309.19,-1.34,-1.3,1068,trending
,2026-04-25T19:36:29.499446,ETH,mean_reversion,shadow,long,2310.92,2308.61,2309.31,2310.92,-20.0,-110.0,1361,trending
,2026-04-25T19:36:50.505819,ETH,mean_reversion,paper,short,2309.12,2309.5,2309.12,2309.12,-1.67,-1.7,3319,high_vol
,2026-04-25T19:36:50.506597,ETH,mean_reversion,shadow,short,2309.2,2310.0,2309.31,2309.2,-13.44,-103.4,3386,high_vol
,2026-04-25T19:37:11.619979,ETH,mean_reversion,paper,long,2309.57,2309.55,2309.57,2309.57,-0.06,-0.1,2045,trending
,2026-04-25T19:37:11.620603,ETH,mean_reversion,shadow,long,2311.08,2308.61,2309.31,2311.08,-20.66,-110.7,1586,trending
,2026-04-25T19:37:17.968648,BTC,mean_reversion,paper,long,77263.91,77251.41,77263.91,77263.91,-1.62,-1.6,1278,trending
,2026-04-25T19:37:17.969434,BTC,mean_reversion,shadow,long,77315.29,77235.65,77258.83,77315.29,-20.3,-110.3,3015,trending
,2026-04-25T19:37:41.189593,ETH,mean_reversion,paper,long,2309.86,2309.43,2309.86,2309.86,-1.85,-1.9,1653,low_vol
,2026-04-25T19:37:41.190315,ETH,mean_reversion,shadow,long,2310.71,2308.77,2309.47,2310.71,-18.37,-108.4,901,low_vol
,2026-04-25T19:37:45.392539,BTC,mean_reversion,paper,short,77262.01,77273.99,77262.01,77262.01,-1.55,-1.6,3600,trending
,2026-04-25T19:37:45.393213,BTC,mean_reversion,shadow,short,77253.5,77282.0,77258.83,77253.5,-13.69,-103.7,1099,trending
,2026-04-25T19:37:49.591921,BTC,mean_reversion,paper,long,77251.27,77258.77,77251.27,77251.27,0.97,1.0,324,trending
,2026-04-25T19:37:49.592694,BTC,mean_reversion,shadow,long,77320.55,77235.65,77258.83,77320.55,-20.98,-111.0,478,trending
,2026-04-25T19:38:10.596472,ETH,mean_reversion,paper,long,2309.0,2309.19,2309.0,2309.0,0.81,0.8,2512,low_vol
,2026-04-25T19:38:10.597053,ETH,mean_reversion,shadow,long,2310.6,2308.31,2309.0,2310.6,-19.91,-109.9,1507,low_vol
,2026-04-25T19:38:12.710435,ETH,mean_reversion,paper,short,2308.55,2308.77,2308.55,2308.55,-0.93,-0.9,600,low_vol
,2026-04-25T19:38:12.710878,ETH,mean_reversion,shadow,short,2309.21,2309.57,2308.88,2309.21,-11.56,-101.6,2187,low_vol
,2026-04-25T19:38:14.822252,BTC,mean_reversion,paper,long,77241.71,77248.95,77241.71,77241.71,0.94,0.9,782,trending
,2026-04-25T19:38:14.822795,BTC,mean_reversion,shadow,long,77300.06,77220.24,77243.42,77300.06,-20.33,-110.3,326,trending
,2026-04-25T19:40:46.320414,BTC,mean_reversion,paper,long,77246.66,77228.81,77246.66,77246.66,-2.31,-2.3,1181,high_vol
,2026-04-25T19:40:46.321686,BTC,mean_reversion,shadow,long,77285.62,77220.83,77244.01,77285.62,-18.38,-108.4,986,high_vol
,2026-04-25T19:40:48.420147,ETH,mean_reversion,paper,short,2308.96,2309.4,2308.96,2308.96,-1.88,-1.9,1851,ranging
,2026-04-25T19:40:48.420888,ETH,mean_reversion,shadow,short,2309.55,2309.96,2309.27,2309.55,-11.76,-101.8,764,ranging
,2026-04-25T19:40:56.874670,ETH,mean_reversion,paper,long,2309.11,2308.97,2309.11,2309.11,-0.63,-0.6,1456,high_vol
,2026-04-25T19:40:56.875528,ETH,mean_reversion,shadow,long,2310.44,2308.57,2309.27,2310.44,-18.1,-108.1,1771,high_vol
,2026-04-25T19:40:58.993963,BTC,mean_reversion,paper,short,77234.85,77232.36,77234.85,77234.85,0.32,0.3,3308,trending
,2026-04-25T19:40:58.994815,BTC,mean_reversion,shadow,short,77246.54,77267.2,77244.02,77246.54,-12.67,-102.7,3455,trending
,2026-04-25T19:41:03.233579,BTC,mean_reversion,paper,long,77247.43,77260.43,77247.43,77247.43,1.68,1.7,387,trending
,2026-04-25T19:41:03.234162,BTC,mean_reversion,shadow,long,77298.3,77225.01,77248.18,77298.3,-19.48,-109.5,1717,trending
,2026-04-26T03:00:21.927804,BTC,mean_reversion,paper,long,77516.11,77514.28,77516.11,77516.11,-0.24,-0.2,1953,high_vol
,2026-04-26T03:00:21.930135,BTC,mean_reversion,shadow,long,77580.18,77504.07,77527.33,77580.18,-19.81,-109.8,232,high_vol
,2026-04-26T03:00:34.188163,BTC,mean_reversion,paper,long,77516.39,77509.31,77516.39,77516.39,-0.91,-0.9,696,high_vol
,2026-04-26T03:00:34.188986,BTC,mean_reversion,shadow,long,77568.08,77496.95,77520.21,77568.08,-19.17,-109.2,1565,high_vol
,2026-04-26T03:01:10.958445,BTC,mean_reversion,paper,long,77502.71,77516.18,77502.71,77502.71,1.74,1.7,2675,trending
,2026-04-26T03:01:10.960189,BTC,mean_reversion,shadow,long,77576.89,77492.35,77515.61,77576.89,-20.9,-110.9,2041,trending
,2026-04-26T03:01:21.172746,BTC,mean_reversion,paper,short,77514.03,77522.49,77514.03,77514.03,-1.09,-1.1,122,low_vol
,2026-04-26T03:01:21.173559,BTC,mean_reversion,shadow,short,77528.82,77538.86,77515.61,77528.82,-11.3,-101.3,3509,low_vol
,2026-04-26T03:01:25.260751,BTC,mean_reversion,paper,short,77507.56,77524.93,77507.56,77507.56,-2.24,-2.2,919,trending
,2026-04-26T03:01:25.261612,BTC,mean_reversion,shadow,short,77528.05,77538.86,77515.61,77528.05,-11.39,-101.4,2815,trending
,2026-04-26T03:01:49.783730,ETH,mean_reversion,paper,short,2315.35,2314.93,2315.35,2315.35,1.82,1.8,72,trending
,2026-04-26T03:01:49.815048,ETH,mean_reversion,shadow,short,2315.32,2315.74,2315.05,2315.32,-11.8,-101.8,2509,trending
,2026-04-26T03:02:04.055247,ETH,mean_reversion,paper,long,2314.38,2314.62,2314.38,2314.38,1.04,1.0,1660,low_vol
,2026-04-26T03:02:04.056776,ETH,mean_reversion,shadow,long,2316.56,2314.12,2314.82,2316.56,-20.51,-110.5,2532,low_vol
,2026-04-26T03:02:06.097735,BTC,mean_reversion,paper,long,77502.16,77503.65,77502.16,77502.16,0.19,0.2,1009,high_vol
,2026-04-26T03:02:06.098432,BTC,mean_reversion,shadow,long,77569.98,77490.71,77513.96,77569.98,-20.22,-110.2,1685,high_vol
,2026-04-26T03:02:24.483425,BTC,mean_reversion,paper,short,77528.71,77519.81,77528.71,77528.71,1.15,1.1,1402,high_vol
,2026-04-26T03:02:24.484054,BTC,mean_reversion,shadow,short,77525.35,77537.22,77513.96,77525.35,-11.53,-101.5,3318,high_vol
,2026-04-26T03:02:28.571044,ETH,mean_reversion,paper,long,2314.83,2315.29,2314.83,2314.83,1.97,2.0,2710,ranging
,2026-04-26T03:02:28.572191,ETH,mean_reversion,shadow,long,2316.66,2314.22,2314.91,2316.66,-20.52,-110.5,2046,ranging
,2026-04-26T03:02:32.657814,BTC,mean_reversion,paper,short,77502.48,77500.9,77502.48,77502.48,0.2,0.2,3112,trending
,2026-04-26T03:02:32.658640,BTC,mean_reversion,shadow,short,77526.21,77537.22,77513.96,77526.21,-11.42,-101.4,1336,trending
,2026-04-26T03:02:42.857959,BTC,mean_reversion,paper,long,77498.9,77514.99,77498.9,77498.9,2.08,2.1,1935,ranging
,2026-04-26T03:02:42.858588,BTC,mean_reversion,shadow,long,77570.08,77484.91,77508.17,77570.08,-20.98,-111.0,2690,ranging
,2026-04-26T03:02:44.888994,ETH,mean_reversion,paper,short,2314.88,2314.62,2314.88,2314.88,1.15,1.2,429,low_vol
,2026-04-26T03:02:44.889498,ETH,mean_reversion,shadow,short,2315.25,2315.57,2314.88,2315.25,-11.39,-101.4,1972,low_vol
,2026-04-26T03:02:57.141478,ETH,mean_reversion,paper,short,2314.91,2314.54,2314.91,2314.91,1.64,1.6,1994,trending
,2026-04-26T03:02:57.142276,ETH,mean_reversion,shadow,short,2315.01,2315.57,2314.88,2315.01,-12.41,-102.4,165,trending
,2026-04-26T03:03:11.442488,ETH,mean_reversion,paper,short,2314.96,2315.12,2314.96,2314.96,-0.68,-0.7,2614,trending
,2026-04-26T03:03:11.443307,ETH,mean_reversion,shadow,short,2315.17,2315.57,2314.88,2315.17,-11.73,-101.7,3598,trending
,2026-04-26T03:03:31.876980,ETH,mean_reversion,paper,short,2314.92,2315.52,2314.92,2314.92,-2.61,-2.6,3582,high_vol
,2026-04-26T03:03:31.877612,ETH,mean_reversion,shadow,short,2315.1,2315.83,2315.14,2315.1,-13.15,-103.2,209,high_vol
,2026-04-26T03:03:48.216518,ETH,mean_reversion,paper,long,2314.74,2314.96,2314.74,2314.74,0.94,0.9,1109,low_vol
,2026-04-26T03:03:48.218125,ETH,mean_reversion,shadow,long,2316.67,2314.46,2315.15,2316.67,-19.53,-109.5,2824,low_vol
,2026-04-26T03:04:02.525662,ETH,mean_reversion,paper,short,2315.13,2315.4,2315.13,2315.13,-1.14,-1.1,2354,low_vol
,2026-04-26T03:04:02.526384,ETH,mean_reversion,shadow,short,2315.17,2315.85,2315.15,2315.17,-12.94,-102.9,511,low_vol
,2026-04-26T03:04:04.573582,BTC,mean_reversion,paper,short,77503.93,77507.18,77503.93,77503.93,-0.42,-0.4,3364,low_vol
,2026-04-26T03:04:04.574748,BTC,mean_reversion,shadow,short,77516.52,77537.25,77513.99,77516.52,-12.67,-102.7,2195,low_vol
,2026-04-26T03:04:06.617300,ETH,mean_reversion,paper,short,2315.43,2315.45,2315.43,2315.43,-0.1,-0.1,2985,low_vol
,2026-04-26T03:04:06.618003,ETH,mean_reversion,shadow,short,2315.52,2315.85,2315.15,2315.52,-11.42,-101.4,2639,low_vol
,2026-04-26T03:06:47.256354,BTC,mean_reversion,paper,short,77516.5,77502.9,77516.5,77516.5,1.76,1.8,2424,low_vol
,2026-04-26T03:06:47.258405,BTC,mean_reversion,shadow,short,77526.14,77536.26,77513.01,77526.14,-11.3,-101.3,3017,low_vol
,2026-04-26T03:07:09.700718,ETH,mean_reversion,paper,long,2315.07,2315.27,2315.07,2315.07,0.86,0.9,2472,ranging
,2026-04-26T03:07:09.702274,ETH,mean_reversion,shadow,long,2316.74,2314.47,2315.16,2316.74,-19.81,-109.8,1280,ranging
,2026-04-26T03:07:28.096348,ETH,mean_reversion,paper,long,2314.54,2314.89,2314.54,2314.54,1.51,1.5,2974,trending
,2026-04-26T03:07:28.097078,ETH,mean_reversion,shadow,long,2316.2,2314.2,2314.89,2316.2,-18.65,-108.6,3476,trending
,2026-04-26T03:07:32.187017,BTC,mean_reversion,paper,short,77510.01,77498.79,77510.01,77510.01,1.45,1.4,1719,high_vol
,2026-04-26T03:07:32.187882,BTC,mean_reversion,shadow,short,77501.03,77529.25,77505.99,77501.03,-13.64,-103.6,334,high_vol
,2026-04-26T03:07:34.230015,ETH,mean_reversion,paper,long,2314.83,2314.56,2314.83,2314.83,-1.17,-1.2,1820,ranging
,2026-04-26T03:07:34.230693,ETH,mean_reversion,shadow,long,2316.68,2314.2,2314.89,2316.68,-20.72,-110.7,1780,ranging
,2026-04-26T03:07:42.409641,BTC,mean_reversion,paper,short,77507.12,77496.14,77507.12,77507.12,1.42,1.4,1576,trending
,2026-04-26T03:07:42.410486,BTC,mean_reversion,shadow,short,77511.33,77529.25,77505.99,77511.33,-12.31,-102.3,1161,trending
,2026-04-26T03:07:44.475868,BTC,mean_reversion,paper,short,77501.2,77511.2,77501.2,77501.2,-1.29,-1.3,2344,trending
,2026-04-26T03:07:44.476191,BTC,mean_reversion,shadow,short,77500.29,77529.25,77505.99,77500.29,-13.74,-103.7,2608,trending
,2026-04-26T03:07:54.654682,ETH,mean_reversion,paper,long,2314.85,2315.39,2314.85,2314.85,2.35,2.3,2720,high_vol
,2026-04-26T03:07:54.655403,ETH,mean_reversion,shadow,long,2316.38,2314.37,2315.07,2316.38,-18.7,-108.7,533,high_vol
,2026-04-26T03:08:10.991280,ETH,mean_reversion,paper,long,2314.84,2315.33,2314.84,2314.84,2.09,2.1,3072,low_vol
,2026-04-26T03:08:10.992879,ETH,mean_reversion,shadow,long,2316.55,2314.46,2315.15,2316.55,-19.01,-109.0,1227,low_vol
,2026-04-26T03:08:23.258794,BTC,mean_reversion,paper,long,77490.67,77489.94,77490.67,77490.67,-0.09,-0.1,1604,high_vol
,2026-04-26T03:08:23.259348,BTC,mean_reversion,shadow,long,77545.89,77477.95,77501.21,77545.89,-18.76,-108.8,112,high_vol
,2026-04-26T03:08:31.457731,ETH,mean_reversion,paper,short,2315.59,2314.71,2315.59,2315.59,3.79,3.8,895,high_vol
,2026-04-26T03:08:31.458179,ETH,mean_reversion,shadow,short,2315.3,2315.86,2315.16,2315.3,-12.41,-102.4,2546,high_vol
,2026-04-26T03:08:41.612095,ETH,mean_reversion,paper,long,2314.91,2315.07,2314.91,2314.91,0.7,0.7,431,low_vol
,2026-04-26T03:08:41.612858,ETH,mean_reversion,shadow,long,2317.0,2314.47,2315.16,2317.0,-20.9,-110.9,383,low_vol
,2026-04-26T03:09:08.184504,ETH,mean_reversion,paper,short,2314.57,2315.07,2314.57,2314.57,-2.16,-2.2,1916,trending
,2026-04-26T03:09:08.185333,ETH,mean_reversion,shadow,short,2314.84,2315.68,2314.98,2314.84,-13.64,-103.6,2896,trending
,2026-04-26T03:09:10.229381,BTC,mean_reversion,paper,long,77513.88,77508.52,77513.88,77513.88,-0.69,-0.7,322,high_vol
,2026-04-26T03:09:10.230151,BTC,mean_reversion,shadow,long,77546.49,77478.36,77501.61,77546.49,-18.78,-108.8,496,high_vol
,2026-04-26T03:09:26.572874,BTC,mean_reversion,paper,long,77512.28,77499.83,77512.28,77512.28,-1.61,-1.6,1325,low_vol
,2026-04-26T03:09:26.573495,BTC,mean_reversion,shadow,long,77560.39,77478.35,77501.61,77560.39,-20.58,-110.6,2674,low_vol
,2026-04-26T03:09:30.664601,BTC,mean_reversion,paper,short,77494.38,77516.47,77494.38,77494.38,-2.85,-2.9,1319,trending
,2026-04-26T03:09:30.665327,BTC,mean_reversion,shadow,short,77495.95,77524.86,77501.61,77495.95,-13.73,-103.7,3156,trending
,2026-04-26T03:09:40.885180,ETH,mean_reversion,paper,short,2315.21,2315.15,2315.21,2315.21,0.25,0.2,2291,low_vol
,2026-04-26T03:09:40.885971,ETH,mean_reversion,shadow,short,2314.88,2315.69,2314.99,2314.88,-13.5,-103.5,118,low_vol
,2026-04-26T03:09:44.974435,ETH,mean_reversion,paper,long,2315.05,2314.85,2315.05,2315.05,-0.86,-0.9,1385,high_vol
,2026-04-26T03:09:44.975220,ETH,mean_reversion,shadow,long,2316.44,2314.3,2314.99,2316.44,-19.25,-109.2,1768,high_vol
,2026-04-26T03:10:01.325155,ETH,mean_reversion,paper,long,2315.34,2315.15,2315.34,2315.34,-0.82,-0.8,1744,trending
,2026-04-26T03:10:01.325880,ETH,mean_reversion,shadow,long,2316.86,2314.65,2315.35,2316.86,-19.55,-109.6,222,trending
,2026-04-26T03:10:11.525548,ETH,mean_reversion,paper,long,2315.12,2314.85,2315.12,2315.12,-1.19,-1.2,1295,ranging
,2026-04-26T03:10:11.526049,ETH,mean_reversion,shadow,long,2316.94,2314.54,2315.24,2316.94,-20.35,-110.3,2464,ranging
,2026-04-26T03:10:42.184537,ETH,mean_reversion,paper,short,2314.85,2314.94,2314.85,2314.85,-0.42,-0.4,190,high_vol
,2026-04-26T03:10:42.185303,ETH,mean_reversion,shadow,short,2315.13,2315.92,2315.22,2315.13,-13.4,-103.4,1654,high_vol
,2026-04-26T03:10:48.322711,BTC,mean_reversion,paper,short,77530.09,77508.93,77530.09,77530.09,2.73,2.7,990,ranging
,2026-04-26T03:10:48.323133,BTC,mean_reversion,shadow,short,77515.8,77539.43,77516.17,77515.8,-13.05,-103.0,3135,ranging
,2026-04-26T03:10:50.367262,ETH,mean_reversion,paper,short,2315.54,2315.12,2315.54,2315.54,1.84,1.8,1035,high_vol
,2026-04-26T03:10:50.368127,ETH,mean_reversion,shadow,short,2315.58,2315.92,2315.22,2315.58,-11.48,-101.5,385,high_vol
,2026-04-26T03:11:00.574403,ETH,mean_reversion,paper,long,2315.46,2314.81,2315.46,2315.46,-2.77,-2.8,376,ranging
,2026-04-26T03:11:00.575216,ETH,mean_reversion,shadow,long,2316.97,2314.57,2315.27,2316.97,-20.37,-110.4,2843,ranging
,2026-04-26T03:11:18.986427,ETH,mean_reversion,paper,short,2315.38,2315.3,2315.38,2315.38,0.32,0.3,219,trending
,2026-04-26T03:11:18.987212,ETH,mean_reversion,shadow,short,2315.75,2316.12,2315.43,2315.75,-11.58,-101.6,1833,trending
,2026-04-26T03:11:29.216644,BTC,mean_reversion,paper,long,77502.01,77522.83,77502.01,77502.01,2.69,2.7,3075,high_vol
,2026-04-26T03:11:29.217477,BTC,mean_reversion,shadow,long,77575.81,77492.92,77516.17,77575.81,-20.69,-110.7,3191,high_vol
,2026-04-26T03:11:35.355157,ETH,mean_reversion,paper,long,2315.25,2315.2,2315.25,2315.25,-0.2,-0.2,930,high_vol
,2026-04-26T03:11:35.356001,ETH,mean_reversion,shadow,long,2316.64,2314.73,2315.43,2316.64,-18.22,-108.2,2907,high_vol
,2026-04-26T03:11:41.496745,BTC,mean_reversion,paper,long,77501.66,77525.32,77501.66,77501.66,3.05,3.1,1602,high_vol
,2026-04-26T03:11:41.497188,BTC,mean_reversion,shadow,long,77568.24,77492.92,77516.17,77568.24,-19.71,-109.7,1750,high_vol
,2026-04-26T03:11:49.650700,ETH,mean_reversion,paper,long,2315.87,2315.22,2315.87,2315.87,-2.83,-2.8,527,low_vol
,2026-04-26T03:11:49.651502,ETH,mean_reversion,shadow,long,2317.07,2314.73,2315.43,2317.07,-20.1,-110.1,3077,low_vol
,2026-04-26T03:12:03.972697,ETH,mean_reversion,paper,long,2315.26,2315.57,2315.26,2315.26,1.33,1.3,2082,low_vol
,2026-04-26T03:12:03.973493,ETH,mean_reversion,shadow,long,2316.93,2314.73,2315.43,2316.93,-19.5,-109.5,745,low_vol
,2026-04-26T03:12:12.156804,ETH,mean_reversion,paper,short,2315.83,2315.19,2315.83,2315.83,2.76,2.8,2010,ranging
,2026-04-26T03:12:12.157643,ETH,mean_reversion,shadow,short,2315.49,2316.12,2315.43,2315.49,-12.71,-102.7,2661,ranging
,2026-04-26T03:12:36.672547,BTC,mean_reversion,paper,short,77517.42,77524.54,77517.42,77517.42,-0.92,-0.9,1199,low_vol
,2026-04-26T03:12:36.673128,BTC,mean_reversion,shadow,short,77528.18,77541.91,77518.65,77528.18,-11.77,-101.8,3500,low_vol
,2026-04-26T03:12:50.984546,ETH,mean_reversion,paper,long,2315.95,2315.85,2315.95,2315.95,-0.42,-0.4,1060,ranging
,2026-04-26T03:12:50.984925,ETH,mean_reversion,shadow,long,2317.06,2315.09,2315.78,2317.06,-18.49,-108.5,2304,ranging
,2026-04-26T03:12:53.019480,ETH,mean_reversion,paper,short,2316.13,2316.05,2316.13,2316.13,0.37,0.4,3010,trending
,2026-04-26T03:12:53.020031,ETH,mean_reversion,shadow,short,2316.18,2316.48,2315.78,2316.18,-11.28,-101.3,1915,trending
,2026-04-26T03:13:05.296809,BTC,mean_reversion,paper,short,77508.16,77502.72,77508.16,77508.16,0.7,0.7,3098,trending
,2026-04-26T03:13:05.297403,BTC,mean_reversion,shadow,short,77526.76,77536.22,77512.96,77526.76,-11.22,-101.2,2798,trending
,2026-04-26T03:13:27.804489,ETH,mean_reversion,paper,long,2316.15,2315.82,2316.15,2316.15,-1.39,-1.4,1635,ranging
,2026-04-26T03:13:27.805270,ETH,mean_reversion,shadow,long,2317.74,2315.49,2316.18,2317.74,-19.71,-109.7,1100,ranging
,2026-04-26T03:13:35.992633,BTC,mean_reversion,paper,short,77547.25,77536.57,77547.25,77547.25,1.38,1.4,937,trending
,2026-04-26T03:13:35.993286,BTC,mean_reversion,shadow,short,77540.05,77560.4,77537.14,77540.05,-12.62,-102.6,519,trending
,2026-04-26T03:13:46.227768,ETH,mean_reversion,paper,long,2315.9,2316.02,2315.9,2315.9,0.5,0.5,1507,low_vol
,2026-04-26T03:13:46.228587,ETH,mean_reversion,shadow,long,2317.83,2315.49,2316.18,2317.83,-20.08,-110.1,980,low_vol
,2026-04-26T03:13:54.418839,ETH,mean_reversion,paper,long,2316.33,2316.57,2316.33,2316.33,1.03,1.0,2022,trending
,2026-04-26T03:13:54.457208,ETH,mean_reversion,shadow,long,2317.78,2315.57,2316.27,2317.78,-19.52,-109.5,1170,trending
,2026-04-26T03:14:08.727972,BTC,mean_reversion,paper,long,77541.01,77546.33,77541.01,77541.01,0.69,0.7,2060,ranging
,2026-04-26T03:14:08.728829,BTC,mean_reversion,shadow,long,77588.63,77514.73,77537.99,77588.63,-19.52,-109.5,2712,ranging
,2026-04-26T03:14:16.916572,ETH,mean_reversion,paper,short,2316.69,2316.34,2316.69,2316.69,1.5,1.5,178,low_vol
,2026-04-26T03:14:16.917350,ETH,mean_reversion,shadow,short,2316.6,2317.11,2316.41,2316.6,-12.21,-102.2,658,low_vol
,2026-04-26T03:14:27.141039,BTC,mean_reversion,paper,long,77535.64,77528.85,77535.64,77535.64,-0.88,-0.9,2595,ranging
,2026-04-26T03:14:27.141886,BTC,mean_reversion,shadow,long,77597.47,77514.73,77537.99,77597.47,-20.66,-110.7,804,ranging
,2026-04-26T03:14:39.452573,ETH,mean_reversion,paper,long,2317.04,2317.01,2317.04,2317.04,-0.15,-0.1,990,trending
,2026-04-26T03:14:39.452986,ETH,mean_reversion,shadow,long,2318.3,2315.93,2316.62,2318.3,-20.23,-110.2,1716,trending
,2026-04-26T03:14:57.791304,BTC,mean_reversion,paper,short,77553.59,77559.21,77553.59,77553.59,-0.73,-0.7,268,trending
,2026-04-26T03:14:57.792160,BTC,mean_reversion,shadow,short,77545.29,77572.5,77549.24,77545.29,-13.51,-103.5,876,trending
,2026-04-26T03:15:05.982462,BTC,mean_reversion,paper,short,77563.28,77557.89,77563.28,77563.28,0.7,0.7,3507,ranging
,2026-04-26T03:15:05.983195,BTC,mean_reversion,shadow,short,77553.23,77572.5,77549.24,77553.23,-12.48,-102.5,146,ranging
,2026-04-26T03:15:08.030347,BTC,mean_reversion,paper,short,77539.79,77546.04,77539.79,77539.79,-0.81,-0.8,1163,low_vol
,2026-04-26T03:15:08.031057,BTC,mean_reversion,shadow,short,77562.84,77572.5,77549.24,77562.84,-11.25,-101.2,2881,low_vol
,2026-04-26T03:15:18.272025,ETH,mean_reversion,paper,short,2316.3,2316.74,2316.3,2316.3,-1.9,-1.9,3302,high_vol
,2026-04-26T03:15:18.272711,ETH,mean_reversion,shadow,short,2316.96,2317.35,2316.65,2316.96,-11.68,-101.7,3298,high_vol
,2026-04-26T03:15:22.363864,ETH,mean_reversion,paper,long,2316.2,2316.36,2316.2,2316.2,0.66,0.7,2008,low_vol
,2026-04-26T03:15:22.364483,ETH,mean_reversion,shadow,long,2318.42,2315.96,2316.65,2318.42,-20.63,-110.6,2929,low_vol
,2026-04-26T03:15:30.533828,BTC,mean_reversion,paper,long,77543.59,77543.56,77543.59,77543.59,-0.0,-0.0,1615,low_vol
,2026-04-26T03:15:30.534500,BTC,mean_reversion,shadow,long,77603.43,77525.97,77549.24,77603.43,-19.98,-110.0,835,low_vol
,2026-04-26T03:15:55.104243,BTC,mean_reversion,paper,short,77562.24,77557.26,77562.24,77562.24,0.64,0.6,2980,low_vol
,2026-04-26T03:15:55.105208,BTC,mean_reversion,shadow,short,77553.22,77572.5,77549.24,77553.22,-12.49,-102.5,1718,low_vol
,2026-04-26T03:16:46.246148,ETH,mean_reversion,paper,short,2316.79,2316.49,2316.79,2316.79,1.31,1.3,1126,ranging
,2026-04-26T03:16:46.246985,ETH,mean_reversion,shadow,short,2316.8,2317.6,2316.9,2316.8,-13.47,-103.5,1790,ranging
,2026-04-26T03:17:10.785701,BTC,mean_reversion,paper,short,77564.74,77570.11,77564.74,77564.74,-0.69,-0.7,2789,trending
,2026-04-26T03:17:10.786437,BTC,mean_reversion,shadow,short,77567.65,77585.42,77562.15,77567.65,-12.29,-102.3,3165,trending
,2026-04-26T03:17:21.028038,ETH,mean_reversion,paper,short,2317.3,2317.28,2317.3,2317.3,0.1,0.1,3107,ranging
,2026-04-26T03:17:21.028836,ETH,mean_reversion,shadow,short,2317.06,2317.7,2317.01,2317.06,-12.77,-102.8,224,ranging
,2026-04-26T03:17:25.126144,BTC,mean_reversion,paper,short,77564.01,77575.78,77564.01,77564.01,-1.52,-1.5,2432,low_vol
,2026-04-26T03:17:25.126986,BTC,mean_reversion,shadow,short,77565.07,77585.54,77562.27,77565.07,-12.64,-102.6,1595,low_vol
,2026-04-26T03:17:37.454534,BTC,mean_reversion,paper,short,77555.84,77574.76,77555.84,77555.84,-2.44,-2.4,680,high_vol
,2026-04-26T03:17:37.460787,BTC,mean_reversion,shadow,short,77561.96,77585.54,77562.27,77561.96,-13.04,-103.0,751,high_vol
,2026-04-26T03:17:43.546634,BTC,mean_reversion,paper,long,77575.4,77546.96,77575.4,77575.4,-3.67,-3.7,552,low_vol
,2026-04-26T03:17:43.547301,BTC,mean_reversion,shadow,long,77607.53,77539.01,77562.27,77607.53,-18.83,-108.8,729,low_vol
,2026-04-26T03:17:51.729877,ETH,mean_reversion,paper,long,2316.91,2317.13,2316.91,2316.91,0.96,1.0,1712,high_vol
,2026-04-26T03:17:51.731631,ETH,mean_reversion,shadow,long,2318.38,2316.31,2317.01,2318.38,-18.94,-108.9,1872,high_vol
,2026-04-26T03:18:16.322164,ETH,mean_reversion,paper,short,2317.06,2317.16,2317.06,2317.06,-0.42,-0.4,1773,trending
,2026-04-26T03:18:16.322974,ETH,mean_reversion,shadow,short,2316.88,2317.7,2317.01,2316.88,-13.52,-103.5,1644,trending
,2026-04-26T03:18:38.828923,ETH,mean_reversion,paper,long,2316.79,2316.93,2316.79,2316.79,0.63,0.6,793,high_vol
,2026-04-26T03:18:38.829933,ETH,mean_reversion,shadow,long,2318.89,2316.35,2317.05,2318.89,-20.94,-110.9,3582,high_vol
,2026-04-26T03:19:05.479759,BTC,mean_reversion,paper,long,77577.23,77560.43,77577.23,77577.23,-2.17,-2.2,562,ranging
,2026-04-26T03:19:05.480055,BTC,mean_reversion,shadow,long,77624.74,77540.05,77563.32,77624.74,-20.91,-110.9,254,ranging
,2026-04-26T03:19:25.925704,BTC,mean_reversion,paper,short,77563.08,77551.36,77563.08,77563.08,1.51,1.5,1306,high_vol
,2026-04-26T03:19:25.926437,BTC,mean_reversion,shadow,short,77557.08,77586.62,77563.36,77557.08,-13.81,-103.8,1310,high_vol
,2026-04-26T03:19:44.373561,ETH,mean_reversion,paper,short,2317.34,2316.94,2317.34,2317.34,1.73,1.7,1456,trending
,2026-04-26T03:19:44.374402,ETH,mean_reversion,shadow,short,2316.82,2317.7,2317.01,2316.82,-13.78,-103.8,2427,trending
,2026-04-26T03:20:00.739379,ETH,mean_reversion,paper,short,2316.73,2316.49,2316.73,2316.73,1.04,1.0,1978,low_vol
,2026-04-26T03:20:00.740186,ETH,mean_reversion,shadow,short,2316.7,2317.58,2316.89,2316.7,-13.8,-103.8,2264,low_vol
,2026-04-26T03:20:06.887884,BTC,mean_reversion,paper,long,77540.52,77563.8,77540.52,77540.52,3.0,3.0,1484,ranging
,2026-04-26T03:20:06.888532,BTC,mean_reversion,shadow,long,77602.09,77525.77,77549.04,77602.09,-19.83,-109.8,1017,ranging
,2026-04-26T03:20:13.034182,ETH,mean_reversion,paper,short,2316.54,2316.46,2316.54,2316.54,0.33,0.3,1850,trending
,2026-04-26T03:20:13.034893,ETH,mean_reversion,shadow,short,2317.11,2317.48,2316.78,2317.11,-11.61,-101.6,2969,trending
,2026-04-26T03:20:17.133758,BTC,mean_reversion,paper,long,77557.72,77561.08,77557.72,77557.72,0.43,0.4,102,low_vol
,2026-04-26T03:20:17.134340,BTC,mean_reversion,shadow,long,77601.63,77525.77,77549.04,77601.63,-19.78,-109.8,2274,low_vol
,2026-04-26T03:20:19.175387,ETH,mean_reversion,paper,short,2316.54,2316.97,2316.54,2316.54,-1.87,-1.9,1746,trending
,2026-04-26T03:20:19.175615,ETH,mean_reversion,shadow,short,2317.01,2317.48,2316.78,2317.01,-12.04,-102.0,3083,trending
,2026-04-26T03:21:08.314799,ETH,mean_reversion,paper,short,2316.69,2316.73,2316.69,2316.69,-0.15,-0.1,1984,trending
,2026-04-26T03:21:08.315545,ETH,mean_reversion,shadow,short,2317.31,2317.62,2316.92,2317.31,-11.32,-101.3,410,trending
,2026-04-26T03:21:16.510352,BTC,mean_reversion,paper,short,77561.98,77556.41,77561.98,77561.98,0.72,0.7,2714,trending
,2026-04-26T03:21:16.510801,BTC,mean_reversion,shadow,short,77562.11,77572.3,77549.04,77562.11,-11.31,-101.3,1194,trending
,2026-04-26T03:21:34.930585,BTC,mean_reversion,paper,short,77558.04,77547.03,77558.04,77558.04,1.42,1.4,457,ranging
,2026-04-26T03:21:34.931377,BTC,mean_reversion,shadow,short,77557.73,77572.3,77549.04,77557.73,-11.88,-101.9,1108,ranging
,2026-04-26T03:21:41.083077,ETH,mean_reversion,paper,short,2316.58,2316.49,2316.58,2316.58,0.38,0.4,2053,low_vol
,2026-04-26T03:21:41.083891,ETH,mean_reversion,shadow,short,2317.04,2317.49,2316.8,2317.04,-11.92,-101.9,602,low_vol
,2026-04-26T03:21:47.240780,BTC,mean_reversion,paper,short,77548.09,77541.79,77548.09,77548.09,0.81,0.8,721,high_vol
,2026-04-26T03:21:47.241593,BTC,mean_reversion,shadow,short,77561.97,77572.3,77549.04,77561.97,-11.33,-101.3,3091,high_vol
,2026-04-26T03:21:51.340743,BTC,mean_reversion,paper,short,77556.13,77558.29,77556.13,77556.13,-0.28,-0.3,3443,high_vol
,2026-04-26T03:21:51.341334,BTC,mean_reversion,shadow,short,77555.25,77572.3,77549.04,77555.25,-12.2,-102.2,1695,high_vol
,2026-04-26T03:21:59.523081,BTC,mean_reversion,paper,short,77539.99,77556.77,77539.99,77539.99,-2.16,-2.2,398,trending
,2026-04-26T03:21:59.523714,BTC,mean_reversion,shadow,short,77548.82,77571.28,77548.01,77548.82,-12.9,-102.9,1608,trending
,2026-04-26T03:22:03.612298,ETH,mean_reversion,paper,long,2317.15,2317.01,2317.15,2317.15,-0.59,-0.6,1805,ranging
,2026-04-26T03:22:03.612946,ETH,mean_reversion,shadow,long,2317.96,2316.08,2316.78,2317.96,-18.13,-108.1,2522,ranging
,2026-04-26T03:22:11.806961,ETH,mean_reversion,paper,short,2317.23,2316.78,2317.23,2317.23,1.94,1.9,1964,ranging
,2026-04-26T03:22:11.807509,ETH,mean_reversion,shadow,short,2316.73,2317.47,2316.78,2316.73,-13.18,-103.2,2133,ranging
,2026-04-26T03:57:13.851464,ETH,mean_reversion,paper,long,2310.38,2310.15,2310.38,2310.38,-1.01,-1.0,1266,high_vol
,2026-04-26T03:57:13.853511,ETH,mean_reversion,shadow,long,2311.43,2309.24,2309.93,2311.43,-19.44,-109.4,1978,high_vol
,2026-04-26T03:57:19.999265,BTC,mean_reversion,paper,short,77420.71,77407.67,77420.71,77420.71,1.68,1.7,978,trending
,2026-04-26T03:57:20.000004,BTC,mean_reversion,shadow,short,77408.2,77434.82,77411.6,77408.2,-13.44,-103.4,3072,trending
,2026-04-26T03:57:40.443921,ETH,mean_reversion,paper,short,2310.55,2309.84,2310.55,2310.55,3.05,3.1,1925,low_vol
,2026-04-26T03:57:40.444707,ETH,mean_reversion,shadow,short,2310.23,2310.81,2310.11,2310.23,-12.5,-102.5,1845,low_vol
,2026-04-26T03:57:46.580472,BTC,mean_reversion,paper,long,77409.79,77404.98,77409.79,77409.79,-0.62,-0.6,1297,low_vol
,2026-04-26T03:57:46.581398,BTC,mean_reversion,shadow,long,77461.93,77388.96,77412.18,77461.93,-19.42,-109.4,1428,low_vol
,2026-04-26T03:57:54.777050,ETH,mean_reversion,paper,long,2310.07,2310.02,2310.07,2310.07,-0.22,-0.2,2706,high_vol
,2026-04-26T03:57:54.777872,ETH,mean_reversion,shadow,long,2311.6,2309.64,2310.34,2311.6,-18.49,-108.5,2845,high_vol
,2026-04-26T03:58:05.018252,BTC,mean_reversion,paper,long,77432.4,77437.97,77432.4,77432.4,0.72,0.7,1739,low_vol
,2026-04-26T03:58:05.019091,BTC,mean_reversion,shadow,long,77477.92,77399.83,77423.05,77477.92,-20.08,-110.1,955,low_vol
,2026-04-26T03:58:35.709235,BTC,mean_reversion,paper,short,77443.5,77423.9,77443.5,77443.5,2.53,2.5,1644,trending
,2026-04-26T03:58:35.709985,BTC,mean_reversion,shadow,short,77437.74,77457.43,77434.2,77437.74,-12.54,-102.5,1454,trending
,2026-04-26T03:58:45.955021,ETH,mean_reversion,paper,long,2310.91,2310.94,2310.91,2310.91,0.11,0.1,2701,ranging
,2026-04-26T03:58:45.955836,ETH,mean_reversion,shadow,long,2312.26,2309.96,2310.65,2312.26,-19.96,-110.0,3443,ranging
,2026-04-26T04:04:28.330409,ETH,mean_reversion,paper,short,2311.06,2310.84,2311.06,2311.06,0.99,1.0,1093,ranging
,2026-04-26T04:04:28.331254,ETH,mean_reversion,shadow,short,2311.16,2311.98,2311.28,2311.16,-13.53,-103.5,1377,ranging
,2026-04-26T04:04:47.193580,BTC,mean_reversion,paper,long,77428.69,77427.27,77428.69,77428.69,-0.18,-0.2,120,high_vol
,2026-04-26T04:04:47.240093,BTC,mean_reversion,shadow,long,77486.58,77409.15,77432.38,77486.58,-19.99,-110.0,3322,high_vol
,2026-04-26T04:04:59.803733,ETH,mean_reversion,paper,short,2309.57,2308.94,2309.57,2309.57,2.71,2.7,1025,ranging
,2026-04-26T04:04:59.804215,ETH,mean_reversion,shadow,short,2309.08,2309.95,2309.26,2309.08,-13.78,-103.8,2229,ranging
,2026-04-26T04:05:03.963317,ETH,mean_reversion,paper,short,2309.17,2308.87,2309.17,2309.17,1.28,1.3,845,high_vol
,2026-04-26T04:05:03.963972,ETH,mean_reversion,shadow,short,2309.27,2309.99,2309.3,2309.27,-13.13,-103.1,2242,high_vol
,2026-04-26T04:05:18.529647,BTC,mean_reversion,paper,short,77390.16,77389.05,77390.16,77390.16,0.14,0.1,1740,high_vol
,2026-04-26T04:05:18.530293,BTC,mean_reversion,shadow,short,77405.87,77425.86,77402.64,77405.87,-12.58,-102.6,3092,high_vol
,2026-04-26T04:05:33.177708,BTC,mean_reversion,paper,short,77396.45,77423.26,77396.45,77396.45,-3.46,-3.5,3492,ranging
,2026-04-26T04:05:33.178344,BTC,mean_reversion,shadow,short,77416.27,77434.5,77411.27,77416.27,-12.35,-102.4,241,ranging
,2026-04-26T04:06:16.902866,BTC,mean_reversion,paper,short,77406.32,77431.31,77406.32,77406.32,-3.23,-3.2,3083,high_vol
,2026-04-26T04:06:16.903702,BTC,mean_reversion,shadow,short,77433.6,77443.7,77420.48,77433.6,-11.3,-101.3,2091,high_vol
,2026-04-26T04:06:25.223711,BTC,mean_reversion,paper,short,77427.25,77440.74,77427.25,77427.25,-1.74,-1.7,822,trending
,2026-04-26T04:06:25.245945,BTC,mean_reversion,shadow,short,77433.63,77463.68,77440.45,77433.63,-13.88,-103.9,1415,trending
,2026-04-26T04:06:39.723166,BTC,mean_reversion,paper,long,77436.43,77442.37,77436.43,77436.43,0.77,0.8,666,ranging
,2026-04-26T04:06:39.723949,BTC,mean_reversion,shadow,long,77494.75,77409.61,77432.83,77494.75,-20.99,-111.0,1355,ranging
,2026-04-26T04:06:50.162925,BTC,mean_reversion,paper,short,77429.91,77444.99,77429.91,77429.91,-1.95,-1.9,3510,high_vol
,2026-04-26T04:06:50.164948,BTC,mean_reversion,shadow,short,77432.72,77456.06,77432.83,77432.72,-13.01,-103.0,1000,high_vol
,2026-04-26T04:06:56.417340,ETH,mean_reversion,paper,short,2310.59,2310.22,2310.59,2310.59,1.6,1.6,2840,ranging
,2026-04-26T04:06:56.417958,ETH,mean_reversion,shadow,short,2310.67,2311.3,2310.61,2310.67,-12.72,-102.7,2677,ranging
,2026-04-26T04:07:29.718911,ETH,mean_reversion,paper,long,2311.14,2310.96,2311.14,2311.14,-0.76,-0.8,1115,low_vol
,2026-04-26T04:07:29.719710,ETH,mean_reversion,shadow,long,2312.99,2310.52,2311.22,2312.99,-20.69,-110.7,869,low_vol
2026-04-25-21-07-33,2026-04-26T04:07:33.311015,RUN_SEPARATOR,,,,,,,,,,,
2026-04-25-21-07-33,2026-04-26T04:07:46.213428,BTC,mean_reversion,paper,short,77459.9,77459.17,77459.9,77459.9,0.09,0.1,3029,low_vol
2026-04-25-21-07-33,2026-04-26T04:07:46.214062,BTC,mean_reversion,shadow,short,77448.48,77475.49,77452.26,77448.48,-13.49,-103.5,2884,low_vol
2026-04-25-21-07-33,2026-04-26T04:07:52.518327,ETH,mean_reversion,paper,long,2311.85,2311.21,2311.85,2311.85,-2.74,-2.7,1927,ranging
2026-04-25-21-07-33,2026-04-26T04:07:52.519084,ETH,mean_reversion,shadow,long,2312.64,2310.71,2311.4,2312.64,-18.34,-108.3,560,ranging
,2026-04-26T04:20:31.128784,ETH,mean_reversion,paper,short,2311.7,2311.81,2311.7,2311.7,-0.47,-0.5,3523,ranging
,2026-04-26T04:20:31.130296,ETH,mean_reversion,shadow,short,2311.84,2312.46,2311.77,2311.84,-12.68,-102.7,1432,ranging
,2026-04-26T04:20:41.530792,BTC,mean_reversion,paper,long,77514.41,77491.13,77514.41,77514.41,-3.0,-3.0,793,trending
,2026-04-26T04:20:41.532354,BTC,mean_reversion,shadow,long,77550.32,77481.11,77504.36,77550.32,-18.92,-108.9,611,trending
,2026-04-26T04:20:45.690922,BTC,mean_reversion,paper,long,77515.5,77505.55,77515.5,77515.5,-1.28,-1.3,542,trending
,2026-04-26T04:20:45.691758,BTC,mean_reversion,shadow,long,77556.35,77481.11,77504.36,77556.35,-19.7,-109.7,2255,trending
,2026-04-26T04:21:23.213579,ETH,mean_reversion,paper,short,2311.56,2311.66,2311.56,2311.56,-0.42,-0.4,556,trending
,2026-04-26T04:21:23.213929,ETH,mean_reversion,shadow,short,2311.96,2312.55,2311.86,2311.96,-12.53,-102.5,706,trending
,2026-04-26T04:21:44.005596,BTC,mean_reversion,paper,short,77487.53,77510.42,77487.53,77487.53,-2.95,-3.0,2540,low_vol
,2026-04-26T04:21:44.006395,BTC,mean_reversion,shadow,short,77500.3,77524.46,77501.21,77500.3,-13.12,-103.1,524,low_vol
