run_id,2026-04-16-21-47-27,2026-04-17T04:47:27.109393,RUN_SEPARATOR,,,,,,,,,,,
phase_28_run,2026-04-16-21-47-45,2026-04-17T04:47:45.402657,RUN_SEPARATOR,,,,,,,,,,,
,2026-04-20T22:25:52.850712,ETH,Mean Reversion,paper,long,99.53,99.67,99.53,99.53,14.08,14.1,782,low_vol
,2026-04-20T22:25:52.851589,ETH,Mean Reversion,shadow,long,99.59,98.98,99.54,99.59,-71.7,-161.7,1085,low_vol
,2026-04-20T22:25:54.900709,BTC,Mean Reversion,paper,short,99.57,98.38,99.57,99.57,119.97,120.0,725,high_vol
,2026-04-20T22:25:54.901178,BTC,Mean Reversion,shadow,short,99.6,98.18,99.58,99.6,132.61,42.6,3259,high_vol
,2026-04-20T22:25:58.977684,BTC,Mean Reversion,paper,long,98.65,98.41,98.65,98.65,-24.4,-24.4,854,high_vol
,2026-04-20T22:25:58.978455,BTC,Mean Reversion,shadow,long,98.72,99.14,98.64,98.72,32.95,-57.1,1943,high_vol
,2026-04-20T22:26:00.984010,ETH,Mean Reversion,paper,long,98.59,97.3,98.59,98.59,-131.59,-131.6,2816,high_vol
,2026-04-20T22:26:00.984903,ETH,Mean Reversion,shadow,long,98.68,97.25,98.61,98.68,-154.37,-244.4,849,high_vol
,2026-04-20T22:26:05.050729,BTC,Mean Reversion,paper,short,99.45,97.89,99.45,99.45,157.1,157.1,2168,low_vol
,2026-04-20T22:26:05.051723,BTC,Mean Reversion,shadow,short,99.43,97.7,99.44,99.43,164.23,74.2,2510,low_vol
,2026-04-20T22:26:23.031212,BTC,Mean Reversion,paper,short,99.52,99.75,99.52,99.52,-22.98,-23.0,1551,low_vol
,2026-04-20T22:26:23.031968,BTC,Mean Reversion,shadow,short,99.55,99.4,99.54,99.55,5.34,-84.7,1428,low_vol
,2026-04-20T22:26:41.410307,BTC,Mean Reversion,paper,long,99.9,100.82,99.9,99.9,92.46,92.5,1561,high_vol
,2026-04-20T22:26:41.411354,BTC,Mean Reversion,shadow,long,99.93,100.84,99.88,99.93,80.8,-9.2,837,high_vol
,2026-04-20T22:26:57.670131,ETH,Mean Reversion,paper,long,100.72,100.67,100.72,100.72,-4.14,-4.1,1933,low_vol
,2026-04-20T22:26:57.671197,ETH,Mean Reversion,shadow,long,100.78,100.77,100.72,100.78,-10.87,-100.9,1139,low_vol
,2026-04-20T22:27:20.145462,BTC,Mean Reversion,paper,long,101.2,101.23,101.2,101.2,3.45,3.5,499,ranging
,2026-04-20T22:27:20.147100,BTC,Mean Reversion,shadow,long,101.28,101.63,101.21,101.28,24.05,-65.9,3089,ranging
,2026-04-20T22:28:09.259342,ETH,Mean Reversion,paper,short,100.32,100.7,100.32,100.32,-37.84,-37.8,3500,high_vol
,2026-04-20T22:28:09.261178,ETH,Mean Reversion,shadow,short,100.32,99.47,100.31,100.32,74.69,-15.3,2060,high_vol
,2026-04-20T22:28:13.364276,BTC,Mean Reversion,paper,short,101.15,101.84,101.15,101.15,-68.85,-68.9,2014,ranging
,2026-04-20T22:28:13.365123,BTC,Mean Reversion,shadow,short,101.17,102.3,101.16,101.17,-121.46,-211.5,3412,ranging
,2026-04-20T22:28:50.032915,ETH,Mean Reversion,paper,long,100.03,100.31,100.03,100.03,27.92,27.9,2872,trending
,2026-04-20T22:28:50.035568,ETH,Mean Reversion,shadow,long,100.11,100.96,100.04,100.11,74.44,-15.6,2536,trending
2026-04-20-15-28-54,2026-04-20T22:29:08.317384,ETH,Mean Reversion,paper,long,101.29,100.84,101.29,101.29,-44.13,-44.1,1080,ranging
2026-04-20-15-28-54,2026-04-20T22:29:08.318565,ETH,Mean Reversion,shadow,long,101.34,100.52,101.27,101.34,-91.36,-181.4,3475,ranging
2026-04-20-15-28-54,2026-04-20T22:29:14.452296,BTC,Mean Reversion,paper,long,102.8,103.22,102.8,102.8,40.73,40.7,1288,trending
2026-04-20-15-28-54,2026-04-20T22:29:14.453649,BTC,Mean Reversion,shadow,long,102.85,102.69,102.8,102.85,-26.0,-116.0,3271,trending
2026-04-20-15-28-54,2026-04-20T22:29:26.600669,BTC,Mean Reversion,paper,long,102.43,101.2,102.43,102.43,-120.23,-120.2,3528,ranging
2026-04-20-15-28-54,2026-04-20T22:29:26.602662,BTC,Mean Reversion,shadow,long,102.49,101.9,102.44,102.49,-67.92,-157.9,2331,ranging
2026-04-20-15-28-54,2026-04-20T22:29:40.933931,ETH,Mean Reversion,paper,short,99.96,100.15,99.96,99.96,-19.16,-19.2,296,trending
2026-04-20-15-28-54,2026-04-20T22:29:40.935342,ETH,Mean Reversion,shadow,short,99.95,100.02,99.94,99.95,-16.78,-106.8,2759,trending
2026-04-20-15-28-54,2026-04-20T22:29:45.050688,ETH,Mean Reversion,paper,long,99.84,100.26,99.84,99.84,42.18,42.2,1464,low_vol
2026-04-20-15-28-54,2026-04-20T22:29:45.051592,ETH,Mean Reversion,shadow,long,99.9,100.33,99.84,99.9,32.64,-57.4,1579,low_vol
2026-04-20-15-28-54,2026-04-20T22:30:42.318096,ETH,Mean Reversion,paper,long,100.66,101.07,100.66,100.66,40.38,40.4,2217,high_vol
2026-04-20-15-28-54,2026-04-20T22:30:42.320326,ETH,Mean Reversion,shadow,long,100.73,101.37,100.65,100.73,53.85,-36.1,414,high_vol
2026-04-20-15-28-54,2026-04-20T22:30:52.520047,BTC,Mean Reversion,paper,long,100.42,99.98,100.42,100.42,-43.97,-44.0,2223,ranging
2026-04-20-15-28-54,2026-04-20T22:30:52.525279,BTC,Mean Reversion,shadow,long,100.47,100.14,100.41,100.47,-43.08,-133.1,3196,ranging
2026-04-20-15-28-54,2026-04-20T22:30:58.604612,ETH,Mean Reversion,paper,long,105.7,105.57,105.7,105.7,-11.98,-12.0,879,high_vol
2026-04-20-15-28-54,2026-04-20T22:30:58.606009,ETH,Mean Reversion,shadow,long,105.77,105.64,105.7,105.77,-22.63,-112.6,3481,high_vol
2026-04-20-15-28-54,2026-04-20T22:31:06.667391,BTC,Mean Reversion,paper,long,101.53,102.22,101.53,101.53,68.16,68.2,1160,low_vol
2026-04-20-15-28-54,2026-04-20T22:31:06.669408,BTC,Mean Reversion,shadow,long,101.62,101.75,101.55,101.62,3.01,-87.0,1444,low_vol
2026-04-20-15-28-54,2026-04-20T22:31:08.735211,ETH,Mean Reversion,paper,short,101.56,101.19,101.56,101.56,36.22,36.2,2732,trending
2026-04-20-15-28-54,2026-04-20T22:31:08.735817,ETH,Mean Reversion,shadow,short,101.57,101.33,101.55,101.57,13.59,-76.4,783,trending
2026-04-20-15-28-54,2026-04-20T22:31:18.994830,BTC,Mean Reversion,paper,short,96.85,97.12,96.85,96.85,-27.5,-27.5,2705,trending
2026-04-20-15-28-54,2026-04-20T22:31:18.996540,BTC,Mean Reversion,shadow,short,96.84,96.85,96.84,96.84,-10.93,-100.9,2050,trending
2026-04-20-15-28-54,2026-04-20T22:31:27.179625,ETH,Mean Reversion,paper,short,103.9,104.13,103.9,103.9,-21.39,-21.4,269,ranging
2026-04-20-15-28-54,2026-04-20T22:31:27.181540,ETH,Mean Reversion,shadow,short,103.9,104.56,103.9,103.9,-73.39,-163.4,2577,ranging
2026-04-20-15-28-54,2026-04-20T22:31:39.474817,ETH,Mean Reversion,paper,short,103.65,102.92,103.65,103.65,70.4,70.4,531,low_vol
2026-04-20-15-28-54,2026-04-20T22:31:39.476764,ETH,Mean Reversion,shadow,short,103.65,103.7,103.66,103.65,-14.81,-104.8,2489,low_vol
,2026-04-20T22:49:09.604568,BTC,Mean Reversion,paper,long,100.32,99.61,100.32,100.32,-70.94,-70.9,406,low_vol
,2026-04-20T22:49:09.607302,BTC,Mean Reversion,shadow,long,100.39,99.46,100.33,100.39,-102.69,-192.7,3291,low_vol
,2026-04-20T22:49:21.855801,BTC,Mean Reversion,paper,long,99.89,100.54,99.89,99.89,65.68,65.7,1926,low_vol
,2026-04-20T22:49:21.858159,BTC,Mean Reversion,shadow,long,99.94,100.79,99.89,99.94,74.93,-15.1,591,low_vol
,2026-04-20T22:49:32.002952,ETH,Mean Reversion,paper,long,99.48,99.72,99.48,99.48,24.77,24.8,3039,ranging
,2026-04-20T22:49:32.008278,ETH,Mean Reversion,shadow,long,99.52,99.86,99.47,99.52,24.07,-65.9,1451,ranging
,2026-04-20T22:49:36.043521,BTC,Mean Reversion,paper,short,100.22,100.29,100.22,100.22,-6.95,-6.9,595,trending
,2026-04-20T22:49:36.046367,BTC,Mean Reversion,shadow,short,100.23,100.05,100.23,100.23,7.67,-82.3,1657,trending
,2026-04-20T22:50:10.822944,ETH,Mean Reversion,paper,long,99.07,98.55,99.07,99.07,-52.76,-52.8,1245,ranging
,2026-04-20T22:50:10.825227,ETH,Mean Reversion,shadow,long,99.11,98.2,99.05,99.11,-102.19,-192.2,2121,ranging
,2026-04-20T22:50:28.995889,BTC,Mean Reversion,paper,long,99.97,100.08,99.97,99.97,11.75,11.8,1702,low_vol
,2026-04-20T22:50:28.996804,BTC,Mean Reversion,shadow,long,100.05,100.05,99.98,100.05,-10.05,-100.0,1013,low_vol
,2026-04-20T22:50:37.190015,BTC,Mean Reversion,paper,long,99.31,99.82,99.31,99.31,51.12,51.1,1189,ranging
,2026-04-20T22:50:37.191903,BTC,Mean Reversion,shadow,long,99.39,100.02,99.33,99.39,53.56,-36.4,1702,ranging
,2026-04-20T22:50:45.336293,ETH,Mean Reversion,paper,short,99.27,99.4,99.27,99.27,-13.6,-13.6,1982,trending
,2026-04-20T22:50:45.337214,ETH,Mean Reversion,shadow,short,99.25,99.55,99.25,99.25,-40.04,-130.0,240,trending
,2026-04-20T22:50:49.420083,BTC,Mean Reversion,paper,long,100.44,100.43,100.44,100.44,-1.0,-1.0,1817,trending
,2026-04-20T22:50:49.420912,BTC,Mean Reversion,shadow,long,100.51,100.32,100.43,100.51,-28.64,-118.6,947,trending
,2026-04-20T22:50:53.489439,ETH,Mean Reversion,paper,short,99.34,99.23,99.34,99.34,11.31,11.3,2360,trending
,2026-04-20T22:50:53.490318,ETH,Mean Reversion,shadow,short,99.34,99.14,99.33,99.34,10.26,-79.7,1464,trending
,2026-04-20T22:51:05.814276,ETH,Mean Reversion,paper,long,98.23,98.5,98.23,98.23,26.71,26.7,1839,low_vol
,2026-04-20T22:51:05.815102,ETH,Mean Reversion,shadow,long,98.28,98.51,98.22,98.28,13.04,-77.0,3488,low_vol
,2026-04-20T22:51:07.822792,ETH,Mean Reversion,paper,short,99.38,98.49,99.38,99.38,89.4,89.4,2584,high_vol
,2026-04-20T22:51:07.823452,ETH,Mean Reversion,shadow,short,99.39,98.37,99.37,99.39,92.48,2.5,477,high_vol
,2026-04-20T22:51:28.246367,BTC,Mean Reversion,paper,short,100.69,100.96,100.69,100.69,-26.02,-26.0,1756,low_vol
,2026-04-20T22:51:28.248106,BTC,Mean Reversion,shadow,short,100.71,100.59,100.7,100.71,2.09,-87.9,2776,low_vol
,2026-04-20T22:51:54.754432,ETH,Mean Reversion,paper,short,98.08,98.02,98.08,98.08,6.55,6.5,3450,trending
,2026-04-20T22:51:54.756208,ETH,Mean Reversion,shadow,short,98.1,97.77,98.1,98.1,23.28,-66.7,475,trending
,2026-04-20T22:51:58.799055,ETH,Mean Reversion,paper,short,97.02,97.31,97.02,97.02,-29.97,-30.0,720,ranging
,2026-04-20T22:51:58.799754,ETH,Mean Reversion,shadow,short,97.02,97.01,97.02,97.02,-8.9,-98.9,3432,ranging
,2026-04-20T22:52:04.888966,ETH,Mean Reversion,paper,short,97.72,98.08,97.72,97.72,-36.94,-36.9,68,trending
,2026-04-20T22:52:04.890103,ETH,Mean Reversion,shadow,short,97.71,97.85,97.7,97.71,-23.85,-113.8,2053,trending
,2026-04-20T22:52:41.683578,ETH,Mean Reversion,paper,short,97.78,98.22,97.78,97.78,-45.21,-45.2,1560,trending
,2026-04-20T22:52:41.685303,ETH,Mean Reversion,shadow,short,97.8,97.67,97.8,97.8,3.23,-86.8,3006,trending
2026-04-20-15-53-13,2026-04-20T22:53:32.538291,BTC,Mean Reversion,paper,short,99.97,99.81,99.97,99.97,15.82,15.8,1219,trending
2026-04-20-15-53-13,2026-04-20T22:53:32.539417,BTC,Mean Reversion,shadow,short,99.97,99.69,99.98,99.97,18.23,-71.8,660,trending
2026-04-20-15-53-13,2026-04-20T22:53:40.673415,BTC,Mean Reversion,paper,short,100.06,98.98,100.06,100.06,107.75,107.7,484,ranging
2026-04-20-15-53-13,2026-04-20T22:53:40.674695,BTC,Mean Reversion,shadow,short,100.07,99.21,100.07,100.07,75.74,-14.3,1388,ranging
2026-04-20-15-53-13,2026-04-20T22:53:59.058844,BTC,Mean Reversion,paper,short,98.97,98.87,98.97,98.97,9.57,9.6,2180,low_vol
2026-04-20-15-53-13,2026-04-20T22:53:59.059677,BTC,Mean Reversion,shadow,short,98.96,99.56,98.95,98.96,-70.14,-160.1,1125,low_vol
2026-04-20-15-53-13,2026-04-20T22:54:31.724276,BTC,Mean Reversion,paper,short,99.19,99.28,99.19,99.19,-9.05,-9.1,2975,high_vol
2026-04-20-15-53-13,2026-04-20T22:54:31.725432,BTC,Mean Reversion,shadow,short,99.19,98.46,99.17,99.19,63.38,-26.6,1818,high_vol
2026-04-20-15-53-13,2026-04-20T22:54:35.807475,ETH,Mean Reversion,paper,short,97.43,96.78,97.43,97.43,66.05,66.1,1104,high_vol
2026-04-20-15-53-13,2026-04-20T22:54:35.808228,ETH,Mean Reversion,shadow,short,97.42,96.48,97.42,97.42,86.12,-3.9,3389,high_vol
2026-04-20-15-53-13,2026-04-20T22:54:56.246840,ETH,Mean Reversion,paper,long,96.19,96.21,96.19,96.19,1.88,1.9,750,ranging
2026-04-20-15-53-13,2026-04-20T22:54:56.248039,ETH,Mean Reversion,shadow,long,96.27,96.06,96.2,96.27,-31.83,-121.8,3035,ranging
2026-04-20-15-53-13,2026-04-20T22:55:04.395152,BTC,Mean Reversion,paper,short,98.13,97.62,98.13,98.13,51.29,51.3,3465,low_vol
2026-04-20-15-53-13,2026-04-20T22:55:04.396263,BTC,Mean Reversion,shadow,short,98.12,97.36,98.11,98.12,67.33,-22.7,1993,low_vol
2026-04-20-15-53-13,2026-04-20T22:55:16.609579,ETH,Mean Reversion,paper,long,96.51,96.76,96.51,96.51,26.66,26.7,405,trending
2026-04-20-15-53-13,2026-04-20T22:55:16.610534,ETH,Mean Reversion,shadow,long,96.55,97.27,96.5,96.55,64.49,-25.5,1159,trending
2026-04-20-15-53-13,2026-04-20T22:55:20.676206,BTC,Mean Reversion,paper,long,96.8,97.34,96.8,96.8,55.86,55.9,638,ranging
2026-04-20-15-53-13,2026-04-20T22:55:20.676485,BTC,Mean Reversion,shadow,long,96.87,96.95,96.8,96.87,-1.46,-91.5,1054,ranging
2026-04-20-15-53-13,2026-04-20T22:55:53.330250,BTC,Mean Reversion,paper,short,96.87,97.39,96.87,96.87,-53.82,-53.8,339,trending
2026-04-20-15-53-13,2026-04-20T22:55:53.332184,BTC,Mean Reversion,shadow,short,96.86,97.77,96.85,96.86,-104.16,-194.2,339,trending
2026-04-20-15-53-13,2026-04-20T22:55:59.421297,ETH,Mean Reversion,paper,long,97.39,97.24,97.39,97.39,-16.0,-16.0,3240,low_vol
2026-04-20-15-53-13,2026-04-20T22:55:59.422159,ETH,Mean Reversion,shadow,long,97.44,96.27,97.39,97.44,-130.38,-220.4,2189,low_vol
2026-04-20-15-53-13,2026-04-20T22:56:21.808201,ETH,Mean Reversion,paper,long,95.67,96.82,95.67,95.67,120.54,120.5,2327,ranging
2026-04-20-15-53-13,2026-04-20T22:56:21.809609,ETH,Mean Reversion,shadow,long,95.75,97.07,95.68,95.75,128.16,38.2,1240,ranging
2026-04-20-15-53-13,2026-04-20T22:56:44.241701,BTC,Mean Reversion,paper,long,97.32,98.06,97.32,97.32,76.12,76.1,376,trending
2026-04-20-15-53-13,2026-04-20T22:56:44.243286,BTC,Mean Reversion,shadow,long,97.38,97.49,97.3,97.38,1.76,-88.2,997,trending
2026-04-20-15-53-13,2026-04-20T22:57:04.719668,BTC,Mean Reversion,paper,short,97.35,97.83,97.35,97.35,-49.28,-49.3,3570,trending
2026-04-20-15-53-13,2026-04-20T22:57:04.721512,BTC,Mean Reversion,shadow,short,97.33,98.95,97.33,97.33,-176.37,-266.4,2512,trending
2026-04-20-15-53-13,2026-04-20T22:57:25.127328,BTC,Mean Reversion,paper,short,99.25,98.98,99.25,99.25,27.22,27.2,1260,high_vol
2026-04-20-15-53-13,2026-04-20T22:57:25.129005,BTC,Mean Reversion,shadow,short,99.27,99.06,99.25,99.27,10.76,-79.2,2579,high_vol
2026-04-20-15-53-13,2026-04-20T22:58:01.945449,ETH,Mean Reversion,paper,short,96.64,96.62,96.64,96.64,2.21,2.2,1931,trending
2026-04-20-15-53-13,2026-04-20T22:58:01.947678,ETH,Mean Reversion,shadow,short,96.65,96.21,96.65,96.65,35.91,-54.1,597,trending
2026-04-20-15-53-13,2026-04-20T22:58:08.036118,BTC,Mean Reversion,paper,short,98.57,98.4,98.57,98.57,17.43,17.4,3359,high_vol
2026-04-20-15-53-13,2026-04-20T22:58:08.037461,BTC,Mean Reversion,shadow,short,98.56,98.73,98.56,98.56,-27.7,-117.7,2985,high_vol
2026-04-20-15-53-13,2026-04-20T22:58:16.279288,BTC,Mean Reversion,paper,long,98.11,97.86,98.11,98.11,-25.48,-25.5,1975,high_vol
2026-04-20-15-53-13,2026-04-20T22:58:16.280548,BTC,Mean Reversion,shadow,long,98.19,97.56,98.13,98.19,-74.44,-164.4,2674,high_vol
2026-04-20-15-53-13,2026-04-20T22:58:28.604084,BTC,Mean Reversion,paper,long,97.25,97.0,97.25,97.25,-25.3,-25.3,304,trending
2026-04-20-15-53-13,2026-04-20T22:58:28.604880,BTC,Mean Reversion,shadow,long,97.32,97.52,97.26,97.32,10.7,-79.3,1234,trending
2026-04-20-15-53-13,2026-04-20T22:58:42.942154,ETH,Mean Reversion,paper,short,96.44,96.23,96.44,96.44,22.52,22.5,1844,low_vol
2026-04-20-15-53-13,2026-04-20T22:58:42.944107,ETH,Mean Reversion,shadow,short,96.45,96.09,96.46,96.45,27.51,-62.5,3557,low_vol
2026-04-20-15-53-13,2026-04-20T22:58:55.320716,ETH,Mean Reversion,paper,short,95.21,94.78,95.21,95.21,45.0,45.0,879,ranging
2026-04-20-15-53-13,2026-04-20T22:58:55.322428,ETH,Mean Reversion,shadow,short,95.19,94.72,95.2,95.19,39.9,-50.1,2116,ranging
2026-04-20-15-53-13,2026-04-20T22:59:03.498956,ETH,Mean Reversion,paper,short,95.09,95.58,95.09,95.09,-51.9,-51.9,1311,high_vol
2026-04-20-15-53-13,2026-04-20T22:59:03.500235,ETH,Mean Reversion,shadow,short,95.09,95.56,95.08,95.09,-59.68,-149.7,723,high_vol
2026-04-20-15-53-13,2026-04-20T22:59:13.592118,ETH,Mean Reversion,paper,short,95.71,95.95,95.71,95.71,-24.35,-24.3,190,high_vol
2026-04-20-15-53-13,2026-04-20T22:59:13.594006,ETH,Mean Reversion,shadow,short,95.72,96.26,95.73,95.72,-66.04,-156.0,1016,high_vol
2026-04-20-15-53-13,2026-04-20T22:59:17.708722,ETH,Mean Reversion,paper,short,95.78,95.88,95.78,95.78,-9.86,-9.9,1507,high_vol
2026-04-20-15-53-13,2026-04-20T22:59:17.709645,ETH,Mean Reversion,shadow,short,95.77,96.06,95.77,95.77,-39.91,-129.9,100,high_vol
2026-04-20-15-53-13,2026-04-20T22:59:21.792185,ETH,Mean Reversion,paper,long,96.31,96.86,96.31,96.31,58.01,58.0,2923,trending
2026-04-20-15-53-13,2026-04-20T22:59:21.793598,ETH,Mean Reversion,shadow,long,96.39,97.13,96.32,96.39,67.27,-22.7,2594,trending
2026-04-20-15-53-13,2026-04-20T22:59:36.156137,BTC,Mean Reversion,paper,long,97.08,96.73,97.08,97.08,-36.53,-36.5,2458,ranging
2026-04-20-15-53-13,2026-04-20T22:59:36.157453,BTC,Mean Reversion,shadow,long,97.17,98.15,97.09,97.17,91.29,1.3,2524,ranging
2026-04-20-15-53-13,2026-04-20T22:59:48.455856,BTC,Mean Reversion,paper,short,98.75,98.93,98.75,98.75,-18.62,-18.6,674,high_vol
2026-04-20-15-53-13,2026-04-20T22:59:48.457519,BTC,Mean Reversion,shadow,short,98.78,99.13,98.77,98.78,-44.93,-134.9,1893,high_vol
2026-04-20-15-53-13,2026-04-20T22:59:50.464002,BTC,Mean Reversion,paper,long,100.04,99.93,100.04,100.04,-11.88,-11.9,1771,trending
2026-04-20-15-53-13,2026-04-20T22:59:50.464681,BTC,Mean Reversion,shadow,long,100.11,100.0,100.03,100.11,-20.71,-110.7,999,trending
2026-04-20-15-53-13,2026-04-20T22:59:58.637591,BTC,Mean Reversion,paper,long,100.08,99.51,100.08,100.08,-57.01,-57.0,2489,low_vol
2026-04-20-15-53-13,2026-04-20T22:59:58.639323,BTC,Mean Reversion,shadow,long,100.13,99.29,100.07,100.13,-93.87,-183.9,132,low_vol
2026-04-20-15-53-13,2026-04-20T23:00:00.672019,BTC,Mean Reversion,paper,short,99.62,99.63,99.62,99.62,-1.06,-1.1,1587,trending
2026-04-20-15-53-13,2026-04-20T23:00:00.672777,BTC,Mean Reversion,shadow,short,99.62,99.62,99.61,99.62,-9.69,-99.7,422,trending
2026-04-20-15-53-13,2026-04-20T23:00:08.871804,ETH,Mean Reversion,paper,short,97.22,96.55,97.22,97.22,68.9,68.9,3343,high_vol
2026-04-20-15-53-13,2026-04-20T23:00:08.874055,ETH,Mean Reversion,shadow,short,97.24,96.04,97.23,97.24,113.17,23.2,736,high_vol
2026-04-20-15-53-13,2026-04-20T23:00:15.020799,ETH,Mean Reversion,paper,short,95.52,95.48,95.52,95.52,4.37,4.4,2208,trending
2026-04-20-15-53-13,2026-04-20T23:00:15.021689,ETH,Mean Reversion,shadow,short,95.54,96.07,95.53,95.54,-65.38,-155.4,235,trending
2026-04-20-15-53-13,2026-04-20T23:00:29.244289,BTC,Mean Reversion,paper,short,99.56,99.29,99.56,99.56,26.37,26.4,724,trending
2026-04-20-15-53-13,2026-04-20T23:00:29.249839,BTC,Mean Reversion,shadow,short,99.56,98.87,99.56,99.56,59.58,-30.4,137,trending
2026-04-20-15-53-13,2026-04-20T23:00:33.387323,BTC,Mean Reversion,paper,long,98.74,98.57,98.74,98.74,-17.18,-17.2,207,low_vol
2026-04-20-15-53-13,2026-04-20T23:00:33.388284,BTC,Mean Reversion,shadow,long,98.82,98.25,98.76,98.82,-67.4,-157.4,1040,low_vol
2026-04-20-15-53-13,2026-04-20T23:00:35.407036,ETH,Mean Reversion,paper,long,95.49,95.95,95.49,95.49,48.31,48.3,1239,low_vol
2026-04-20-15-53-13,2026-04-20T23:00:35.407963,ETH,Mean Reversion,shadow,long,95.53,95.47,95.47,95.53,-15.99,-106.0,2211,low_vol
2026-04-20-15-53-13,2026-04-20T23:00:49.701872,ETH,Mean Reversion,paper,long,96.12,96.47,96.12,96.12,36.28,36.3,1271,low_vol
2026-04-20-15-53-13,2026-04-20T23:00:49.703136,ETH,Mean Reversion,shadow,long,96.21,97.34,96.14,96.21,107.32,17.3,2620,low_vol
2026-04-20-15-53-13,2026-04-20T23:00:57.831396,ETH,Mean Reversion,paper,short,97.36,97.23,97.36,97.36,13.14,13.1,1319,ranging
2026-04-20-15-53-13,2026-04-20T23:00:57.833058,ETH,Mean Reversion,shadow,short,97.39,98.12,97.38,97.39,-84.99,-175.0,1806,ranging
2026-04-20-15-53-13,2026-04-20T23:00:59.868840,BTC,Mean Reversion,paper,short,97.95,98.1,97.95,97.95,-15.26,-15.3,1346,trending
2026-04-20-15-53-13,2026-04-20T23:00:59.869571,BTC,Mean Reversion,shadow,short,97.99,98.4,97.97,97.99,-52.26,-142.3,1387,trending
2026-04-20-15-53-13,2026-04-20T23:01:10.119447,BTC,Mean Reversion,paper,long,99.35,98.95,99.35,99.35,-39.85,-39.9,668,high_vol
2026-04-20-15-53-13,2026-04-20T23:01:10.120741,BTC,Mean Reversion,shadow,long,99.41,99.14,99.33,99.41,-37.03,-127.0,2135,high_vol
2026-04-20-15-53-13,2026-04-20T23:01:16.245671,BTC,Mean Reversion,paper,long,99.19,98.46,99.19,99.19,-73.91,-73.9,315,low_vol
2026-04-20-15-53-13,2026-04-20T23:01:16.246377,BTC,Mean Reversion,shadow,long,99.27,98.5,99.2,99.27,-87.69,-177.7,2688,low_vol
2026-04-20-15-53-13,2026-04-20T23:01:18.254881,ETH,Mean Reversion,paper,short,98.17,98.81,98.17,98.17,-65.4,-65.4,1545,high_vol
2026-04-20-15-53-13,2026-04-20T23:01:18.255990,ETH,Mean Reversion,shadow,short,98.19,98.7,98.18,98.19,-61.44,-151.4,959,high_vol
2026-04-20-15-53-13,2026-04-20T23:01:32.420765,BTC,Mean Reversion,paper,long,98.35,98.4,98.35,98.35,4.51,4.5,118,trending
2026-04-20-15-53-13,2026-04-20T23:01:32.422337,BTC,Mean Reversion,shadow,long,98.41,98.49,98.35,98.41,-1.59,-91.6,2530,trending
2026-04-20-15-53-13,2026-04-20T23:01:36.447896,BTC,Mean Reversion,paper,long,99.37,99.51,99.37,99.37,14.74,14.7,1987,high_vol
2026-04-20-15-53-13,2026-04-20T23:01:36.448580,BTC,Mean Reversion,shadow,long,99.4,99.07,99.35,99.4,-43.39,-133.4,1087,high_vol
2026-04-20-15-53-13,2026-04-20T23:01:38.491530,BTC,Mean Reversion,paper,short,99.05,99.17,99.05,99.05,-12.73,-12.7,2194,trending
2026-04-20-15-53-13,2026-04-20T23:01:38.492954,BTC,Mean Reversion,shadow,short,99.04,99.2,99.03,99.04,-26.0,-116.0,1439,trending
2026-04-20-15-53-13,2026-04-20T23:01:44.603938,ETH,Mean Reversion,paper,long,98.66,98.49,98.66,98.66,-17.4,-17.4,2047,ranging
2026-04-20-15-53-13,2026-04-20T23:01:44.604751,ETH,Mean Reversion,shadow,long,98.72,98.01,98.66,98.72,-81.67,-171.7,3478,ranging
2026-04-20-15-53-13,2026-04-20T23:01:48.710895,BTC,Mean Reversion,paper,long,99.27,99.08,99.27,99.27,-19.03,-19.0,3469,high_vol
2026-04-20-15-53-13,2026-04-20T23:01:48.711627,BTC,Mean Reversion,shadow,long,99.33,99.18,99.27,99.33,-24.68,-114.7,1061,high_vol
,2026-04-22T21:11:03.616452,BTC,Mean Reversion,paper,short,78620.6,78599.78,78620.6,78620.6,2.65,2.6,215,trending
,2026-04-22T21:11:03.617291,BTC,Mean Reversion,shadow,short,78619.55,78629.98,78606.39,78619.55,-11.33,-101.3,1583,trending
,2026-04-22T21:11:13.746034,BTC,Mean Reversion,paper,long,78621.81,78600.04,78621.81,78621.81,-2.77,-2.8,399,low_vol
,2026-04-22T21:11:13.746755,BTC,Mean Reversion,shadow,long,78655.84,78582.86,78606.45,78655.84,-19.28,-109.3,1611,low_vol
,2026-04-22T21:11:15.815514,BTC,Mean Reversion,paper,short,78620.04,78618.88,78620.04,78620.04,0.15,0.1,478,high_vol
,2026-04-22T21:11:15.816108,BTC,Mean Reversion,shadow,short,78607.02,78632.19,78608.61,78607.02,-13.2,-103.2,2683,high_vol
,2026-04-22T21:11:32.173569,ETH,Mean Reversion,paper,long,2395.27,2394.78,2395.27,2395.27,-2.06,-2.1,3342,high_vol
,2026-04-22T21:11:32.174264,ETH,Mean Reversion,shadow,long,2396.54,2394.19,2394.9,2396.54,-19.84,-109.8,1959,high_vol
,2026-04-22T21:12:02.701777,ETH,Mean Reversion,paper,long,2395.56,2395.3,2395.56,2395.56,-1.08,-1.1,3430,ranging
,2026-04-22T21:12:02.703473,ETH,Mean Reversion,shadow,long,2397.05,2394.86,2395.57,2397.05,-19.15,-109.1,1586,ranging
,2026-04-22T21:12:08.817897,BTC,Mean Reversion,paper,short,78634.27,78644.47,78634.27,78634.27,-1.3,-1.3,200,ranging
,2026-04-22T21:12:08.818623,BTC,Mean Reversion,shadow,short,78641.03,78655.52,78631.93,78641.03,-11.84,-101.8,624,ranging
,2026-04-22T21:12:27.136620,ETH,Mean Reversion,paper,long,2395.62,2395.49,2395.62,2395.62,-0.54,-0.5,2112,trending
,2026-04-22T21:12:27.137428,ETH,Mean Reversion,shadow,long,2397.27,2394.79,2395.51,2397.27,-20.37,-110.4,2195,trending
,2026-04-22T21:12:45.690186,ETH,Mean Reversion,paper,short,2395.32,2395.76,2395.32,2395.32,-1.83,-1.8,1134,ranging
,2026-04-22T21:12:45.690862,ETH,Mean Reversion,shadow,short,2395.73,2396.0,2395.28,2395.73,-11.14,-101.1,1269,ranging
,2026-04-22T21:13:02.177524,ETH,Mean Reversion,paper,long,2395.15,2395.46,2395.15,2395.15,1.33,1.3,875,trending
,2026-04-22T21:13:02.178356,ETH,Mean Reversion,shadow,long,2396.61,2394.44,2395.15,2396.61,-19.08,-109.1,1370,trending
,2026-04-22T21:13:16.411067,ETH,Mean Reversion,paper,short,2394.02,2394.42,2394.02,2394.02,-1.66,-1.7,2399,high_vol
,2026-04-22T21:13:16.411940,ETH,Mean Reversion,shadow,short,2394.24,2394.82,2394.11,2394.24,-12.43,-102.4,1678,high_vol
,2026-04-22T21:13:18.488424,BTC,Mean Reversion,paper,short,78603.29,78592.0,78603.29,78603.29,1.44,1.4,854,low_vol
,2026-04-22T21:13:18.489242,BTC,Mean Reversion,shadow,short,78592.47,78620.05,78596.48,78592.47,-13.51,-103.5,1397,low_vol
,2026-04-22T21:13:45.065254,BTC,Mean Reversion,paper,short,78598.91,78597.12,78598.91,78598.91,0.23,0.2,2712,high_vol
,2026-04-22T21:13:45.066090,BTC,Mean Reversion,shadow,short,78604.92,78633.63,78610.04,78604.92,-13.65,-103.7,568,high_vol
,2026-04-22T21:13:47.140532,BTC,Mean Reversion,paper,short,78592.05,78598.54,78592.05,78592.05,-0.83,-0.8,1891,high_vol
,2026-04-22T21:13:47.141288,BTC,Mean Reversion,shadow,short,78594.1,78622.68,78599.11,78594.1,-13.64,-103.6,3481,high_vol
,2026-04-22T21:13:49.216131,ETH,Mean Reversion,paper,short,2394.36,2394.81,2394.36,2394.36,-1.88,-1.9,596,trending
,2026-04-22T21:13:49.216973,ETH,Mean Reversion,shadow,short,2394.52,2395.32,2394.61,2394.52,-13.35,-103.4,3078,trending
,2026-04-22T21:15:17.364896,ETH,Mean Reversion,paper,short,2394.09,2394.77,2394.09,2394.09,-2.87,-2.9,3046,low_vol
,2026-04-22T21:15:17.366612,ETH,Mean Reversion,shadow,short,2394.36,2395.26,2394.55,2394.36,-13.79,-103.8,1573,low_vol
,2026-04-22T21:15:33.780572,ETH,Mean Reversion,paper,short,2394.43,2395.07,2394.43,2394.43,-2.66,-2.7,2452,low_vol
,2026-04-22T21:15:33.781399,ETH,Mean Reversion,shadow,short,2394.68,2395.51,2394.8,2394.68,-13.48,-103.5,2884,low_vol
,2026-04-22T21:16:12.598107,BTC,Mean Reversion,paper,long,78609.56,78631.22,78609.56,78609.56,2.76,2.8,2671,trending
,2026-04-22T21:16:12.599902,BTC,Mean Reversion,shadow,long,78685.11,78599.42,78623.01,78685.11,-20.89,-110.9,383,trending
,2026-04-22T21:16:18.751638,ETH,Mean Reversion,paper,long,2393.7,2393.96,2393.7,2393.7,1.07,1.1,2063,trending
,2026-04-22T21:16:18.752008,ETH,Mean Reversion,shadow,long,2395.79,2393.43,2394.14,2395.79,-19.85,-109.9,1751,trending
,2026-04-22T21:16:24.893238,ETH,Mean Reversion,paper,short,2393.69,2394.05,2393.69,2393.69,-1.54,-1.5,1268,ranging
,2026-04-22T21:16:24.893882,ETH,Mean Reversion,shadow,short,2394.56,2394.86,2394.14,2394.56,-11.27,-101.3,3182,ranging
,2026-04-22T21:16:43.327605,BTC,Mean Reversion,paper,long,78625.24,78615.55,78625.24,78625.24,-1.23,-1.2,685,low_vol
,2026-04-22T21:16:43.328189,BTC,Mean Reversion,shadow,long,78676.49,78601.06,78624.64,78676.49,-19.59,-109.6,305,low_vol
,2026-04-22T21:16:49.415819,BTC,Mean Reversion,paper,long,78635.64,78626.1,78635.64,78635.64,-1.21,-1.2,2905,low_vol
,2026-04-22T21:16:49.416615,BTC,Mean Reversion,shadow,long,78669.65,78601.06,78624.64,78669.65,-18.72,-108.7,525,low_vol
,2026-04-22T21:16:59.689780,BTC,Mean Reversion,paper,short,78614.42,78610.65,78614.42,78614.42,0.48,0.5,3229,ranging
,2026-04-22T21:16:59.690537,BTC,Mean Reversion,shadow,short,78632.49,78648.23,78624.64,78632.49,-12.0,-102.0,1147,ranging
,2026-04-22T21:17:05.901608,ETH,Mean Reversion,paper,short,2395.32,2395.09,2395.32,2395.32,0.96,1.0,1380,ranging
,2026-04-22T21:17:05.902343,ETH,Mean Reversion,shadow,short,2395.74,2395.99,2395.28,2395.74,-11.06,-101.1,1086,ranging
,2026-04-22T21:17:07.979410,ETH,Mean Reversion,paper,long,2395.1,2395.04,2395.1,2395.1,-0.25,-0.2,890,high_vol
,2026-04-22T21:17:07.979932,ETH,Mean Reversion,shadow,long,2396.55,2394.56,2395.28,2396.55,-18.33,-108.3,2115,high_vol
,2026-04-22T21:17:24.279741,BTC,Mean Reversion,paper,short,78643.36,78645.53,78643.36,78643.36,-0.28,-0.3,2589,high_vol
,2026-04-22T21:17:24.280461,BTC,Mean Reversion,shadow,short,78643.94,78655.29,78631.71,78643.94,-11.44,-101.4,3191,high_vol
,2026-04-22T21:17:28.315654,ETH,Mean Reversion,paper,short,2395.46,2395.3,2395.46,2395.46,0.64,0.6,2584,low_vol
,2026-04-22T21:17:28.316217,ETH,Mean Reversion,shadow,short,2395.87,2396.28,2395.56,2395.87,-11.71,-101.7,408,low_vol
,2026-04-22T21:17:53.056305,ETH,Mean Reversion,paper,short,2396.12,2396.34,2396.12,2396.12,-0.94,-0.9,3175,trending
,2026-04-22T21:17:53.057067,ETH,Mean Reversion,shadow,short,2396.03,2396.62,2395.9,2396.03,-12.45,-102.4,2817,trending
,2026-04-22T21:18:01.347932,BTC,Mean Reversion,paper,short,78624.09,78647.23,78624.09,78624.09,-2.94,-2.9,526,low_vol
,2026-04-22T21:18:01.348828,BTC,Mean Reversion,shadow,short,78641.82,78655.29,78631.71,78641.82,-11.71,-101.7,2223,low_vol
,2026-04-22T21:18:21.864513,BTC,Mean Reversion,paper,short,78634.6,78612.82,78634.6,78634.6,2.77,2.8,2692,high_vol
,2026-04-22T21:18:21.865105,BTC,Mean Reversion,shadow,short,78624.56,78648.23,78624.64,78624.56,-13.01,-103.0,2910,high_vol
,2026-04-22T21:18:28.022869,ETH,Mean Reversion,paper,long,2395.44,2395.08,2395.44,2395.44,-1.52,-1.5,1456,trending
,2026-04-22T21:18:28.023583,ETH,Mean Reversion,shadow,long,2396.77,2394.69,2395.4,2396.77,-18.7,-108.7,1720,trending
,2026-04-22T21:18:32.109916,ETH,Mean Reversion,paper,long,2394.8,2395.51,2394.8,2394.8,2.94,2.9,960,trending
,2026-04-22T21:18:32.110647,ETH,Mean Reversion,shadow,long,2396.4,2394.38,2395.1,2396.4,-18.44,-108.4,3118,trending
,2026-04-22T21:18:44.414109,ETH,Mean Reversion,paper,short,2394.97,2394.39,2394.97,2394.97,2.41,2.4,563,trending
,2026-04-22T21:18:44.415714,ETH,Mean Reversion,shadow,short,2394.72,2395.49,2394.78,2394.72,-13.22,-103.2,683,trending
,2026-04-22T21:18:46.432286,BTC,Mean Reversion,paper,long,78604.45,78606.18,78604.45,78604.45,0.22,0.2,1489,low_vol
,2026-04-22T21:18:46.433126,BTC,Mean Reversion,shadow,long,78633.11,78568.57,78592.14,78633.11,-18.21,-108.2,1547,low_vol
,2026-04-22T21:18:52.544915,BTC,Mean Reversion,paper,short,78577.61,78585.01,78577.61,78577.61,-0.94,-0.9,1955,high_vol
,2026-04-22T21:18:52.545666,BTC,Mean Reversion,shadow,short,78597.49,78615.72,78592.14,78597.49,-12.32,-102.3,921,high_vol
,2026-04-22T21:18:56.683807,ETH,Mean Reversion,paper,long,2394.29,2394.85,2394.29,2394.29,2.36,2.4,1561,low_vol
,2026-04-22T21:18:56.684546,ETH,Mean Reversion,shadow,long,2396.18,2394.0,2394.72,2396.18,-19.13,-109.1,1846,low_vol
,2026-04-22T21:19:13.054371,ETH,Mean Reversion,paper,long,2394.26,2394.41,2394.26,2394.26,0.63,0.6,2405,low_vol
,2026-04-22T21:19:13.055146,ETH,Mean Reversion,shadow,long,2395.99,2394.01,2394.72,2395.99,-18.27,-108.3,3324,low_vol
,2026-04-22T21:19:17.190047,ETH,Mean Reversion,paper,long,2394.89,2394.47,2394.89,2394.89,-1.73,-1.7,1705,low_vol
,2026-04-22T21:19:17.190778,ETH,Mean Reversion,shadow,long,2396.59,2394.14,2394.86,2396.59,-20.23,-110.2,1184,low_vol
,2026-04-22T21:19:19.256774,BTC,Mean Reversion,paper,short,78602.99,78603.03,78602.99,78602.99,-0.0,-0.0,1589,high_vol
,2026-04-22T21:19:19.257506,BTC,Mean Reversion,shadow,short,78613.85,78622.68,78599.11,78613.85,-11.12,-101.1,2212,high_vol
,2026-04-22T21:19:29.449639,ETH,Mean Reversion,paper,long,2394.85,2394.66,2394.85,2394.85,-0.78,-0.8,1426,high_vol
,2026-04-22T21:19:29.450306,ETH,Mean Reversion,shadow,long,2396.46,2394.14,2394.86,2396.46,-19.71,-109.7,495,high_vol
,2026-04-22T21:19:45.949854,ETH,Mean Reversion,paper,long,2395.1,2394.53,2395.1,2395.1,-2.4,-2.4,1775,ranging
,2026-04-22T21:19:45.950452,ETH,Mean Reversion,shadow,long,2396.75,2394.14,2394.86,2396.75,-20.88,-110.9,1522,ranging
,2026-04-22T21:19:47.958129,ETH,Mean Reversion,paper,short,2394.51,2394.82,2394.51,2394.51,-1.28,-1.3,544,trending
,2026-04-22T21:19:47.958981,ETH,Mean Reversion,shadow,short,2394.65,2395.57,2394.86,2394.65,-13.86,-103.9,341,trending
,2026-04-22T21:19:58.151932,ETH,Mean Reversion,paper,short,2395.07,2394.59,2395.07,2395.07,2.03,2.0,2932,low_vol
,2026-04-22T21:19:58.152653,ETH,Mean Reversion,shadow,short,2394.67,2395.53,2394.82,2394.67,-13.61,-103.6,908,low_vol
,2026-04-22T21:20:00.165499,BTC,Mean Reversion,paper,long,78592.86,78589.72,78592.86,78592.86,-0.4,-0.4,2996,low_vol
,2026-04-22T21:20:00.166374,BTC,Mean Reversion,shadow,long,78649.87,78575.3,78598.88,78649.87,-19.48,-109.5,909,low_vol
,2026-04-22T21:20:28.881025,ETH,Mean Reversion,paper,long,2396.47,2396.19,2396.47,2396.47,-1.16,-1.2,307,ranging
,2026-04-22T21:20:28.881853,ETH,Mean Reversion,shadow,long,2397.86,2395.28,2395.99,2397.86,-20.76,-110.8,3228,ranging
,2026-04-22T21:20:32.946347,BTC,Mean Reversion,paper,short,78636.38,78615.32,78636.38,78636.38,2.68,2.7,1341,ranging
,2026-04-22T21:20:32.946940,BTC,Mean Reversion,shadow,short,78639.85,78648.23,78624.64,78639.85,-11.07,-101.1,304,ranging
,2026-04-22T21:20:51.406566,ETH,Mean Reversion,paper,short,2395.85,2395.67,2395.85,2395.85,0.76,0.8,1195,low_vol
,2026-04-22T21:20:51.407286,ETH,Mean Reversion,shadow,short,2396.18,2396.53,2395.81,2396.18,-11.46,-101.5,1946,low_vol
,2026-04-22T21:20:57.558512,BTC,Mean Reversion,paper,short,78630.13,78616.05,78630.13,78630.13,1.79,1.8,2720,ranging
,2026-04-22T21:20:57.559177,BTC,Mean Reversion,shadow,short,78632.6,78648.23,78624.64,78632.6,-11.99,-102.0,1042,ranging
,2026-04-22T21:21:20.032037,ETH,Mean Reversion,paper,short,2395.99,2396.26,2395.99,2395.99,-1.14,-1.1,3381,trending
,2026-04-22T21:21:20.032846,ETH,Mean Reversion,shadow,short,2396.2,2397.11,2396.39,2396.2,-13.83,-103.8,2262,trending
,2026-04-22T21:21:26.227457,ETH,Mean Reversion,paper,short,2396.42,2396.98,2396.42,2396.42,-2.37,-2.4,3272,low_vol
,2026-04-22T21:21:26.228083,ETH,Mean Reversion,shadow,short,2396.74,2397.26,2396.55,2396.74,-12.17,-102.2,2064,low_vol
,2026-04-22T21:21:38.530407,BTC,Mean Reversion,paper,short,78576.0,78573.12,78576.0,78576.0,0.37,0.4,2557,high_vol
,2026-04-22T21:21:38.531168,BTC,Mean Reversion,shadow,short,78580.34,78611.54,78587.96,78580.34,-13.97,-104.0,2177,high_vol
,2026-04-22T21:21:42.668328,ETH,Mean Reversion,paper,long,2395.99,2396.02,2395.99,2395.99,0.1,0.1,916,ranging
,2026-04-22T21:21:42.669139,ETH,Mean Reversion,shadow,long,2397.16,2394.97,2395.68,2397.16,-19.16,-109.2,1045,ranging
,2026-04-22T21:21:55.083909,BTC,Mean Reversion,paper,short,78607.62,78587.51,78607.62,78607.62,2.56,2.6,2514,trending
,2026-04-22T21:21:55.084637,BTC,Mean Reversion,shadow,short,78597.94,78619.02,78595.45,78597.94,-12.68,-102.7,1529,trending
,2026-04-22T21:22:58.481873,BTC,Mean Reversion,paper,long,78601.71,78608.54,78601.71,78601.71,0.87,0.9,3178,trending
,2026-04-22T21:22:58.482580,BTC,Mean Reversion,shadow,long,78659.07,78583.42,78607.01,78659.07,-19.62,-109.6,1337,trending
,2026-04-22T21:23:02.615226,BTC,Mean Reversion,paper,short,78616.4,78612.15,78616.4,78616.4,0.54,0.5,1586,trending
,2026-04-22T21:23:02.616067,BTC,Mean Reversion,shadow,short,78611.0,78635.39,78611.8,78611.0,-13.1,-103.1,2631,trending
,2026-04-22T21:23:37.731786,BTC,Mean Reversion,paper,long,78587.42,78601.7,78587.42,78587.42,1.82,1.8,171,trending
,2026-04-22T21:23:37.732561,BTC,Mean Reversion,shadow,long,78656.12,78575.2,78598.77,78656.12,-20.29,-110.3,3235,trending
,2026-04-22T21:23:43.936215,ETH,Mean Reversion,paper,long,2397.27,2397.45,2397.27,2397.27,0.75,0.7,3038,low_vol
,2026-04-22T21:23:43.937000,ETH,Mean Reversion,shadow,long,2398.79,2396.5,2397.22,2398.79,-19.57,-109.6,763,low_vol
,2026-04-22T21:24:19.056030,BTC,Mean Reversion,paper,short,78595.4,78602.51,78595.4,78595.4,-0.9,-0.9,2350,low_vol
,2026-04-22T21:24:19.056654,BTC,Mean Reversion,shadow,short,78605.51,78623.54,78599.96,78605.51,-12.29,-102.3,2593,low_vol
,2026-04-22T21:24:31.281251,ETH,Mean Reversion,paper,short,2398.49,2398.24,2398.49,2398.49,1.04,1.0,411,low_vol
,2026-04-22T21:24:31.281904,ETH,Mean Reversion,shadow,short,2398.03,2398.87,2398.15,2398.03,-13.51,-103.5,1457,low_vol
,2026-04-22T21:24:55.858784,BTC,Mean Reversion,paper,long,78608.97,78593.51,78608.97,78608.97,-1.97,-2.0,837,low_vol
,2026-04-22T21:24:55.859530,BTC,Mean Reversion,shadow,long,78650.75,78576.39,78599.96,78650.75,-19.46,-109.5,2924,low_vol
,2026-04-22T21:25:02.010668,ETH,Mean Reversion,paper,short,2398.13,2398.38,2398.13,2398.13,-1.08,-1.1,138,low_vol
,2026-04-22T21:25:02.011236,ETH,Mean Reversion,shadow,short,2398.27,2399.01,2398.3,2398.27,-13.1,-103.1,213,low_vol
,2026-04-22T21:25:12.295758,BTC,Mean Reversion,paper,long,78624.25,78605.66,78624.25,78624.25,-2.36,-2.4,2882,high_vol
,2026-04-22T21:25:12.296490,BTC,Mean Reversion,shadow,long,78671.82,78588.01,78611.6,78671.82,-20.65,-110.7,2204,high_vol
,2026-04-22T21:25:24.548314,ETH,Mean Reversion,paper,short,2398.97,2398.73,2398.97,2398.97,1.03,1.0,2051,trending
,2026-04-22T21:25:24.549062,ETH,Mean Reversion,shadow,short,2398.37,2399.32,2398.61,2398.37,-13.97,-104.0,754,trending
,2026-04-22T21:25:32.740076,ETH,Mean Reversion,paper,short,2398.34,2398.16,2398.34,2398.34,0.75,0.7,1448,ranging
,2026-04-22T21:25:32.740827,ETH,Mean Reversion,shadow,short,2399.03,2399.32,2398.61,2399.03,-11.24,-101.2,2551,ranging
,2026-04-22T21:26:01.238465,BTC,Mean Reversion,paper,short,78593.38,78608.04,78593.38,78593.38,-1.87,-1.9,2005,low_vol
,2026-04-22T21:26:01.239113,BTC,Mean Reversion,shadow,short,78612.77,78631.44,78607.86,78612.77,-12.38,-102.4,2356,low_vol
,2026-04-22T21:26:07.357677,BTC,Mean Reversion,paper,short,78604.09,78603.95,78604.09,78604.09,0.02,0.0,3090,low_vol
,2026-04-22T21:26:07.358522,BTC,Mean Reversion,shadow,short,78604.23,78630.76,78607.17,78604.23,-13.38,-103.4,343,low_vol
,2026-04-22T21:26:11.460652,BTC,Mean Reversion,paper,long,78603.39,78607.4,78603.39,78603.39,0.51,0.5,1561,ranging
,2026-04-22T21:26:11.461453,BTC,Mean Reversion,shadow,long,78668.59,78583.58,78607.17,78668.59,-20.81,-110.8,2094,ranging
,2026-04-22T21:26:46.156898,BTC,Mean Reversion,paper,long,78619.45,78614.49,78619.45,78619.45,-0.63,-0.6,1090,ranging
,2026-04-22T21:26:46.157627,BTC,Mean Reversion,shadow,long,78659.09,78583.58,78607.17,78659.09,-19.6,-109.6,1109,ranging
,2026-04-22T21:27:18.936290,BTC,Mean Reversion,paper,long,78630.17,78621.41,78630.17,78630.17,-1.11,-1.1,2986,ranging
,2026-04-22T21:27:18.937092,BTC,Mean Reversion,shadow,long,78658.96,78595.26,78618.85,78658.96,-18.1,-108.1,3105,ranging
,2026-04-22T21:27:20.957410,BTC,Mean Reversion,paper,long,78620.22,78631.62,78620.22,78620.22,1.45,1.4,246,low_vol
,2026-04-22T21:27:20.958149,BTC,Mean Reversion,shadow,long,78669.13,78595.26,78618.85,78669.13,-19.39,-109.4,2010,low_vol
,2026-04-22T21:28:06.209600,BTC,Mean Reversion,paper,short,78617.71,78606.19,78617.71,78617.71,1.47,1.5,967,low_vol
,2026-04-22T21:28:06.210324,BTC,Mean Reversion,shadow,short,78628.23,78641.25,78617.67,78628.23,-11.66,-101.7,196,low_vol
,2026-04-22T21:28:08.282351,BTC,Mean Reversion,paper,long,78625.56,78625.6,78625.56,78625.56,0.01,0.0,264,high_vol
,2026-04-22T21:28:08.282961,BTC,Mean Reversion,shadow,long,78680.36,78594.08,78617.67,78680.36,-20.97,-111.0,3297,high_vol
,2026-04-22T21:28:14.391075,BTC,Mean Reversion,paper,short,78619.06,78621.96,78619.06,78619.06,-0.37,-0.4,453,ranging
,2026-04-22T21:28:14.391510,BTC,Mean Reversion,shadow,short,78611.51,78634.58,78610.99,78611.51,-12.93,-102.9,3134,ranging
,2026-04-22T21:28:16.450683,BTC,Mean Reversion,paper,short,78625.76,78627.39,78625.76,78625.76,-0.21,-0.2,526,ranging
,2026-04-22T21:28:16.451228,BTC,Mean Reversion,shadow,short,78609.32,78640.13,78616.55,78609.32,-13.92,-103.9,3125,ranging
,2026-04-22T21:28:36.922909,ETH,Mean Reversion,paper,short,2398.21,2398.6,2398.21,2398.21,-1.63,-1.6,2788,low_vol
,2026-04-22T21:28:36.923608,ETH,Mean Reversion,shadow,short,2398.4,2398.99,2398.28,2398.4,-12.46,-102.5,103,low_vol
,2026-04-22T21:28:38.931333,ETH,Mean Reversion,paper,short,2398.46,2398.22,2398.46,2398.46,0.99,1.0,2051,trending
,2026-04-22T21:28:38.932089,ETH,Mean Reversion,shadow,short,2398.7,2398.99,2398.28,2398.7,-11.21,-101.2,675,trending
,2026-04-22T21:28:40.981329,BTC,Mean Reversion,paper,long,78602.64,78609.92,78602.64,78602.64,0.93,0.9,691,low_vol
,2026-04-22T21:28:40.981966,BTC,Mean Reversion,shadow,long,78676.24,78593.49,78617.08,78676.24,-20.52,-110.5,1770,low_vol
,2026-04-22T21:29:03.511793,BTC,Mean Reversion,paper,short,78595.26,78596.69,78595.26,78595.26,-0.18,-0.2,2659,low_vol
,2026-04-22T21:29:03.513463,BTC,Mean Reversion,shadow,short,78620.35,78634.25,78610.67,78620.35,-11.77,-101.8,2005,low_vol
,2026-04-22T21:29:05.547216,BTC,Mean Reversion,paper,long,78598.46,78600.22,78598.46,78598.46,0.22,0.2,82,high_vol
,2026-04-22T21:29:05.548063,BTC,Mean Reversion,shadow,long,78663.42,78587.08,78610.67,78663.42,-19.7,-109.7,2396,high_vol
,2026-04-22T21:29:13.831314,BTC,Mean Reversion,paper,short,78623.58,78614.23,78623.58,78623.58,1.19,1.2,1225,high_vol
,2026-04-22T21:29:13.832209,BTC,Mean Reversion,shadow,short,78624.9,78634.25,78610.67,78624.9,-11.19,-101.2,714,high_vol
,2026-04-22T21:29:26.164397,BTC,Mean Reversion,paper,long,78601.94,78625.96,78601.94,78601.94,3.06,3.1,2100,trending
,2026-04-22T21:29:26.165204,BTC,Mean Reversion,shadow,long,78667.97,78587.09,78610.67,78667.97,-20.28,-110.3,2253,trending
,2026-04-22T21:29:46.672585,ETH,Mean Reversion,paper,short,2397.82,2397.26,2397.82,2397.82,2.34,2.3,1089,trending
,2026-04-22T21:29:46.673170,ETH,Mean Reversion,shadow,short,2397.8,2398.32,2397.61,2397.8,-12.2,-102.2,2072,trending
,2026-04-22T21:30:03.081207,ETH,Mean Reversion,paper,long,2397.83,2398.53,2397.83,2397.83,2.9,2.9,1735,low_vol
,2026-04-22T21:30:03.082033,ETH,Mean Reversion,shadow,long,2399.82,2397.4,2398.11,2399.82,-20.1,-110.1,1429,low_vol
,2026-04-22T21:30:15.390510,BTC,Mean Reversion,paper,long,78602.46,78596.75,78602.46,78602.46,-0.73,-0.7,2942,low_vol
,2026-04-22T21:30:15.391194,BTC,Mean Reversion,shadow,long,78661.81,78588.29,78611.88,78661.81,-19.35,-109.3,1832,low_vol
,2026-04-22T21:30:35.892143,BTC,Mean Reversion,paper,long,78630.0,78631.33,78630.0,78630.0,0.17,0.2,2246,low_vol
,2026-04-22T21:30:35.893000,BTC,Mean Reversion,shadow,long,78687.45,78614.77,78638.36,78687.45,-19.24,-109.2,3223,low_vol
,2026-04-22T21:30:37.913397,ETH,Mean Reversion,paper,short,2399.41,2399.25,2399.41,2399.41,0.65,0.6,613,trending
,2026-04-22T21:30:37.914211,ETH,Mean Reversion,shadow,short,2400.1,2400.34,2399.62,2400.1,-11.01,-101.0,2029,trending
,2026-04-22T21:30:56.371673,ETH,Mean Reversion,paper,short,2399.61,2398.77,2399.61,2399.61,3.5,3.5,2556,trending
,2026-04-22T21:30:56.372227,ETH,Mean Reversion,shadow,short,2398.99,2399.92,2399.2,2398.99,-13.92,-103.9,1379,trending
,2026-04-22T21:31:20.958552,ETH,Mean Reversion,paper,short,2398.8,2399.24,2398.8,2398.8,-1.84,-1.8,3210,high_vol
,2026-04-22T21:31:20.959034,ETH,Mean Reversion,shadow,short,2399.63,2399.91,2399.19,2399.63,-11.2,-101.2,776,high_vol
,2026-04-22T21:31:29.170733,ETH,Mean Reversion,paper,short,2399.32,2398.9,2399.32,2399.32,1.76,1.8,3042,trending
,2026-04-22T21:31:29.171416,ETH,Mean Reversion,shadow,short,2399.45,2399.8,2399.09,2399.45,-11.49,-101.5,2763,trending
,2026-04-22T21:31:43.533302,ETH,Mean Reversion,paper,short,2399.71,2399.44,2399.71,2399.71,1.11,1.1,1303,ranging
,2026-04-22T21:31:43.534131,ETH,Mean Reversion,shadow,short,2399.67,2400.03,2399.32,2399.67,-11.53,-101.5,2947,ranging
,2026-04-22T21:32:02.030816,ETH,Mean Reversion,paper,long,2399.71,2399.61,2399.71,2399.71,-0.42,-0.4,897,low_vol
,2026-04-22T21:32:02.031660,ETH,Mean Reversion,shadow,long,2400.94,2398.57,2399.28,2400.94,-19.89,-109.9,102,low_vol
,2026-04-22T21:32:16.296054,ETH,Mean Reversion,paper,short,2399.88,2400.44,2399.88,2399.88,-2.32,-2.3,1470,trending
,2026-04-22T21:32:16.296777,ETH,Mean Reversion,shadow,short,2400.04,2400.68,2399.96,2400.04,-12.67,-102.7,64,trending
,2026-04-22T21:32:22.503572,BTC,Mean Reversion,paper,short,78664.15,78658.84,78664.15,78664.15,0.68,0.7,2554,low_vol
,2026-04-22T21:32:22.504415,BTC,Mean Reversion,shadow,short,78661.37,78684.52,78660.92,78661.37,-12.94,-102.9,1795,low_vol
,2026-04-22T21:32:49.180643,BTC,Mean Reversion,paper,short,78661.37,78662.21,78661.37,78661.37,-0.11,-0.1,2652,high_vol
,2026-04-22T21:32:49.181411,BTC,Mean Reversion,shadow,short,78680.0,78692.05,78668.45,78680.0,-11.53,-101.5,2726,high_vol
,2026-04-22T21:32:51.254086,BTC,Mean Reversion,paper,long,78678.59,78671.4,78678.59,78678.59,-0.91,-0.9,1517,high_vol
,2026-04-22T21:32:51.254702,BTC,Mean Reversion,shadow,long,78717.66,78644.84,78668.45,78717.66,-19.25,-109.3,1268,high_vol
,2026-04-22T21:33:09.752187,ETH,Mean Reversion,paper,long,2400.39,2400.26,2400.39,2400.39,-0.55,-0.6,2713,trending
,2026-04-22T21:33:09.752962,ETH,Mean Reversion,shadow,long,2402.02,2399.73,2400.45,2402.02,-19.5,-109.5,2327,trending
,2026-04-22T21:33:21.999122,ETH,Mean Reversion,paper,short,2400.27,2400.62,2400.27,2400.27,-1.45,-1.5,2819,trending
,2026-04-22T21:33:21.999962,ETH,Mean Reversion,shadow,short,2400.22,2400.94,2400.22,2400.22,-13.0,-103.0,2298,trending
,2026-04-22T21:33:26.146852,ETH,Mean Reversion,paper,long,2400.56,2400.11,2400.56,2400.56,-1.84,-1.8,3441,high_vol
,2026-04-22T21:33:26.147507,ETH,Mean Reversion,shadow,long,2401.58,2399.49,2400.22,2401.58,-18.7,-108.7,1884,high_vol
,2026-04-22T21:33:28.184942,ETH,Mean Reversion,paper,long,2400.23,2400.16,2400.23,2400.23,-0.29,-0.3,2956,low_vol
,2026-04-22T21:33:28.185784,ETH,Mean Reversion,shadow,long,2401.67,2399.49,2400.22,2401.67,-19.06,-109.1,3259,low_vol
,2026-04-22T21:33:32.307819,BTC,Mean Reversion,paper,long,78681.45,78706.48,78681.45,78681.45,3.18,3.2,258,trending
,2026-04-22T21:33:32.308649,BTC,Mean Reversion,shadow,long,78745.72,78672.05,78695.65,78745.72,-19.36,-109.4,1755,trending
,2026-04-22T21:33:34.342309,ETH,Mean Reversion,paper,long,2399.7,2400.24,2399.7,2399.7,2.25,2.2,1695,ranging
,2026-04-22T21:33:34.343025,ETH,Mean Reversion,shadow,long,2401.29,2399.28,2400.01,2401.29,-18.37,-108.4,2838,ranging
,2026-04-22T21:33:38.449147,BTC,Mean Reversion,paper,long,78685.53,78682.22,78685.53,78685.53,-0.42,-0.4,1519,ranging
,2026-04-22T21:33:38.449794,BTC,Mean Reversion,shadow,long,78740.8,78670.53,78694.14,78740.8,-18.92,-108.9,566,ranging
,2026-04-22T21:33:50.846283,ETH,Mean Reversion,paper,long,2399.95,2400.36,2399.95,2399.95,1.7,1.7,2045,ranging
,2026-04-22T21:33:50.846905,ETH,Mean Reversion,shadow,long,2401.66,2399.22,2399.93,2401.66,-20.18,-110.2,1469,ranging
,2026-04-22T21:34:03.079509,ETH,Mean Reversion,paper,long,2399.68,2399.43,2399.68,2399.68,-1.05,-1.0,1370,high_vol
,2026-04-22T21:34:03.080214,ETH,Mean Reversion,shadow,long,2401.76,2399.14,2399.86,2401.76,-20.93,-110.9,687,high_vol
,2026-04-22T21:34:19.388668,BTC,Mean Reversion,paper,long,78705.56,78686.4,78705.56,78705.56,-2.43,-2.4,3466,trending
,2026-04-22T21:34:19.389345,BTC,Mean Reversion,shadow,long,78744.78,78671.18,78694.79,78744.78,-19.35,-109.3,1082,trending
,2026-04-22T21:34:21.452032,BTC,Mean Reversion,paper,long,78698.86,78696.56,78698.86,78698.86,-0.29,-0.3,81,trending
,2026-04-22T21:34:21.452892,BTC,Mean Reversion,shadow,long,78749.8,78671.18,78694.79,78749.8,-19.98,-110.0,1364,trending
,2026-04-22T21:34:23.494835,ETH,Mean Reversion,paper,long,2400.26,2399.71,2400.26,2400.26,-2.29,-2.3,876,high_vol
,2026-04-22T21:34:23.495436,ETH,Mean Reversion,shadow,long,2401.51,2399.07,2399.78,2401.51,-20.17,-110.2,1218,high_vol
,2026-04-22T21:34:46.182307,BTC,Mean Reversion,paper,long,78716.09,78720.33,78716.09,78716.09,0.54,0.5,2120,high_vol
,2026-04-22T21:34:46.183907,BTC,Mean Reversion,shadow,long,78765.67,78695.54,78719.15,78765.67,-18.9,-108.9,1196,high_vol
,2026-04-22T21:35:31.338377,ETH,Mean Reversion,paper,short,2401.15,2401.82,2401.15,2401.15,-2.8,-2.8,536,high_vol
,2026-04-22T21:35:31.340232,ETH,Mean Reversion,shadow,short,2401.4,2402.13,2401.4,2401.4,-13.04,-103.0,2432,high_vol
,2026-04-22T21:35:35.409175,ETH,Mean Reversion,paper,long,2401.71,2401.78,2401.71,2401.71,0.33,0.3,3389,low_vol
,2026-04-22T21:35:35.410027,ETH,Mean Reversion,shadow,long,2403.12,2400.74,2401.47,2403.12,-19.87,-109.9,2072,low_vol
,2026-04-22T21:36:28.286362,BTC,Mean Reversion,paper,long,78708.74,78722.06,78708.74,78708.74,1.69,1.7,313,trending
,2026-04-22T21:36:28.287982,BTC,Mean Reversion,shadow,long,78768.77,78691.38,78714.99,78768.77,-19.83,-109.8,306,trending
,2026-04-22T21:36:30.341019,ETH,Mean Reversion,paper,short,2401.94,2401.42,2401.94,2401.94,2.14,2.1,1916,high_vol
,2026-04-22T21:36:30.341428,ETH,Mean Reversion,shadow,short,2401.6,2402.23,2401.51,2401.6,-12.6,-102.6,3028,high_vol
,2026-04-22T21:36:42.646962,ETH,Mean Reversion,paper,short,2401.33,2401.18,2401.33,2401.33,0.6,0.6,2161,ranging
,2026-04-22T21:36:42.647627,ETH,Mean Reversion,shadow,short,2401.41,2401.68,2400.96,2401.41,-11.12,-101.1,144,ranging
,2026-04-22T21:36:50.890629,BTC,Mean Reversion,paper,long,78723.86,78720.48,78723.86,78723.86,-0.43,-0.4,2754,low_vol
,2026-04-22T21:36:50.891232,BTC,Mean Reversion,shadow,long,78766.96,78690.07,78713.68,78766.96,-19.76,-109.8,1707,low_vol
,2026-04-22T21:37:58.503863,BTC,Mean Reversion,paper,long,78760.97,78751.42,78760.97,78760.97,-1.21,-1.2,1514,low_vol
,2026-04-22T21:37:58.504203,BTC,Mean Reversion,shadow,long,78810.71,78729.15,78752.77,78810.71,-20.35,-110.3,995,low_vol
,2026-04-22T21:38:35.225623,ETH,Mean Reversion,paper,long,2403.66,2403.93,2403.66,2403.66,1.1,1.1,655,ranging
,2026-04-22T21:38:35.226479,ETH,Mean Reversion,shadow,long,2405.32,2403.02,2403.74,2405.32,-19.55,-109.5,905,ranging
,2026-04-22T21:38:39.234122,ETH,Mean Reversion,paper,short,2403.93,2403.58,2403.93,2403.93,1.43,1.4,2270,low_vol
,2026-04-22T21:38:39.235032,ETH,Mean Reversion,shadow,short,2404.23,2404.49,2403.77,2404.23,-11.05,-101.0,2958,low_vol
,2026-04-22T21:38:49.413711,BTC,Mean Reversion,paper,short,78770.36,78760.72,78770.36,78770.36,1.22,1.2,2818,ranging
,2026-04-22T21:38:49.414500,BTC,Mean Reversion,shadow,short,78781.17,78789.27,78765.64,78781.17,-11.03,-101.0,2770,ranging
,2026-04-22T21:38:53.500827,ETH,Mean Reversion,paper,long,2403.41,2402.99,2403.41,2403.41,-1.76,-1.8,3137,trending
,2026-04-22T21:38:53.501658,ETH,Mean Reversion,shadow,long,2404.8,2402.62,2403.35,2404.8,-19.03,-109.0,451,trending
,2026-04-22T21:39:22.236552,BTC,Mean Reversion,paper,short,78760.87,78783.86,78760.87,78760.87,-2.92,-2.9,2417,ranging
,2026-04-22T21:39:22.237164,BTC,Mean Reversion,shadow,short,78781.12,78793.94,78770.3,78781.12,-11.63,-101.6,832,ranging
,2026-04-22T21:39:46.660316,ETH,Mean Reversion,paper,long,2404.05,2404.36,2404.05,2404.05,1.31,1.3,2135,ranging
,2026-04-22T21:39:46.661457,ETH,Mean Reversion,shadow,long,2406.02,2403.65,2404.37,2406.02,-19.84,-109.8,89,ranging
,2026-04-22T21:39:50.685169,ETH,Mean Reversion,paper,long,2404.47,2403.91,2404.47,2404.47,-2.33,-2.3,1101,trending
,2026-04-22T21:39:50.685838,ETH,Mean Reversion,shadow,long,2406.04,2403.62,2404.35,2406.04,-20.03,-110.0,905,trending
,2026-04-22T21:39:54.780126,ETH,Mean Reversion,paper,long,2404.47,2404.15,2404.47,2404.47,-1.34,-1.3,1621,high_vol
,2026-04-22T21:39:54.780912,ETH,Mean Reversion,shadow,long,2405.94,2403.67,2404.39,2405.94,-19.4,-109.4,1366,high_vol
,2026-04-22T21:40:13.315498,BTC,Mean Reversion,paper,long,78784.39,78778.58,78784.39,78784.39,-0.74,-0.7,2504,ranging
,2026-04-22T21:40:13.316267,BTC,Mean Reversion,shadow,long,78821.27,78756.92,78780.55,78821.27,-18.16,-108.2,912,ranging
,2026-04-22T21:40:15.394295,ETH,Mean Reversion,paper,short,2404.68,2404.15,2404.68,2404.68,2.24,2.2,2931,ranging
,2026-04-22T21:40:15.395065,ETH,Mean Reversion,shadow,short,2404.24,2405.09,2404.37,2404.24,-13.53,-103.5,2228,ranging
,2026-04-22T21:40:29.751761,ETH,Mean Reversion,paper,long,2403.56,2403.89,2403.56,2403.56,1.34,1.3,3245,ranging
,2026-04-22T21:40:29.752291,ETH,Mean Reversion,shadow,long,2405.31,2403.07,2403.8,2405.31,-19.28,-109.3,1026,ranging
,2026-04-22T21:40:56.374569,ETH,Mean Reversion,paper,short,2404.28,2405.03,2404.28,2404.28,-3.1,-3.1,3146,trending
,2026-04-22T21:40:56.375733,ETH,Mean Reversion,shadow,short,2404.79,2405.42,2404.69,2404.79,-12.61,-102.6,233,trending
,2026-04-22T21:41:04.546640,ETH,Mean Reversion,paper,long,2404.1,2404.52,2404.1,2404.1,1.76,1.8,1584,ranging
,2026-04-22T21:41:04.547177,ETH,Mean Reversion,shadow,long,2405.94,2403.75,2404.47,2405.94,-19.08,-109.1,2549,ranging
,2026-04-22T21:41:23.079765,BTC,Mean Reversion,paper,long,78786.63,78780.09,78786.63,78786.63,-0.83,-0.8,1907,low_vol
,2026-04-22T21:41:23.081443,BTC,Mean Reversion,shadow,long,78826.05,78748.02,78771.65,78826.05,-19.9,-109.9,567,low_vol
,2026-04-22T21:41:35.276309,BTC,Mean Reversion,paper,long,78775.75,78766.68,78775.75,78775.75,-1.15,-1.2,2891,high_vol
,2026-04-22T21:41:35.277158,BTC,Mean Reversion,shadow,long,78813.53,78750.32,78773.96,78813.53,-18.02,-108.0,497,high_vol
,2026-04-22T21:41:41.422095,ETH,Mean Reversion,paper,long,2405.39,2405.56,2405.39,2405.39,0.7,0.7,1769,trending
,2026-04-22T21:41:41.422500,ETH,Mean Reversion,shadow,long,2406.84,2404.8,2405.52,2406.84,-18.49,-108.5,963,trending
,2026-04-22T21:41:49.579910,ETH,Mean Reversion,paper,long,2405.39,2405.24,2405.39,2405.39,-0.63,-0.6,1736,trending
,2026-04-22T21:41:49.580366,ETH,Mean Reversion,shadow,long,2407.27,2404.71,2405.43,2407.27,-20.65,-110.6,1874,trending
,2026-04-22T21:41:57.660919,BTC,Mean Reversion,paper,short,78766.65,78788.55,78766.65,78766.65,-2.78,-2.8,595,ranging
,2026-04-22T21:41:57.661416,BTC,Mean Reversion,shadow,short,78773.16,78798.89,78775.26,78773.16,-13.27,-103.3,2813,ranging
,2026-04-22T21:42:01.796579,BTC,Mean Reversion,paper,long,78772.74,78767.2,78772.74,78772.74,-0.7,-0.7,1663,high_vol
,2026-04-22T21:42:01.797119,BTC,Mean Reversion,shadow,long,78829.7,78751.62,78775.26,78829.7,-19.9,-109.9,1788,high_vol
,2026-04-22T21:42:14.004405,ETH,Mean Reversion,paper,short,2406.68,2406.83,2406.68,2406.68,-0.63,-0.6,2327,low_vol
,2026-04-22T21:42:14.004807,ETH,Mean Reversion,shadow,short,2406.29,2407.1,2406.38,2406.29,-13.36,-103.4,1915,low_vol
,2026-04-22T21:42:22.129920,BTC,Mean Reversion,paper,long,78793.26,78770.19,78793.26,78793.26,-2.93,-2.9,3588,high_vol
,2026-04-22T21:42:22.130468,BTC,Mean Reversion,shadow,long,78824.88,78760.06,78783.7,78824.88,-18.22,-108.2,2722,high_vol
,2026-04-22T21:42:44.671689,BTC,Mean Reversion,paper,short,78778.02,78785.43,78778.02,78778.02,-0.94,-0.9,2646,low_vol
,2026-04-22T21:42:44.672452,BTC,Mean Reversion,shadow,short,78776.19,78805.24,78781.61,78776.19,-13.69,-103.7,3137,low_vol
,2026-04-22T21:43:05.144361,ETH,Mean Reversion,paper,long,2406.65,2406.09,2406.65,2406.65,-2.32,-2.3,2122,high_vol
,2026-04-22T21:43:05.145941,ETH,Mean Reversion,shadow,long,2407.78,2405.59,2406.31,2407.78,-19.1,-109.1,1865,high_vol
,2026-04-22T21:43:13.384999,ETH,Mean Reversion,paper,short,2406.77,2406.16,2406.77,2406.77,2.51,2.5,425,ranging
,2026-04-22T21:43:13.386035,ETH,Mean Reversion,shadow,short,2406.19,2407.05,2406.32,2406.19,-13.58,-103.6,1169,ranging
,2026-04-22T21:44:02.572173,ETH,Mean Reversion,paper,long,2406.39,2405.77,2406.39,2406.39,-2.58,-2.6,1504,trending
,2026-04-22T21:44:02.573412,ETH,Mean Reversion,shadow,long,2407.84,2405.2,2405.92,2407.84,-20.96,-111.0,1238,trending
,2026-04-22T21:44:29.279959,BTC,Mean Reversion,paper,short,78796.07,78768.14,78796.07,78796.07,3.54,3.5,3480,ranging
,2026-04-22T21:44:29.280706,BTC,Mean Reversion,shadow,short,78786.47,78806.25,78782.61,78786.47,-12.51,-102.5,2513,ranging
,2026-04-22T21:44:39.411797,BTC,Mean Reversion,paper,short,78785.44,78770.44,78785.44,78785.44,1.9,1.9,1127,high_vol
,2026-04-22T21:44:39.412538,BTC,Mean Reversion,shadow,short,78778.52,78794.29,78770.65,78778.52,-12.0,-102.0,1288,high_vol
,2026-04-22T21:44:41.454579,BTC,Mean Reversion,paper,long,78774.67,78773.83,78774.67,78774.67,-0.11,-0.1,3544,low_vol
,2026-04-22T21:44:41.455345,BTC,Mean Reversion,shadow,long,78816.85,78747.02,78770.65,78816.85,-18.86,-108.9,2710,low_vol
,2026-04-22T21:44:55.788819,BTC,Mean Reversion,paper,short,78788.11,78783.45,78788.11,78788.11,0.59,0.6,2214,trending
,2026-04-22T21:44:55.789476,BTC,Mean Reversion,shadow,short,78784.45,78805.12,78781.49,78784.45,-12.62,-102.6,1275,trending
,2026-04-22T21:45:08.046618,ETH,Mean Reversion,paper,long,2406.44,2405.76,2406.44,2406.44,-2.8,-2.8,3237,high_vol
,2026-04-22T21:45:08.047426,ETH,Mean Reversion,shadow,long,2407.35,2405.31,2406.03,2407.35,-18.48,-108.5,1691,high_vol
,2026-04-22T21:45:12.164140,BTC,Mean Reversion,paper,short,78779.61,78795.71,78779.61,78779.61,-2.04,-2.0,574,ranging
,2026-04-22T21:45:12.164913,BTC,Mean Reversion,shadow,short,78797.94,78809.75,78786.11,78797.94,-11.5,-101.5,625,ranging
,2026-04-22T21:45:22.308418,ETH,Mean Reversion,paper,long,2406.69,2406.14,2406.69,2406.69,-2.28,-2.3,1279,trending
,2026-04-22T21:45:22.309022,ETH,Mean Reversion,shadow,long,2407.92,2405.77,2406.49,2407.92,-18.93,-108.9,2778,trending
,2026-04-22T21:45:36.725548,ETH,Mean Reversion,paper,short,2406.02,2406.16,2406.02,2406.02,-0.58,-0.6,3291,trending
,2026-04-22T21:45:36.726064,ETH,Mean Reversion,shadow,short,2406.56,2407.22,2406.49,2406.56,-12.75,-102.7,1653,trending
,2026-04-22T21:45:48.946538,ETH,Mean Reversion,paper,long,2406.47,2406.37,2406.47,2406.47,-0.43,-0.4,1041,ranging
,2026-04-22T21:45:48.947192,ETH,Mean Reversion,shadow,long,2407.56,2405.35,2406.07,2407.56,-19.17,-109.2,194,ranging
,2026-04-22T21:46:29.932649,ETH,Mean Reversion,paper,short,2405.66,2405.77,2405.66,2405.66,-0.44,-0.4,2796,ranging
,2026-04-22T21:46:29.933429,ETH,Mean Reversion,shadow,short,2405.54,2406.15,2405.43,2405.54,-12.54,-102.5,783,ranging
,2026-04-22T21:46:54.411766,ETH,Mean Reversion,paper,short,2405.72,2406.21,2405.72,2405.72,-2.04,-2.0,186,low_vol
,2026-04-22T21:46:54.412765,ETH,Mean Reversion,shadow,short,2405.95,2406.7,2405.97,2405.95,-13.1,-103.1,1560,low_vol
,2026-04-22T21:47:14.788119,ETH,Mean Reversion,paper,long,2405.32,2406.18,2405.32,2405.32,3.57,3.6,1684,trending
,2026-04-22T21:47:14.788726,ETH,Mean Reversion,shadow,long,2407.35,2404.99,2405.72,2407.35,-19.8,-109.8,367,trending
,2026-04-22T21:47:18.862268,BTC,Mean Reversion,paper,short,78811.74,78833.64,78811.74,78811.74,-2.78,-2.8,923,ranging
,2026-04-22T21:47:18.862926,BTC,Mean Reversion,shadow,short,78818.01,78845.36,78821.71,78818.01,-13.47,-103.5,833,ranging
,2026-04-22T21:47:39.402699,BTC,Mean Reversion,paper,long,78812.88,78803.61,78812.88,78812.88,-1.18,-1.2,2626,low_vol
,2026-04-22T21:47:39.403407,BTC,Mean Reversion,shadow,long,78852.88,78784.81,78808.46,78852.88,-18.63,-108.6,2679,low_vol
,2026-04-22T21:48:26.224301,ETH,Mean Reversion,paper,long,2405.03,2405.54,2405.03,2405.03,2.11,2.1,1621,low_vol
,2026-04-22T21:48:26.225073,ETH,Mean Reversion,shadow,long,2406.41,2404.46,2405.18,2406.41,-18.1,-108.1,2409,low_vol
,2026-04-22T21:48:28.300140,BTC,Mean Reversion,paper,short,78814.47,78820.98,78814.47,78814.47,-0.83,-0.8,838,low_vol
,2026-04-22T21:48:28.300916,BTC,Mean Reversion,shadow,short,78840.22,78852.17,78828.52,78840.22,-11.52,-101.5,1502,low_vol
,2026-04-22T21:48:36.512952,BTC,Mean Reversion,paper,long,78828.19,78825.45,78828.19,78828.19,-0.35,-0.3,1907,trending
,2026-04-22T21:48:36.513564,BTC,Mean Reversion,shadow,long,78884.09,78806.26,78829.9,78884.09,-19.87,-109.9,2086,trending
,2026-04-22T21:48:40.666724,BTC,Mean Reversion,paper,long,78827.34,78825.93,78827.34,78827.34,-0.18,-0.2,1603,high_vol
,2026-04-22T21:48:40.667520,BTC,Mean Reversion,shadow,long,78870.94,78806.22,78829.86,78870.94,-18.21,-108.2,1472,high_vol
,2026-04-22T21:49:25.613078,ETH,Mean Reversion,paper,short,2405.69,2405.5,2405.69,2405.69,0.77,0.8,3240,ranging
,2026-04-22T21:49:25.613800,ETH,Mean Reversion,shadow,short,2405.73,2406.03,2405.3,2405.73,-11.24,-101.2,2803,ranging
,2026-04-22T21:49:31.791098,ETH,Mean Reversion,paper,long,2404.77,2404.94,2404.77,2404.77,0.72,0.7,3531,low_vol
,2026-04-22T21:49:31.791674,ETH,Mean Reversion,shadow,long,2407.04,2404.48,2405.2,2407.04,-20.63,-110.6,3326,low_vol
,2026-04-22T21:49:33.848813,ETH,Mean Reversion,paper,short,2405.5,2405.1,2405.5,2405.5,1.66,1.7,1172,low_vol
,2026-04-22T21:49:33.849630,ETH,Mean Reversion,shadow,short,2405.5,2406.07,2405.35,2405.5,-12.35,-102.3,111,low_vol
,2026-04-22T21:49:44.062963,BTC,Mean Reversion,paper,short,78853.68,78833.38,78853.68,78853.68,2.57,2.6,390,ranging
,2026-04-22T21:49:44.063735,BTC,Mean Reversion,shadow,short,78850.25,78862.82,78839.17,78850.25,-11.59,-101.6,135,ranging
,2026-04-22T21:50:12.772576,ETH,Mean Reversion,paper,short,2404.11,2403.84,2404.11,2404.11,1.15,1.1,3012,low_vol
,2026-04-22T21:50:12.773614,ETH,Mean Reversion,shadow,short,2404.27,2404.62,2403.89,2404.27,-11.46,-101.5,3206,low_vol
,2026-04-22T21:50:23.038441,BTC,Mean Reversion,paper,short,78800.65,78798.69,78800.65,78800.65,0.25,0.2,1543,low_vol
,2026-04-22T21:50:23.039122,BTC,Mean Reversion,shadow,short,78810.47,78834.45,78810.8,78810.47,-13.04,-103.0,2176,low_vol
,2026-04-22T21:50:27.177320,ETH,Mean Reversion,paper,short,2404.38,2403.81,2404.38,2404.38,2.34,2.3,3327,low_vol
,2026-04-22T21:50:27.177861,ETH,Mean Reversion,shadow,short,2403.99,2404.8,2404.07,2403.99,-13.35,-103.3,2392,low_vol
,2026-04-22T21:50:29.255332,BTC,Mean Reversion,paper,long,78821.48,78801.19,78821.48,78821.48,-2.57,-2.6,1203,low_vol
,2026-04-22T21:50:29.255944,BTC,Mean Reversion,shadow,long,78857.65,78787.16,78810.8,78857.65,-18.94,-108.9,2743,low_vol
,2026-04-22T21:50:41.595135,ETH,Mean Reversion,paper,long,2404.31,2404.59,2404.31,2404.31,1.17,1.2,1433,ranging
,2026-04-22T21:50:41.595639,ETH,Mean Reversion,shadow,long,2405.75,2403.57,2404.3,2405.75,-19.06,-109.1,941,ranging
,2026-04-22T21:50:53.841376,BTC,Mean Reversion,paper,long,78825.71,78818.14,78825.71,78825.71,-0.96,-1.0,2092,high_vol
,2026-04-22T21:50:53.841971,BTC,Mean Reversion,shadow,long,78850.23,78786.52,78810.17,78850.23,-18.08,-108.1,2363,high_vol
,2026-04-22T21:51:18.479492,ETH,Mean Reversion,paper,short,2405.15,2404.97,2405.15,2405.15,0.75,0.7,860,high_vol
,2026-04-22T21:51:18.480026,ETH,Mean Reversion,shadow,short,2405.02,2405.43,2404.7,2405.02,-11.71,-101.7,1916,high_vol
,2026-04-22T21:52:13.987723,BTC,Mean Reversion,paper,long,78779.99,78782.26,78779.99,78779.99,0.29,0.3,3104,high_vol
,2026-04-22T21:52:13.988408,BTC,Mean Reversion,shadow,long,78828.12,78748.49,78772.12,78828.12,-20.1,-110.1,184,high_vol
,2026-04-22T21:52:26.286467,BTC,Mean Reversion,paper,long,78787.82,78776.11,78787.82,78787.82,-1.49,-1.5,2018,ranging
,2026-04-22T21:52:26.287381,BTC,Mean Reversion,shadow,long,78825.24,78748.49,78772.12,78825.24,-19.74,-109.7,1571,ranging
,2026-04-22T21:52:30.374643,ETH,Mean Reversion,paper,long,2404.31,2404.1,2404.31,2404.31,-0.88,-0.9,2744,low_vol
,2026-04-22T21:52:30.377321,ETH,Mean Reversion,shadow,long,2405.16,2403.19,2403.91,2405.16,-18.18,-108.2,2240,low_vol
,2026-04-22T21:52:40.661617,BTC,Mean Reversion,paper,long,78748.15,78772.07,78748.15,78748.15,3.04,3.0,2858,ranging
,2026-04-22T21:52:40.662158,BTC,Mean Reversion,shadow,long,78796.32,78732.73,78756.36,78796.32,-18.07,-108.1,974,ranging
,2026-04-22T21:52:52.977674,ETH,Mean Reversion,paper,short,2402.85,2402.97,2402.85,2402.85,-0.51,-0.5,1667,low_vol
,2026-04-22T21:52:52.978034,ETH,Mean Reversion,shadow,short,2403.19,2403.65,2402.93,2403.19,-11.9,-101.9,3483,low_vol
,2026-04-22T21:52:59.165775,BTC,Mean Reversion,paper,long,78738.2,78735.98,78738.2,78738.2,-0.28,-0.3,2849,high_vol
,2026-04-22T21:52:59.166600,BTC,Mean Reversion,shadow,long,78792.93,78721.99,78745.61,78792.93,-19.0,-109.0,3434,high_vol
,2026-04-22T21:53:09.456784,BTC,Mean Reversion,paper,short,78756.12,78752.88,78756.12,78756.12,0.41,0.4,1577,ranging
,2026-04-22T21:53:09.457220,BTC,Mean Reversion,shadow,short,78746.05,78769.24,78745.61,78746.05,-12.94,-102.9,754,ranging
,2026-04-22T21:53:19.705164,BTC,Mean Reversion,paper,long,78759.97,78739.16,78759.97,78759.97,-2.64,-2.6,3517,trending
,2026-04-22T21:53:19.705710,BTC,Mean Reversion,shadow,long,78809.05,78723.48,78747.11,78809.05,-20.86,-110.9,2387,trending
,2026-04-22T21:53:23.789507,BTC,Mean Reversion,paper,long,78761.26,78745.4,78761.26,78761.26,-2.01,-2.0,1281,trending
,2026-04-22T21:53:23.789852,BTC,Mean Reversion,shadow,long,78799.42,78728.5,78752.13,78799.42,-19.0,-109.0,345,trending
,2026-04-22T21:53:27.920420,BTC,Mean Reversion,paper,short,78751.18,78737.77,78751.18,78751.18,1.7,1.7,809,trending
,2026-04-22T21:53:27.920867,BTC,Mean Reversion,shadow,short,78747.8,78775.86,78752.24,78747.8,-13.56,-103.6,1978,trending
,2026-04-22T21:53:36.044476,ETH,Mean Reversion,paper,long,2403.16,2402.58,2403.16,2403.16,-2.39,-2.4,1208,low_vol
,2026-04-22T21:53:36.044925,ETH,Mean Reversion,shadow,long,2404.1,2401.97,2402.69,2404.1,-18.88,-108.9,2120,low_vol
,2026-04-22T21:53:38.112609,BTC,Mean Reversion,paper,short,78764.2,78741.38,78764.2,78764.2,2.9,2.9,2475,low_vol
,2026-04-22T21:53:38.113113,BTC,Mean Reversion,shadow,short,78747.93,78777.05,78753.42,78747.93,-13.7,-103.7,2967,low_vol
,2026-04-22T21:53:46.296882,BTC,Mean Reversion,paper,short,78762.58,78784.51,78762.58,78762.58,-2.78,-2.8,1098,low_vol
,2026-04-22T21:53:46.297433,BTC,Mean Reversion,shadow,short,78776.11,78794.7,78771.07,78776.11,-12.36,-102.4,3065,low_vol
,2026-04-22T21:53:48.372827,ETH,Mean Reversion,paper,short,2402.73,2402.86,2402.73,2402.73,-0.51,-0.5,1970,ranging
,2026-04-22T21:53:48.374402,ETH,Mean Reversion,shadow,short,2403.04,2403.65,2402.93,2403.04,-12.52,-102.5,1035,ranging
,2026-04-22T21:54:10.848803,ETH,Mean Reversion,paper,short,2402.51,2403.02,2402.51,2402.51,-2.12,-2.1,839,high_vol
,2026-04-22T21:54:10.849354,ETH,Mean Reversion,shadow,short,2403.13,2403.65,2402.93,2403.13,-12.14,-102.1,91,high_vol
,2026-04-22T21:54:14.977137,BTC,Mean Reversion,paper,long,78780.15,78763.27,78780.15,78780.15,-2.14,-2.1,1340,low_vol
,2026-04-22T21:54:14.977711,BTC,Mean Reversion,shadow,long,78837.45,78752.79,78776.42,78837.45,-20.74,-110.7,3241,low_vol
,2026-04-22T21:54:27.219970,BTC,Mean Reversion,paper,short,78796.57,78797.64,78796.57,78796.57,-0.14,-0.1,2852,ranging
,2026-04-22T21:54:27.221613,BTC,Mean Reversion,shadow,short,78798.8,78808.89,78785.26,78798.8,-11.28,-101.3,2357,ranging
,2026-04-22T21:54:31.296675,BTC,Mean Reversion,paper,long,78792.44,78792.19,78792.44,78792.44,-0.03,-0.0,208,low_vol
,2026-04-22T21:54:31.297171,BTC,Mean Reversion,shadow,long,78836.36,78761.62,78785.26,78836.36,-19.48,-109.5,316,low_vol
,2026-04-22T21:55:18.404565,BTC,Mean Reversion,paper,short,78779.24,78769.89,78779.24,78779.24,1.19,1.2,3096,high_vol
,2026-04-22T21:55:18.405134,BTC,Mean Reversion,shadow,short,78767.9,78795.05,78771.42,78767.9,-13.45,-103.4,3131,high_vol
,2026-04-22T21:55:34.795919,ETH,Mean Reversion,paper,short,2403.97,2404.0,2403.97,2403.97,-0.13,-0.1,1215,low_vol
,2026-04-22T21:55:34.796513,ETH,Mean Reversion,shadow,short,2404.66,2405.12,2404.39,2404.66,-11.89,-101.9,3183,low_vol
,2026-04-22T21:55:42.941378,BTC,Mean Reversion,paper,long,78815.15,78821.34,78815.15,78815.15,0.79,0.8,660,ranging
,2026-04-22T21:55:42.942054,BTC,Mean Reversion,shadow,long,78875.05,78790.8,78814.45,78875.05,-20.68,-110.7,558,ranging
,2026-04-22T21:56:11.781544,BTC,Mean Reversion,paper,short,78815.32,78824.62,78815.32,78815.32,-1.18,-1.2,3344,high_vol
,2026-04-22T21:56:11.782062,BTC,Mean Reversion,shadow,short,78819.98,78845.28,78821.64,78819.98,-13.21,-103.2,914,high_vol
,2026-04-22T21:56:24.123971,ETH,Mean Reversion,paper,short,2404.76,2403.98,2404.76,2404.76,3.27,3.3,1846,high_vol
,2026-04-22T21:56:24.124736,ETH,Mean Reversion,shadow,short,2404.68,2405.17,2404.44,2404.68,-12.03,-102.0,2156,high_vol
,2026-04-22T21:56:38.453160,ETH,Mean Reversion,paper,short,2404.22,2404.38,2404.22,2404.22,-0.67,-0.7,621,ranging
,2026-04-22T21:56:38.453543,ETH,Mean Reversion,shadow,short,2404.88,2405.29,2404.57,2404.88,-11.68,-101.7,2919,ranging
,2026-04-22T21:56:46.692433,BTC,Mean Reversion,paper,long,78814.93,78840.31,78814.93,78814.93,3.22,3.2,1593,low_vol
,2026-04-22T21:56:46.693115,BTC,Mean Reversion,shadow,long,78891.62,78805.4,78829.04,78891.62,-20.93,-110.9,2828,low_vol
,2026-04-22T21:56:56.962519,BTC,Mean Reversion,paper,short,78840.13,78841.53,78840.13,78840.13,-0.18,-0.2,1614,high_vol
,2026-04-22T21:56:56.963300,BTC,Mean Reversion,shadow,short,78849.46,78861.79,78838.14,78849.46,-11.56,-101.6,3083,high_vol
,2026-04-22T21:57:07.129117,BTC,Mean Reversion,paper,long,78860.53,78843.85,78860.53,78860.53,-2.12,-2.1,1578,ranging
,2026-04-22T21:57:07.129701,BTC,Mean Reversion,shadow,long,78905.5,78821.69,78845.35,78905.5,-20.62,-110.6,587,ranging
,2026-04-22T21:57:09.207967,BTC,Mean Reversion,paper,long,78844.56,78831.5,78844.56,78844.56,-1.66,-1.7,3178,ranging
,2026-04-22T21:57:09.208785,BTC,Mean Reversion,shadow,long,78904.32,78820.41,78844.07,78904.32,-20.63,-110.6,575,ranging
,2026-04-22T21:57:11.244944,ETH,Mean Reversion,paper,short,2404.88,2404.97,2404.88,2404.88,-0.37,-0.4,2433,trending
,2026-04-22T21:57:11.245553,ETH,Mean Reversion,shadow,short,2405.01,2405.93,2405.2,2405.01,-13.8,-103.8,807,trending
,2026-04-22T21:57:21.537418,ETH,Mean Reversion,paper,long,2404.84,2405.12,2404.84,2404.84,1.18,1.2,2226,low_vol
,2026-04-22T21:57:21.538051,ETH,Mean Reversion,shadow,long,2406.63,2404.48,2405.2,2406.63,-18.92,-108.9,3544,low_vol
,2026-04-22T21:57:39.961076,BTC,Mean Reversion,paper,long,78866.42,78873.66,78866.42,78866.42,0.92,0.9,2791,high_vol
,2026-04-22T21:57:39.961712,BTC,Mean Reversion,shadow,long,78909.18,78834.59,78858.24,78909.18,-19.45,-109.5,624,high_vol
,2026-04-22T21:57:52.162428,BTC,Mean Reversion,paper,short,78864.58,78854.11,78864.58,78864.58,1.33,1.3,1497,trending
,2026-04-22T21:57:52.163003,BTC,Mean Reversion,shadow,short,78858.81,78874.53,78850.88,78858.81,-11.99,-102.0,2522,trending
,2026-04-22T21:57:56.245270,ETH,Mean Reversion,paper,short,2404.7,2404.84,2404.7,2404.7,-0.6,-0.6,458,high_vol
,2026-04-22T21:57:56.246006,ETH,Mean Reversion,shadow,short,2404.58,2405.27,2404.55,2404.58,-12.84,-102.8,2061,high_vol
,2026-04-22T21:58:41.479053,BTC,Mean Reversion,paper,short,78793.89,78788.89,78793.89,78793.89,0.63,0.6,2187,ranging
,2026-04-22T21:58:41.480636,BTC,Mean Reversion,shadow,short,78784.15,78810.43,78786.79,78784.15,-13.33,-103.3,1249,ranging
,2026-04-22T21:58:45.579045,BTC,Mean Reversion,paper,long,78761.7,78780.42,78761.7,78761.7,2.38,2.4,766,ranging
,2026-04-22T21:58:45.579832,BTC,Mean Reversion,shadow,long,78820.94,78743.37,78767.01,78820.94,-19.84,-109.8,3269,ranging
,2026-04-22T21:59:16.378356,BTC,Mean Reversion,paper,short,78796.5,78778.75,78796.5,78796.5,2.25,2.3,1335,trending
,2026-04-22T21:59:16.381083,BTC,Mean Reversion,shadow,short,78800.55,78811.67,78788.03,78800.55,-11.41,-101.4,966,trending
,2026-04-22T21:59:20.461255,ETH,Mean Reversion,paper,short,2403.48,2403.15,2403.48,2403.48,1.41,1.4,2132,high_vol
,2026-04-22T21:59:20.461851,ETH,Mean Reversion,shadow,short,2403.3,2404.02,2403.3,2403.3,-13.0,-103.0,1926,high_vol
,2026-04-22T21:59:26.629960,BTC,Mean Reversion,paper,long,78807.16,78792.42,78807.16,78807.16,-1.87,-1.9,2798,ranging
,2026-04-22T21:59:26.630817,BTC,Mean Reversion,shadow,long,78839.16,78771.67,78795.3,78839.16,-18.56,-108.6,1380,ranging
,2026-04-22T21:59:28.691106,ETH,Mean Reversion,paper,long,2402.87,2403.5,2402.87,2402.87,2.64,2.6,1207,trending
,2026-04-22T21:59:28.691763,ETH,Mean Reversion,shadow,long,2404.57,2402.57,2403.3,2404.57,-18.3,-108.3,396,trending
,2026-04-22T21:59:43.003440,BTC,Mean Reversion,paper,short,78786.35,78782.37,78786.35,78786.35,0.51,0.5,2038,trending
,2026-04-22T21:59:43.004152,BTC,Mean Reversion,shadow,short,78790.58,78818.4,78794.76,78790.58,-13.53,-103.5,3143,trending
,2026-04-22T22:00:03.478933,ETH,Mean Reversion,paper,long,2402.3,2402.98,2402.3,2402.3,2.83,2.8,3371,high_vol
,2026-04-22T22:00:03.479552,ETH,Mean Reversion,shadow,long,2404.34,2401.89,2402.61,2404.34,-20.15,-110.2,1234,high_vol
,2026-04-22T22:00:09.613255,ETH,Mean Reversion,paper,long,2403.64,2403.51,2403.64,2403.64,-0.56,-0.6,1435,ranging
,2026-04-22T22:00:09.613955,ETH,Mean Reversion,shadow,long,2405.04,2402.47,2403.19,2405.04,-20.65,-110.6,2294,ranging
,2026-04-22T22:00:11.686731,ETH,Mean Reversion,paper,short,2402.97,2403.66,2402.97,2402.97,-2.86,-2.9,3097,trending
,2026-04-22T22:00:11.687495,ETH,Mean Reversion,shadow,short,2403.03,2403.92,2403.19,2403.03,-13.68,-103.7,2357,trending
,2026-04-22T22:00:50.628983,ETH,Mean Reversion,paper,short,2405.59,2405.34,2405.59,2405.59,1.03,1.0,3428,low_vol
,2026-04-22T22:00:50.629819,ETH,Mean Reversion,shadow,short,2406.04,2406.36,2405.64,2406.04,-11.32,-101.3,392,low_vol
,2026-04-22T22:01:37.800046,BTC,Mean Reversion,paper,short,78814.66,78805.6,78814.66,78814.66,1.15,1.1,2193,high_vol
,2026-04-22T22:01:37.800587,BTC,Mean Reversion,shadow,short,78827.82,78842.41,78818.76,78827.82,-11.85,-101.9,713,high_vol
,2026-04-22T22:01:41.927795,BTC,Mean Reversion,paper,long,78837.73,78830.33,78837.73,78837.73,-0.94,-0.9,2472,ranging
,2026-04-22T22:01:41.928219,BTC,Mean Reversion,shadow,long,78872.73,78801.36,78825.01,78872.73,-19.05,-109.0,2627,ranging
,2026-04-22T22:01:43.944539,BTC,Mean Reversion,paper,long,78833.67,78818.46,78833.67,78833.67,-1.93,-1.9,2514,ranging
,2026-04-22T22:01:43.945109,BTC,Mean Reversion,shadow,long,78865.69,78801.36,78825.01,78865.69,-18.16,-108.2,766,ranging
,2026-04-22T22:01:46.024321,BTC,Mean Reversion,paper,short,78809.61,78837.49,78809.61,78809.61,-3.54,-3.5,3434,trending
,2026-04-22T22:01:46.025136,BTC,Mean Reversion,shadow,short,78818.37,78848.65,78825.01,78818.37,-13.84,-103.8,969,trending
,2026-04-22T22:02:33.162791,BTC,Mean Reversion,paper,long,78811.03,78780.99,78811.03,78811.03,-3.81,-3.8,2936,ranging
,2026-04-22T22:02:33.164013,BTC,Mean Reversion,shadow,long,78847.96,78772.72,78796.36,78847.96,-19.54,-109.5,2881,ranging
,2026-04-22T22:03:03.925676,BTC,Mean Reversion,paper,short,78738.33,78745.31,78738.33,78738.33,-0.89,-0.9,1602,high_vol
,2026-04-22T22:03:03.927329,BTC,Mean Reversion,shadow,short,78753.33,78769.18,78745.55,78753.33,-12.01,-102.0,423,high_vol
,2026-04-22T22:03:22.306671,BTC,Mean Reversion,paper,long,78746.69,78738.13,78746.69,78746.69,-1.09,-1.1,1829,ranging
,2026-04-22T22:03:22.309117,BTC,Mean Reversion,shadow,long,78788.75,78723.31,78746.93,78788.75,-18.31,-108.3,319,ranging
,2026-04-22T22:03:28.470676,BTC,Mean Reversion,paper,long,78746.41,78776.61,78746.41,78746.41,3.83,3.8,497,trending
,2026-04-22T22:03:28.471547,BTC,Mean Reversion,shadow,long,78822.2,78737.41,78761.04,78822.2,-20.76,-110.8,2067,trending
,2026-04-22T22:03:32.571748,ETH,Mean Reversion,paper,short,2401.35,2401.68,2401.35,2401.35,-1.37,-1.4,597,high_vol
,2026-04-22T22:03:32.572659,ETH,Mean Reversion,shadow,short,2401.57,2402.33,2401.61,2401.57,-13.17,-103.2,362,high_vol
,2026-04-22T22:03:40.667636,BTC,Mean Reversion,paper,short,78740.53,78751.61,78740.53,78740.53,-1.41,-1.4,1339,ranging
,2026-04-22T22:03:40.667950,BTC,Mean Reversion,shadow,short,78746.14,78767.99,78744.36,78746.14,-12.78,-102.8,3151,ranging
,2026-04-22T22:03:46.811940,BTC,Mean Reversion,paper,short,78729.69,78729.76,78729.69,78729.69,-0.01,-0.0,1861,trending
,2026-04-22T22:03:46.813541,BTC,Mean Reversion,shadow,short,78752.65,78767.99,78744.36,78752.65,-11.95,-101.9,133,trending
,2026-04-22T22:04:34.062554,BTC,Mean Reversion,paper,long,78793.02,78789.56,78793.02,78793.02,-0.44,-0.4,244,ranging
,2026-04-22T22:04:34.063097,BTC,Mean Reversion,shadow,long,78825.57,78759.39,78783.02,78825.57,-18.4,-108.4,3579,ranging
,2026-04-22T22:04:36.142648,ETH,Mean Reversion,paper,short,2401.92,2402.81,2401.92,2401.92,-3.7,-3.7,553,high_vol
,2026-04-22T22:04:36.143179,ETH,Mean Reversion,shadow,short,2402.32,2403.12,2402.39,2402.32,-13.32,-103.3,755,high_vol
,2026-04-22T22:05:10.962152,BTC,Mean Reversion,paper,short,78794.87,78785.78,78794.87,78794.87,1.15,1.2,902,high_vol
,2026-04-22T22:05:10.962989,BTC,Mean Reversion,shadow,short,78812.16,78824.65,78801.01,78812.16,-11.58,-101.6,1235,high_vol
,2026-04-22T22:05:37.662749,BTC,Mean Reversion,paper,short,78811.04,78817.04,78811.04,78811.04,-0.76,-0.8,427,trending
,2026-04-22T22:05:37.663277,BTC,Mean Reversion,shadow,short,78803.08,78830.79,78807.14,78803.08,-13.52,-103.5,410,trending
,2026-04-22T22:05:41.769442,BTC,Mean Reversion,paper,long,78760.86,78754.95,78760.86,78760.86,-0.75,-0.8,300,ranging
,2026-04-22T22:05:41.770362,BTC,Mean Reversion,shadow,long,78812.78,78733.52,78757.15,78812.78,-20.06,-110.1,744,ranging
,2026-04-22T22:05:48.007605,ETH,Mean Reversion,paper,long,2401.21,2401.94,2401.21,2401.21,3.01,3.0,3592,ranging
,2026-04-22T22:05:48.008329,ETH,Mean Reversion,shadow,long,2403.3,2400.77,2401.49,2403.3,-20.51,-110.5,182,ranging
,2026-04-22T22:06:00.227936,BTC,Mean Reversion,paper,short,78746.0,78771.41,78746.0,78746.0,-3.23,-3.2,2570,trending
,2026-04-22T22:06:00.228960,BTC,Mean Reversion,shadow,short,78757.54,78783.33,78759.71,78757.54,-13.27,-103.3,137,trending
,2026-04-22T22:06:28.851674,ETH,Mean Reversion,paper,long,2403.47,2403.43,2403.47,2403.47,-0.16,-0.2,1352,trending
,2026-04-22T22:06:28.852444,ETH,Mean Reversion,shadow,long,2405.36,2403.05,2403.78,2405.36,-19.6,-109.6,2312,trending
,2026-04-22T22:06:49.379047,ETH,Mean Reversion,paper,short,2404.21,2404.19,2404.21,2404.21,0.05,0.1,1679,high_vol
,2026-04-22T22:06:49.379862,ETH,Mean Reversion,shadow,short,2404.55,2404.83,2404.11,2404.55,-11.16,-101.2,2210,high_vol
,2026-04-22T22:06:55.571841,BTC,Mean Reversion,paper,short,78806.51,78800.04,78806.51,78806.51,0.82,0.8,3270,ranging
,2026-04-22T22:06:55.572631,BTC,Mean Reversion,shadow,short,78828.76,78837.06,78813.42,78828.76,-11.05,-101.1,3334,ranging
,2026-04-22T22:06:57.628760,ETH,Mean Reversion,paper,long,2404.58,2403.99,2404.58,2404.58,-2.46,-2.5,614,ranging
,2026-04-22T22:06:57.629600,ETH,Mean Reversion,shadow,long,2405.85,2403.55,2404.28,2405.85,-19.55,-109.6,1971,ranging
,2026-04-22T22:07:11.907399,ETH,Mean Reversion,paper,short,2404.92,2404.28,2404.92,2404.92,2.65,2.6,3584,ranging
,2026-04-22T22:07:11.908217,ETH,Mean Reversion,shadow,short,2404.55,2405.46,2404.74,2404.55,-13.78,-103.8,1395,ranging
,2026-04-22T22:07:38.662760,BTC,Mean Reversion,paper,short,78800.18,78812.28,78800.18,78800.18,-1.54,-1.5,537,high_vol
,2026-04-22T22:07:38.663302,BTC,Mean Reversion,shadow,short,78813.3,78834.44,78810.79,78813.3,-12.68,-102.7,818,high_vol
,2026-04-22T22:08:21.711938,ETH,Mean Reversion,paper,long,2404.22,2403.55,2404.22,2404.22,-2.8,-2.8,194,low_vol
,2026-04-22T22:08:21.712446,ETH,Mean Reversion,shadow,long,2405.26,2403.22,2403.94,2405.26,-18.47,-108.5,1220,low_vol
,2026-04-22T22:08:23.739585,ETH,Mean Reversion,paper,long,2405.1,2404.39,2405.1,2405.1,-2.96,-3.0,2089,trending
,2026-04-22T22:08:23.740114,ETH,Mean Reversion,shadow,long,2406.17,2403.98,2404.7,2406.17,-19.11,-109.1,962,trending
,2026-04-22T22:08:48.288839,BTC,Mean Reversion,paper,short,78858.19,78858.2,78858.19,78858.19,-0.0,-0.0,2880,low_vol
,2026-04-22T22:08:48.289369,BTC,Mean Reversion,shadow,short,78863.82,78880.41,78856.76,78863.82,-12.1,-102.1,2056,low_vol
,2026-04-22T22:08:50.307824,ETH,Mean Reversion,paper,short,2405.91,2405.97,2405.91,2405.91,-0.24,-0.2,780,high_vol
,2026-04-22T22:08:50.308360,ETH,Mean Reversion,shadow,short,2405.82,2406.32,2405.6,2405.82,-12.07,-102.1,1156,high_vol
,2026-04-22T22:08:52.380998,ETH,Mean Reversion,paper,long,2405.3,2405.46,2405.3,2405.3,0.66,0.7,1765,ranging
,2026-04-22T22:08:52.381553,ETH,Mean Reversion,shadow,long,2406.52,2404.58,2405.31,2406.52,-18.04,-108.0,3353,ranging
,2026-04-22T22:09:08.720190,ETH,Mean Reversion,paper,long,2404.95,2405.26,2404.95,2404.95,1.29,1.3,3244,trending
,2026-04-22T22:09:08.720997,ETH,Mean Reversion,shadow,long,2406.55,2404.28,2405.01,2406.55,-19.43,-109.4,1378,trending
,2026-04-22T22:09:45.745398,BTC,Mean Reversion,paper,long,78843.41,78859.52,78843.41,78843.41,2.04,2.0,1896,high_vol
,2026-04-22T22:09:45.746236,BTC,Mean Reversion,shadow,long,78891.77,78825.86,78849.51,78891.77,-18.35,-108.4,3298,high_vol
,2026-04-22T22:10:02.028708,BTC,Mean Reversion,paper,short,78845.01,78846.79,78845.01,78845.01,-0.23,-0.2,1323,high_vol
,2026-04-22T22:10:02.029533,BTC,Mean Reversion,shadow,short,78871.03,78881.65,78857.99,78871.03,-11.35,-101.3,2439,high_vol
,2026-04-22T22:10:34.928664,BTC,Mean Reversion,paper,short,78841.3,78828.03,78841.3,78841.3,1.68,1.7,774,high_vol
,2026-04-22T22:10:34.929425,BTC,Mean Reversion,shadow,short,78842.12,78857.77,78834.11,78842.12,-11.98,-102.0,2968,high_vol
,2026-04-22T22:10:45.127758,BTC,Mean Reversion,paper,short,78838.35,78837.12,78838.35,78838.35,0.16,0.2,3471,low_vol
,2026-04-22T22:10:45.128430,BTC,Mean Reversion,shadow,short,78825.24,78849.66,78826.01,78825.24,-13.1,-103.1,1034,low_vol
,2026-04-22T22:10:57.341348,BTC,Mean Reversion,paper,long,78818.53,78831.36,78818.53,78818.53,1.63,1.6,926,trending
,2026-04-22T22:10:57.342151,BTC,Mean Reversion,shadow,long,78871.7,78802.29,78825.93,78871.7,-18.8,-108.8,1343,trending
,2026-04-22T22:11:03.512087,BTC,Mean Reversion,paper,long,78854.27,78837.33,78854.27,78854.27,-2.15,-2.1,82,high_vol
,2026-04-22T22:11:03.512883,BTC,Mean Reversion,shadow,long,78886.1,78816.33,78839.99,78886.1,-18.84,-108.8,1511,high_vol
,2026-04-22T22:11:05.565439,BTC,Mean Reversion,paper,short,78838.02,78836.0,78838.02,78838.02,0.26,0.3,2740,ranging
,2026-04-22T22:11:05.566218,BTC,Mean Reversion,shadow,short,78854.04,78863.64,78839.99,78854.04,-11.22,-101.2,2056,ranging
,2026-04-22T22:11:24.073371,BTC,Mean Reversion,paper,short,78827.85,78846.52,78827.85,78827.85,-2.37,-2.4,2906,ranging
,2026-04-22T22:11:24.074153,BTC,Mean Reversion,shadow,short,78853.35,78866.14,78842.49,78853.35,-11.62,-101.6,1482,ranging
,2026-04-22T22:11:32.255276,BTC,Mean Reversion,paper,short,78807.11,78811.96,78807.11,78807.11,-0.61,-0.6,1511,ranging
,2026-04-22T22:11:32.256880,BTC,Mean Reversion,shadow,short,78804.18,78831.64,78807.99,78804.18,-13.48,-103.5,2690,ranging
,2026-04-22T22:11:36.312362,BTC,Mean Reversion,paper,short,78792.99,78814.37,78792.99,78792.99,-2.71,-2.7,3032,ranging
,2026-04-22T22:11:36.313169,BTC,Mean Reversion,shadow,short,78808.13,78829.66,78806.01,78808.13,-12.73,-102.7,494,ranging
,2026-04-22T22:11:38.361921,BTC,Mean Reversion,paper,short,78806.84,78795.14,78806.84,78806.84,1.48,1.5,1575,high_vol
,2026-04-22T22:11:38.362720,BTC,Mean Reversion,shadow,short,78817.1,78829.66,78806.01,78817.1,-11.59,-101.6,1193,high_vol
,2026-04-22T22:12:11.169806,ETH,Mean Reversion,paper,long,2404.06,2404.83,2404.06,2404.06,3.19,3.2,2233,ranging
,2026-04-22T22:12:11.170418,ETH,Mean Reversion,shadow,long,2405.82,2403.65,2404.38,2405.82,-19.02,-109.0,2727,ranging
,2026-04-22T22:12:19.294139,ETH,Mean Reversion,paper,short,2405.9,2405.69,2405.9,2405.9,0.85,0.8,2045,high_vol
,2026-04-22T22:12:19.294850,ETH,Mean Reversion,shadow,short,2405.8,2406.22,2405.49,2405.8,-11.74,-101.7,3054,high_vol
,2026-04-22T22:12:23.340162,BTC,Mean Reversion,paper,short,78859.51,78840.31,78859.51,78859.51,2.43,2.4,981,ranging
,2026-04-22T22:12:23.340930,BTC,Mean Reversion,shadow,short,78852.14,78878.25,78854.6,78852.14,-13.31,-103.3,1368,ranging
,2026-04-22T22:13:04.429492,ETH,Mean Reversion,paper,short,2405.77,2405.26,2405.77,2405.77,2.11,2.1,1497,low_vol
,2026-04-22T22:13:04.430343,ETH,Mean Reversion,shadow,short,2405.67,2406.14,2405.41,2405.67,-11.93,-101.9,2727,low_vol
,2026-04-22T22:13:33.241965,BTC,Mean Reversion,paper,long,78833.78,78845.08,78833.78,78833.78,1.43,1.4,1761,ranging
,2026-04-22T22:13:33.242743,BTC,Mean Reversion,shadow,long,78901.45,78819.78,78843.43,78901.45,-20.35,-110.4,175,ranging
,2026-04-22T22:13:57.978463,ETH,Mean Reversion,paper,long,2404.83,2404.53,2404.83,2404.83,-1.23,-1.2,125,high_vol
,2026-04-22T22:13:57.979142,ETH,Mean Reversion,shadow,long,2406.27,2404.23,2404.95,2406.27,-18.46,-108.5,983,high_vol
,2026-04-22T22:14:24.570013,BTC,Mean Reversion,paper,short,78860.68,78852.09,78860.68,78860.68,1.09,1.1,339,trending
,2026-04-22T22:14:24.570721,BTC,Mean Reversion,shadow,short,78856.17,78869.58,78845.92,78856.17,-11.7,-101.7,1357,trending
,2026-04-22T22:14:43.091592,ETH,Mean Reversion,paper,short,2404.86,2404.14,2404.86,2404.86,3.0,3.0,1024,trending
,2026-04-22T22:14:43.092372,ETH,Mean Reversion,shadow,short,2404.88,2405.24,2404.52,2404.88,-11.49,-101.5,3401,trending
,2026-04-22T22:15:01.427385,BTC,Mean Reversion,paper,short,78812.44,78786.07,78812.44,78812.44,3.35,3.3,2548,trending
,2026-04-22T22:15:01.427876,BTC,Mean Reversion,shadow,short,78791.69,78820.64,78797.01,78791.69,-13.67,-103.7,3597,trending
,2026-04-22T22:15:24.001421,ETH,Mean Reversion,paper,short,2403.71,2403.71,2403.71,2403.71,0.02,0.0,2866,ranging
,2026-04-22T22:15:24.002003,ETH,Mean Reversion,shadow,short,2403.5,2404.43,2403.7,2403.5,-13.84,-103.8,3016,ranging
,2026-04-22T22:15:28.045864,ETH,Mean Reversion,paper,long,2403.3,2403.97,2403.3,2403.3,2.79,2.8,2833,ranging
,2026-04-22T22:15:28.046640,ETH,Mean Reversion,shadow,long,2405.06,2402.83,2403.56,2405.06,-19.26,-109.3,2774,ranging
,2026-04-22T22:15:52.751185,BTC,Mean Reversion,paper,short,78776.31,78779.36,78776.31,78776.31,-0.39,-0.4,888,trending
,2026-04-22T22:15:52.751986,BTC,Mean Reversion,shadow,short,78791.31,78802.21,78778.58,78791.31,-11.38,-101.4,190,trending
,2026-04-22T22:16:23.611539,ETH,Mean Reversion,paper,short,2401.97,2401.92,2401.97,2401.97,0.23,0.2,2277,high_vol
,2026-04-22T22:16:23.612093,ETH,Mean Reversion,shadow,short,2402.43,2402.73,2402.01,2402.43,-11.24,-101.2,1658,high_vol
,2026-04-22T22:16:27.664526,ETH,Mean Reversion,paper,short,2402.19,2401.6,2402.19,2402.19,2.45,2.5,1116,low_vol
,2026-04-22T22:16:27.665724,ETH,Mean Reversion,shadow,short,2401.97,2402.73,2402.01,2401.97,-13.14,-103.1,2148,low_vol
,2026-04-22T22:16:37.923443,ETH,Mean Reversion,paper,short,2401.55,2401.57,2401.55,2401.55,-0.09,-0.1,660,low_vol
,2026-04-22T22:16:37.924229,ETH,Mean Reversion,shadow,short,2401.78,2402.73,2402.01,2401.78,-13.93,-103.9,883,low_vol
,2026-04-22T22:16:41.976598,BTC,Mean Reversion,paper,long,78777.83,78761.17,78777.83,78777.83,-2.12,-2.1,1842,trending
,2026-04-22T22:16:41.977549,BTC,Mean Reversion,shadow,long,78829.05,78745.85,78769.49,78829.05,-20.55,-110.6,506,trending
,2026-04-22T22:16:52.211995,BTC,Mean Reversion,paper,long,78765.89,78768.43,78765.89,78765.89,0.32,0.3,1521,low_vol
,2026-04-22T22:16:52.213626,BTC,Mean Reversion,shadow,long,78811.07,78745.85,78769.49,78811.07,-18.28,-108.3,692,low_vol
,2026-04-22T22:16:58.437599,BTC,Mean Reversion,paper,long,78784.38,78781.92,78784.38,78784.38,-0.31,-0.3,1068,low_vol
,2026-04-22T22:16:58.438344,BTC,Mean Reversion,shadow,long,78826.14,78749.51,78773.14,78826.14,-19.72,-109.7,2846,low_vol
,2026-04-22T22:17:20.965810,BTC,Mean Reversion,paper,short,78717.21,78722.6,78717.21,78717.21,-0.69,-0.7,299,ranging
,2026-04-22T22:17:20.966601,BTC,Mean Reversion,shadow,short,78715.88,78743.63,78720.01,78715.88,-13.53,-103.5,1281,ranging
,2026-04-22T22:17:25.113135,BTC,Mean Reversion,paper,long,78725.59,78741.5,78725.59,78725.59,2.02,2.0,1376,trending
,2026-04-22T22:17:25.113927,BTC,Mean Reversion,shadow,long,78785.74,78705.81,78729.42,78785.74,-20.15,-110.1,445,trending
,2026-04-22T22:17:27.184443,ETH,Mean Reversion,paper,long,2400.78,2399.97,2400.78,2400.78,-3.39,-3.4,3572,low_vol
,2026-04-22T22:17:27.185587,ETH,Mean Reversion,shadow,long,2401.59,2399.63,2400.36,2401.59,-18.12,-108.1,410,low_vol
,2026-04-22T22:17:29.228218,ETH,Mean Reversion,paper,short,2400.0,2400.57,2400.0,2400.0,-2.37,-2.4,2311,low_vol
,2026-04-22T22:17:29.229040,ETH,Mean Reversion,shadow,short,2400.82,2401.19,2400.47,2400.82,-11.56,-101.6,725,low_vol
,2026-04-22T22:17:51.845134,BTC,Mean Reversion,paper,long,78785.5,78788.03,78785.5,78785.5,0.32,0.3,2582,ranging
,2026-04-22T22:17:51.846039,BTC,Mean Reversion,shadow,long,78818.28,78749.37,78773.01,78818.28,-18.74,-108.7,734,ranging
,2026-04-22T22:17:55.977052,ETH,Mean Reversion,paper,short,2402.92,2402.78,2402.92,2402.92,0.56,0.6,1632,low_vol
,2026-04-22T22:17:55.977899,ETH,Mean Reversion,shadow,short,2402.57,2403.28,2402.56,2402.57,-12.94,-102.9,3319,low_vol
,2026-04-22T22:17:58.011670,BTC,Mean Reversion,paper,short,78779.25,78758.13,78779.25,78779.25,2.68,2.7,584,trending
,2026-04-22T22:17:58.012092,BTC,Mean Reversion,shadow,short,78783.32,78792.93,78769.29,78783.32,-11.22,-101.2,2363,trending
,2026-04-22T22:18:28.823790,ETH,Mean Reversion,paper,short,2401.86,2402.62,2401.86,2401.86,-3.17,-3.2,1705,trending
,2026-04-22T22:18:28.824604,ETH,Mean Reversion,shadow,short,2402.38,2402.97,2402.25,2402.38,-12.46,-102.5,2962,trending
,2026-04-22T22:18:39.052573,BTC,Mean Reversion,paper,long,78754.77,78770.11,78754.77,78754.77,1.95,1.9,2748,high_vol
,2026-04-22T22:18:39.053797,BTC,Mean Reversion,shadow,long,78811.86,78733.37,78756.99,78811.86,-19.96,-110.0,2603,high_vol
,2026-04-22T22:19:11.928083,ETH,Mean Reversion,paper,short,2400.63,2400.33,2400.63,2400.63,1.25,1.3,666,low_vol
,2026-04-22T22:19:11.928873,ETH,Mean Reversion,shadow,short,2400.51,2401.23,2400.51,2400.51,-12.98,-103.0,2412,low_vol
,2026-04-22T22:19:36.361380,ETH,Mean Reversion,paper,long,2400.76,2400.53,2400.76,2400.76,-0.99,-1.0,2566,high_vol
,2026-04-22T22:19:36.362186,ETH,Mean Reversion,shadow,long,2402.69,2400.07,2400.8,2402.69,-20.9,-110.9,403,high_vol
,2026-04-22T22:19:38.427046,BTC,Mean Reversion,paper,long,78667.22,78679.33,78667.22,78667.22,1.54,1.5,90,ranging
,2026-04-22T22:19:38.427620,BTC,Mean Reversion,shadow,long,78725.88,78650.39,78673.99,78725.88,-19.59,-109.6,548,ranging
,2026-04-22T22:19:44.665773,BTC,Mean Reversion,paper,short,78667.33,78673.3,78667.33,78667.33,-0.76,-0.8,1980,ranging
,2026-04-22T22:19:44.666525,BTC,Mean Reversion,shadow,short,78675.53,78697.6,78673.99,78675.53,-12.8,-102.8,801,ranging
,2026-04-22T22:19:48.735384,BTC,Mean Reversion,paper,short,78678.91,78680.36,78678.91,78678.91,-0.18,-0.2,454,trending
,2026-04-22T22:19:48.736204,BTC,Mean Reversion,shadow,short,78683.71,78697.6,78673.99,78683.71,-11.76,-101.8,3124,trending
,2026-04-22T22:19:56.926920,BTC,Mean Reversion,paper,long,78659.09,78655.42,78659.09,78659.09,-0.47,-0.5,1591,trending
,2026-04-22T22:19:56.927479,BTC,Mean Reversion,shadow,long,78723.65,78644.87,78668.48,78723.65,-20.01,-110.0,3396,trending
,2026-04-22T22:20:05.062917,ETH,Mean Reversion,paper,long,2401.07,2400.42,2401.07,2401.07,-2.72,-2.7,216,trending
,2026-04-22T22:20:05.063492,ETH,Mean Reversion,shadow,long,2402.44,2400.08,2400.8,2402.44,-19.8,-109.8,3418,trending
,2026-04-22T22:20:07.087975,BTC,Mean Reversion,paper,long,78650.58,78655.98,78650.58,78650.58,0.69,0.7,880,ranging
,2026-04-22T22:20:07.088843,BTC,Mean Reversion,shadow,long,78704.69,78631.33,78654.92,78704.69,-19.32,-109.3,883,ranging
,2026-04-22T22:20:15.274604,BTC,Mean Reversion,paper,long,78657.55,78648.43,78657.55,78657.55,-1.16,-1.2,1950,trending
,2026-04-22T22:20:15.275395,BTC,Mean Reversion,shadow,long,78713.93,78632.21,78655.8,78713.93,-20.38,-110.4,3233,trending
,2026-04-22T22:20:29.644641,BTC,Mean Reversion,paper,short,78640.83,78661.84,78640.83,78640.83,-2.67,-2.7,2406,high_vol
,2026-04-22T22:20:29.645423,BTC,Mean Reversion,shadow,short,78670.08,78678.54,78654.95,78670.08,-11.08,-101.1,3450,high_vol
,2026-04-22T22:21:02.360600,ETH,Mean Reversion,paper,short,2399.07,2399.75,2399.07,2399.07,-2.87,-2.9,3076,high_vol
,2026-04-22T22:21:02.361318,ETH,Mean Reversion,shadow,short,2399.89,2400.17,2399.45,2399.89,-11.16,-101.2,2305,high_vol
,2026-04-22T22:21:08.489156,BTC,Mean Reversion,paper,short,78620.44,78641.3,78620.44,78620.44,-2.65,-2.7,3238,high_vol
,2026-04-22T22:21:08.489962,BTC,Mean Reversion,shadow,short,78643.16,78651.68,78628.1,78643.16,-11.08,-101.1,767,high_vol
,2026-04-22T22:21:10.561570,BTC,Mean Reversion,paper,short,78622.71,78642.16,78622.71,78622.71,-2.47,-2.5,2598,low_vol
,2026-04-22T22:21:10.562347,BTC,Mean Reversion,shadow,short,78629.27,78651.68,78628.1,78629.27,-12.85,-102.9,1069,low_vol
,2026-04-22T22:21:12.636624,ETH,Mean Reversion,paper,long,2399.29,2399.03,2399.29,2399.29,-1.09,-1.1,2477,high_vol
,2026-04-22T22:21:12.637420,ETH,Mean Reversion,shadow,long,2400.84,2398.68,2399.39,2400.84,-19.0,-109.0,3491,high_vol
,2026-04-22T22:21:16.760551,BTC,Mean Reversion,paper,long,78616.41,78618.98,78616.41,78616.41,0.33,0.3,1808,low_vol
,2026-04-22T22:21:16.761213,BTC,Mean Reversion,shadow,long,78670.28,78604.51,78628.1,78670.28,-18.36,-108.4,739,low_vol
,2026-04-22T22:21:18.835050,ETH,Mean Reversion,paper,short,2398.78,2399.05,2398.78,2398.78,-1.13,-1.1,467,trending
,2026-04-22T22:21:18.835256,ETH,Mean Reversion,shadow,short,2399.6,2399.91,2399.19,2399.6,-11.3,-101.3,130,trending
,2026-04-22T22:21:51.585408,ETH,Mean Reversion,paper,short,2400.28,2400.94,2400.28,2400.28,-2.73,-2.7,1380,low_vol
,2026-04-22T22:21:51.586158,ETH,Mean Reversion,shadow,short,2400.87,2401.28,2400.56,2400.87,-11.72,-101.7,1220,low_vol
,2026-04-22T22:22:07.941385,BTC,Mean Reversion,paper,long,78650.24,78653.31,78650.24,78650.24,0.39,0.4,2736,low_vol
,2026-04-22T22:22:07.942164,BTC,Mean Reversion,shadow,long,78692.68,78618.4,78641.99,78692.68,-19.44,-109.4,1159,low_vol
,2026-04-22T22:22:57.061002,ETH,Mean Reversion,paper,long,2400.8,2400.61,2400.8,2400.8,-0.77,-0.8,2367,high_vol
,2026-04-22T22:22:57.061601,ETH,Mean Reversion,shadow,long,2402.33,2399.98,2400.7,2402.33,-19.78,-109.8,465,high_vol
,2026-04-22T22:22:59.129860,BTC,Mean Reversion,paper,long,78661.66,78671.4,78661.66,78661.66,1.24,1.2,1280,low_vol
,2026-04-22T22:22:59.130645,BTC,Mean Reversion,shadow,long,78718.89,78640.1,78663.7,78718.89,-20.01,-110.0,1389,low_vol
,2026-04-22T22:23:05.296767,BTC,Mean Reversion,paper,long,78659.22,78664.44,78659.22,78659.22,0.66,0.7,3116,high_vol
,2026-04-22T22:23:05.297591,BTC,Mean Reversion,shadow,long,78725.26,78640.1,78663.7,78725.26,-20.82,-110.8,454,high_vol
,2026-04-22T22:23:19.695625,ETH,Mean Reversion,paper,long,2400.05,2400.47,2400.05,2400.05,1.73,1.7,786,trending
,2026-04-22T22:23:19.696421,ETH,Mean Reversion,shadow,long,2401.38,2399.43,2400.15,2401.38,-18.11,-108.1,572,trending
,2026-04-22T22:23:25.787884,BTC,Mean Reversion,paper,short,78642.34,78658.15,78642.34,78642.34,-2.01,-2.0,1992,trending
,2026-04-22T22:23:25.788526,BTC,Mean Reversion,shadow,short,78662.24,78671.53,78647.93,78662.24,-11.18,-101.2,476,trending
,2026-04-22T22:23:48.460982,BTC,Mean Reversion,paper,long,78640.17,78654.9,78640.17,78640.17,1.87,1.9,341,trending
,2026-04-22T22:23:48.461825,BTC,Mean Reversion,shadow,long,78685.62,78622.42,78646.01,78685.62,-18.03,-108.0,3395,trending
,2026-04-22T22:23:54.644328,ETH,Mean Reversion,paper,short,2399.79,2399.56,2399.79,2399.79,0.96,1.0,3280,trending
,2026-04-22T22:23:54.645104,ETH,Mean Reversion,shadow,short,2399.42,2400.22,2399.51,2399.42,-13.34,-103.3,3342,trending
,2026-04-22T22:24:02.860101,BTC,Mean Reversion,paper,short,78643.21,78632.36,78643.21,78643.21,1.38,1.4,1099,low_vol
,2026-04-22T22:24:02.860773,BTC,Mean Reversion,shadow,short,78644.27,78669.61,78646.01,78644.27,-13.22,-103.2,622,low_vol
,2026-04-22T22:24:13.070071,BTC,Mean Reversion,paper,long,78661.53,78651.11,78661.53,78661.53,-1.32,-1.3,1789,low_vol
,2026-04-22T22:24:13.070655,BTC,Mean Reversion,shadow,long,78705.51,78622.42,78646.01,78705.51,-20.56,-110.6,1794,low_vol
,2026-04-22T22:24:23.197646,ETH,Mean Reversion,paper,short,2399.61,2398.89,2399.61,2399.61,3.0,3.0,3265,ranging
,2026-04-22T22:24:23.198401,ETH,Mean Reversion,shadow,short,2399.21,2400.07,2399.35,2399.21,-13.59,-103.6,2964,ranging
,2026-04-22T22:24:35.502069,BTC,Mean Reversion,paper,long,78660.79,78653.37,78660.79,78660.79,-0.94,-0.9,2146,trending
,2026-04-22T22:24:35.502813,BTC,Mean Reversion,shadow,long,78712.55,78640.1,78663.7,78712.55,-19.2,-109.2,2470,trending
,2026-04-22T22:25:04.191892,ETH,Mean Reversion,paper,long,2398.8,2398.58,2398.8,2398.8,-0.92,-0.9,1241,trending
,2026-04-22T22:25:04.192557,ETH,Mean Reversion,shadow,long,2400.64,2398.11,2398.83,2400.64,-20.52,-110.5,1416,trending
,2026-04-22T22:25:12.359731,BTC,Mean Reversion,paper,long,78633.09,78623.22,78633.09,78633.09,-1.26,-1.3,3542,high_vol
,2026-04-22T22:25:12.360523,BTC,Mean Reversion,shadow,long,78677.18,78608.37,78631.96,78677.18,-18.75,-108.7,2272,high_vol
,2026-04-22T22:25:41.062550,ETH,Mean Reversion,paper,short,2398.8,2398.67,2398.8,2398.8,0.57,0.6,2505,trending
,2026-04-22T22:25:41.063420,ETH,Mean Reversion,shadow,short,2399.21,2399.71,2398.99,2399.21,-12.12,-102.1,3409,trending
,2026-04-22T22:25:45.077402,BTC,Mean Reversion,paper,long,78644.91,78647.23,78644.91,78644.91,0.29,0.3,3232,low_vol
,2026-04-22T22:25:45.078019,BTC,Mean Reversion,shadow,long,78692.33,78612.0,78635.6,78692.33,-20.21,-110.2,3268,low_vol
,2026-04-22T22:25:47.151942,ETH,Mean Reversion,paper,short,2399.07,2398.64,2399.07,2399.07,1.79,1.8,3169,ranging
,2026-04-22T22:25:47.152449,ETH,Mean Reversion,shadow,short,2398.83,2399.75,2399.03,2398.83,-13.84,-103.8,2730,ranging
,2026-04-22T22:25:51.244089,ETH,Mean Reversion,paper,short,2399.17,2399.0,2399.17,2399.17,0.71,0.7,1283,ranging
,2026-04-22T22:25:51.244615,ETH,Mean Reversion,shadow,short,2399.46,2399.78,2399.07,2399.46,-11.34,-101.3,1029,ranging
,2026-04-22T22:25:59.438498,BTC,Mean Reversion,paper,short,78622.64,78640.49,78622.64,78622.64,-2.27,-2.3,2171,high_vol
,2026-04-22T22:25:59.440065,BTC,Mean Reversion,shadow,short,78627.92,78659.19,78635.6,78627.92,-13.98,-104.0,443,high_vol
,2026-04-22T22:26:09.681514,BTC,Mean Reversion,paper,short,78633.51,78640.23,78633.51,78633.51,-0.85,-0.9,1335,low_vol
,2026-04-22T22:26:09.682480,BTC,Mean Reversion,shadow,short,78637.62,78659.25,78635.65,78637.62,-12.75,-102.8,466,low_vol
,2026-04-22T22:26:13.777022,BTC,Mean Reversion,paper,long,78638.37,78640.54,78638.37,78638.37,0.28,0.3,258,high_vol
,2026-04-22T22:26:13.778650,BTC,Mean Reversion,shadow,long,78694.24,78612.06,78635.65,78694.24,-20.44,-110.4,804,high_vol
,2026-04-22T22:26:24.102318,BTC,Mean Reversion,paper,short,78624.32,78619.34,78624.32,78624.32,0.63,0.6,1493,ranging
,2026-04-22T22:26:24.103040,BTC,Mean Reversion,shadow,short,78619.99,78645.11,78621.52,78619.99,-13.2,-103.2,225,ranging
,2026-04-22T22:26:26.176296,BTC,Mean Reversion,paper,short,78622.4,78617.41,78622.4,78622.4,0.63,0.6,548,low_vol
,2026-04-22T22:26:26.176802,BTC,Mean Reversion,shadow,short,78620.94,78644.59,78621.01,78620.94,-13.01,-103.0,1259,low_vol
,2026-04-22T22:26:28.256589,ETH,Mean Reversion,paper,short,2398.21,2398.63,2398.21,2398.21,-1.75,-1.8,2221,ranging
,2026-04-22T22:26:28.257605,ETH,Mean Reversion,shadow,short,2398.56,2399.02,2398.31,2398.56,-11.94,-101.9,429,ranging
,2026-04-22T22:27:19.423461,ETH,Mean Reversion,paper,long,2396.55,2396.69,2396.55,2396.55,0.58,0.6,255,low_vol
,2026-04-22T22:27:19.424915,ETH,Mean Reversion,shadow,long,2398.24,2396.25,2396.97,2398.24,-18.28,-108.3,1956,low_vol
,2026-04-22T22:27:27.637555,ETH,Mean Reversion,paper,long,2397.02,2396.52,2397.02,2397.02,-2.09,-2.1,3048,trending
,2026-04-22T22:27:27.638240,ETH,Mean Reversion,shadow,long,2398.37,2396.09,2396.81,2398.37,-19.53,-109.5,1578,trending
,2026-04-22T22:27:50.331350,BTC,Mean Reversion,paper,long,78568.82,78580.91,78568.82,78568.82,1.54,1.5,1901,ranging
,2026-04-22T22:27:50.332168,BTC,Mean Reversion,shadow,long,78620.98,78553.62,78577.2,78620.98,-18.57,-108.6,875,ranging
,2026-04-22T22:27:58.579034,ETH,Mean Reversion,paper,long,2397.19,2397.5,2397.19,2397.19,1.3,1.3,1008,trending
,2026-04-22T22:27:58.579789,ETH,Mean Reversion,shadow,long,2398.62,2396.33,2397.05,2398.62,-19.55,-109.5,448,trending
,2026-04-22T22:28:15.001738,BTC,Mean Reversion,paper,short,78589.32,78601.49,78589.32,78589.32,-1.55,-1.5,1573,trending
,2026-04-22T22:28:15.002367,BTC,Mean Reversion,shadow,short,78592.25,78611.52,78587.95,78592.25,-12.45,-102.5,3097,trending
,2026-04-22T22:28:51.876207,BTC,Mean Reversion,paper,long,78560.92,78574.69,78560.92,78560.92,1.75,1.8,1151,high_vol
,2026-04-22T22:28:51.876806,BTC,Mean Reversion,shadow,long,78614.53,78549.35,78572.92,78614.53,-18.29,-108.3,271,high_vol
,2026-04-22T22:29:24.433148,BTC,Mean Reversion,paper,long,78577.28,78585.39,78577.28,78577.28,1.03,1.0,1346,high_vol
,2026-04-22T22:29:24.433959,BTC,Mean Reversion,shadow,long,78644.81,78560.92,78584.49,78644.81,-20.67,-110.7,3279,high_vol
,2026-04-22T22:29:47.128173,ETH,Mean Reversion,paper,short,2398.21,2398.15,2398.21,2398.21,0.27,0.3,3247,low_vol
,2026-04-22T22:29:47.128958,ETH,Mean Reversion,shadow,short,2398.04,2398.75,2398.03,2398.04,-12.98,-103.0,1597,low_vol
,2026-04-22T22:30:11.778479,BTC,Mean Reversion,paper,long,78570.05,78592.28,78570.05,78570.05,2.83,2.8,1273,ranging
,2026-04-22T22:30:11.779301,BTC,Mean Reversion,shadow,long,78632.49,78557.27,78580.85,78632.49,-19.57,-109.6,566,ranging
,2026-04-22T22:30:15.905448,ETH,Mean Reversion,paper,long,2398.99,2398.69,2398.99,2398.99,-1.27,-1.3,210,low_vol
,2026-04-22T22:30:15.906195,ETH,Mean Reversion,shadow,long,2400.29,2397.88,2398.6,2400.29,-20.06,-110.1,2545,low_vol
,2026-04-22T22:30:26.097601,BTC,Mean Reversion,paper,short,78594.99,78593.46,78594.99,78594.99,0.19,0.2,1906,high_vol
,2026-04-22T22:30:26.098144,BTC,Mean Reversion,shadow,short,78618.72,78629.61,78606.02,78618.72,-11.38,-101.4,390,high_vol
,2026-04-22T22:30:48.592605,BTC,Mean Reversion,paper,long,78602.71,78619.08,78602.71,78602.71,2.08,2.1,2667,ranging
,2026-04-22T22:30:48.593278,BTC,Mean Reversion,shadow,long,78670.71,78586.47,78610.05,78670.71,-20.71,-110.7,3022,ranging
,2026-04-22T22:31:19.571446,ETH,Mean Reversion,paper,long,2399.06,2399.31,2399.06,2399.06,1.04,1.0,2612,trending
,2026-04-22T22:31:19.572906,ETH,Mean Reversion,shadow,long,2400.86,2398.39,2399.11,2400.86,-20.31,-110.3,3256,trending
,2026-04-22T22:31:21.641719,BTC,Mean Reversion,paper,long,78617.5,78602.87,78617.5,78617.5,-1.86,-1.9,1434,trending
,2026-04-22T22:31:21.642515,BTC,Mean Reversion,shadow,long,78669.29,78590.12,78613.71,78669.29,-20.06,-110.1,1646,trending
,2026-04-22T22:31:25.756454,BTC,Mean Reversion,paper,long,78633.46,78640.88,78633.46,78633.46,0.94,0.9,1021,low_vol
,2026-04-22T22:31:25.756867,BTC,Mean Reversion,shadow,long,78688.19,78608.36,78631.95,78688.19,-20.15,-110.1,3363,low_vol
,2026-04-22T22:31:31.819172,BTC,Mean Reversion,paper,short,78601.99,78609.45,78601.99,78601.99,-0.95,-0.9,1003,low_vol
,2026-04-22T22:31:31.819729,BTC,Mean Reversion,shadow,short,78601.01,78631.98,78608.39,78601.01,-13.94,-103.9,676,low_vol
,2026-04-22T22:31:42.093626,ETH,Mean Reversion,paper,long,2399.27,2399.22,2399.27,2399.27,-0.2,-0.2,3545,low_vol
,2026-04-22T22:31:42.094333,ETH,Mean Reversion,shadow,long,2400.72,2398.09,2398.81,2400.72,-20.99,-111.0,508,low_vol
,2026-04-22T22:32:02.619526,BTC,Mean Reversion,paper,short,78607.65,78610.41,78607.65,78607.65,-0.35,-0.4,1719,ranging
,2026-04-22T22:32:02.620326,BTC,Mean Reversion,shadow,short,78611.03,78626.65,78603.07,78611.03,-11.99,-102.0,1014,ranging
,2026-04-22T22:32:04.660242,BTC,Mean Reversion,paper,short,78575.38,78591.04,78575.38,78575.38,-1.99,-2.0,3425,low_vol
,2026-04-22T22:32:04.661044,BTC,Mean Reversion,shadow,short,78581.44,78608.08,78584.51,78581.44,-13.39,-103.4,2968,low_vol
,2026-04-22T22:32:19.068981,BTC,Mean Reversion,paper,short,78571.66,78583.48,78571.66,78571.66,-1.5,-1.5,2461,trending
,2026-04-22T22:32:19.069546,BTC,Mean Reversion,shadow,short,78564.91,78593.48,78569.9,78564.91,-13.64,-103.6,3398,trending
,2026-04-22T22:32:35.522884,ETH,Mean Reversion,paper,short,2396.98,2397.49,2396.98,2396.98,-2.14,-2.1,1442,high_vol
,2026-04-22T22:32:35.523506,ETH,Mean Reversion,shadow,short,2397.4,2398.14,2397.43,2397.4,-13.12,-103.1,364,high_vol
,2026-04-22T22:32:49.900153,BTC,Mean Reversion,paper,short,78564.01,78565.27,78564.01,78564.01,-0.16,-0.2,568,trending
,2026-04-22T22:32:49.900890,BTC,Mean Reversion,shadow,short,78578.13,78599.58,78576.01,78578.13,-12.73,-102.7,2540,trending
,2026-04-22T22:32:55.997447,BTC,Mean Reversion,paper,long,78586.68,78570.9,78586.68,78586.68,-2.01,-2.0,2435,ranging
,2026-04-22T22:32:55.998264,BTC,Mean Reversion,shadow,long,78625.16,78552.43,78576.01,78625.16,-19.25,-109.3,1327,ranging
,2026-04-22T22:33:12.376769,ETH,Mean Reversion,paper,long,2398.63,2397.84,2398.63,2398.63,-3.3,-3.3,2618,high_vol
,2026-04-22T22:33:12.377288,ETH,Mean Reversion,shadow,long,2399.57,2397.54,2398.26,2399.57,-18.5,-108.5,742,high_vol
,2026-04-22T22:33:20.617362,BTC,Mean Reversion,paper,long,78563.64,78571.23,78563.64,78563.64,0.97,1.0,3072,trending
,2026-04-22T22:33:20.618070,BTC,Mean Reversion,shadow,long,78630.63,78546.32,78569.89,78630.63,-20.72,-110.7,3151,trending
,2026-04-22T22:33:28.926026,ETH,Mean Reversion,paper,long,2398.45,2398.32,2398.45,2398.45,-0.57,-0.6,3176,trending
,2026-04-22T22:33:28.926857,ETH,Mean Reversion,shadow,long,2399.9,2397.96,2398.68,2399.9,-18.11,-108.1,2371,trending
,2026-04-22T22:33:35.067495,ETH,Mean Reversion,paper,long,2398.09,2398.61,2398.09,2398.09,2.2,2.2,958,trending
,2026-04-22T22:33:35.068139,ETH,Mean Reversion,shadow,long,2399.76,2397.69,2398.4,2399.76,-18.66,-108.7,3286,trending
,2026-04-22T22:33:37.077080,ETH,Mean Reversion,paper,short,2398.56,2398.48,2398.56,2398.56,0.34,0.3,847,ranging
,2026-04-22T22:33:37.077769,ETH,Mean Reversion,shadow,short,2398.21,2399.12,2398.4,2398.21,-13.81,-103.8,109,ranging
,2026-04-22T22:34:05.773228,ETH,Mean Reversion,paper,long,2398.1,2398.89,2398.1,2398.1,3.27,3.3,369,high_vol
,2026-04-22T22:34:05.773991,ETH,Mean Reversion,shadow,long,2400.02,2397.74,2398.45,2400.02,-19.52,-109.5,1782,high_vol
,2026-04-22T22:34:13.993392,BTC,Mean Reversion,paper,short,78568.3,78576.02,78568.3,78568.3,-0.98,-1.0,2292,ranging
,2026-04-22T22:34:13.994182,BTC,Mean Reversion,shadow,short,78583.54,78605.47,78581.89,78583.54,-12.79,-102.8,1781,ranging
,2026-04-22T22:34:20.176295,ETH,Mean Reversion,paper,short,2398.97,2398.1,2398.97,2398.97,3.65,3.7,2429,ranging
,2026-04-22T22:34:20.176989,ETH,Mean Reversion,shadow,short,2398.43,2399.22,2398.51,2398.43,-13.33,-103.3,2653,ranging
,2026-04-22T22:34:26.301279,BTC,Mean Reversion,paper,long,78588.46,78571.43,78588.46,78588.46,-2.17,-2.2,60,trending
,2026-04-22T22:34:26.301933,BTC,Mean Reversion,shadow,long,78633.42,78552.06,78575.64,78633.42,-20.35,-110.3,2727,trending
,2026-04-22T22:34:28.380936,BTC,Mean Reversion,paper,short,78566.75,78567.56,78566.75,78566.75,-0.1,-0.1,632,low_vol
,2026-04-22T22:34:28.381537,BTC,Mean Reversion,shadow,short,78579.16,78599.21,78575.64,78579.16,-12.55,-102.6,3514,low_vol
,2026-04-22T22:34:48.988597,ETH,Mean Reversion,paper,short,2397.09,2396.5,2397.09,2397.09,2.47,2.5,3471,low_vol
,2026-04-22T22:34:48.990325,ETH,Mean Reversion,shadow,short,2397.07,2397.47,2396.76,2397.07,-11.71,-101.7,1085,low_vol
,2026-04-22T22:35:42.451631,ETH,Mean Reversion,paper,short,2398.17,2398.39,2398.17,2398.17,-0.92,-0.9,557,trending
,2026-04-22T22:35:42.453213,ETH,Mean Reversion,shadow,short,2398.67,2399.3,2398.59,2398.67,-12.63,-102.6,3018,trending
,2026-04-22T22:36:15.326535,ETH,Mean Reversion,paper,short,2398.29,2398.46,2398.29,2398.29,-0.71,-0.7,130,low_vol
,2026-04-22T22:36:15.327417,ETH,Mean Reversion,shadow,short,2398.56,2399.02,2398.31,2398.56,-11.94,-101.9,2263,low_vol
,2026-04-22T22:36:19.476449,ETH,Mean Reversion,paper,short,2398.47,2397.94,2398.47,2398.47,2.23,2.2,285,low_vol
,2026-04-22T22:36:19.477002,ETH,Mean Reversion,shadow,short,2398.08,2398.89,2398.18,2398.08,-13.42,-103.4,749,low_vol
,2026-04-22T22:36:44.302028,BTC,Mean Reversion,paper,long,78552.1,78561.21,78552.1,78552.1,1.16,1.2,138,high_vol
,2026-04-22T22:36:44.302715,BTC,Mean Reversion,shadow,long,78610.62,78532.87,78556.43,78610.62,-19.89,-109.9,3339,high_vol
,2026-04-22T22:37:00.776468,BTC,Mean Reversion,paper,long,78555.04,78545.34,78555.04,78555.04,-1.23,-1.2,936,high_vol
,2026-04-22T22:37:00.777215,BTC,Mean Reversion,shadow,long,78617.79,78533.54,78557.11,78617.79,-20.72,-110.7,711,high_vol
,2026-04-22T22:37:12.993040,BTC,Mean Reversion,paper,long,78540.72,78545.77,78540.72,78540.72,0.64,0.6,3253,trending
,2026-04-22T22:37:12.993663,BTC,Mean Reversion,shadow,long,78584.93,78511.45,78535.01,78584.93,-19.35,-109.4,631,trending
,2026-04-22T22:37:45.893059,ETH,Mean Reversion,paper,short,2395.46,2395.43,2395.46,2395.46,0.14,0.1,2093,ranging
,2026-04-22T22:37:45.893810,ETH,Mean Reversion,shadow,short,2395.58,2395.82,2395.11,2395.58,-11.01,-101.0,2918,ranging
,2026-04-22T22:38:00.375356,ETH,Mean Reversion,paper,short,2395.66,2395.86,2395.66,2395.66,-0.83,-0.8,3504,high_vol
,2026-04-22T22:38:00.376044,ETH,Mean Reversion,shadow,short,2395.57,2396.41,2395.69,2395.57,-13.52,-103.5,1181,high_vol
,2026-04-22T22:38:31.089520,BTC,Mean Reversion,paper,short,78526.16,78538.97,78526.16,78526.16,-1.63,-1.6,1305,ranging
,2026-04-22T22:38:31.090237,BTC,Mean Reversion,shadow,short,78540.71,78555.59,78532.04,78540.71,-11.9,-101.9,2608,ranging
,2026-04-22T22:38:35.176326,ETH,Mean Reversion,paper,short,2395.88,2395.71,2395.88,2395.88,0.69,0.7,1032,trending
,2026-04-22T22:38:35.177115,ETH,Mean Reversion,shadow,short,2396.24,2396.61,2395.89,2396.24,-11.56,-101.6,1437,trending
,2026-04-22T22:38:43.389096,ETH,Mean Reversion,paper,short,2396.15,2395.99,2396.15,2396.15,0.64,0.6,1805,low_vol
,2026-04-22T22:38:43.389898,ETH,Mean Reversion,shadow,short,2396.32,2396.81,2396.1,2396.32,-12.05,-102.0,99,low_vol
,2026-04-22T22:38:45.419770,ETH,Mean Reversion,paper,short,2396.2,2395.91,2396.2,2396.2,1.21,1.2,3330,ranging
,2026-04-22T22:38:45.420540,ETH,Mean Reversion,shadow,short,2396.17,2396.71,2395.99,2396.17,-12.29,-102.3,1377,ranging
,2026-04-22T22:38:59.951612,BTC,Mean Reversion,paper,long,78569.82,78559.68,78569.82,78569.82,-1.29,-1.3,1962,high_vol
,2026-04-22T22:38:59.952413,BTC,Mean Reversion,shadow,long,78618.67,78536.94,78560.51,78618.67,-20.4,-110.4,274,high_vol
,2026-04-22T22:39:22.596326,ETH,Mean Reversion,paper,long,2396.76,2396.88,2396.76,2396.76,0.53,0.5,491,trending
,2026-04-22T22:39:22.597893,ETH,Mean Reversion,shadow,long,2398.13,2396.02,2396.74,2398.13,-18.81,-108.8,1199,trending
,2026-04-22T22:39:24.677834,ETH,Mean Reversion,paper,long,2396.88,2396.77,2396.88,2396.88,-0.43,-0.4,2814,low_vol
,2026-04-22T22:39:24.678585,ETH,Mean Reversion,shadow,long,2398.03,2396.06,2396.78,2398.03,-18.25,-108.2,1857,low_vol
,2026-04-22T22:39:28.761691,ETH,Mean Reversion,paper,short,2397.2,2397.52,2397.2,2397.2,-1.33,-1.3,3477,ranging
,2026-04-22T22:39:28.762356,ETH,Mean Reversion,shadow,short,2397.62,2397.91,2397.19,2397.62,-11.23,-101.2,1122,ranging
,2026-04-22T22:40:01.723571,ETH,Mean Reversion,paper,long,2396.21,2396.82,2396.21,2396.21,2.57,2.6,1208,low_vol
,2026-04-22T22:40:01.725252,ETH,Mean Reversion,shadow,long,2398.47,2395.89,2396.61,2398.47,-20.76,-110.8,175,low_vol
,2026-04-22T22:40:05.865712,BTC,Mean Reversion,paper,short,78562.35,78564.99,78562.35,78562.35,-0.34,-0.3,2884,low_vol
,2026-04-22T22:40:05.866573,BTC,Mean Reversion,shadow,short,78572.8,78593.48,78569.9,78572.8,-12.63,-102.6,1554,low_vol
,2026-04-22T22:40:07.943868,BTC,Mean Reversion,paper,short,78559.22,78578.75,78559.22,78559.22,-2.49,-2.5,2009,trending
,2026-04-22T22:40:07.944493,BTC,Mean Reversion,shadow,short,78563.82,78593.48,78569.9,78563.82,-13.78,-103.8,3422,trending
,2026-04-22T22:40:30.775087,BTC,Mean Reversion,paper,long,78579.75,78563.2,78579.75,78579.75,-2.11,-2.1,1759,low_vol
,2026-04-22T22:40:30.775902,BTC,Mean Reversion,shadow,long,78616.89,78541.49,78565.05,78616.89,-19.59,-109.6,613,low_vol
,2026-04-22T22:40:34.846436,ETH,Mean Reversion,paper,long,2396.55,2396.46,2396.55,2396.55,-0.36,-0.4,2046,ranging
,2026-04-22T22:40:34.847241,ETH,Mean Reversion,shadow,long,2398.08,2395.85,2396.57,2398.08,-19.33,-109.3,2645,ranging
,2026-04-22T22:40:39.010738,BTC,Mean Reversion,paper,long,78582.85,78568.54,78582.85,78582.85,-1.82,-1.8,2859,low_vol
,2026-04-22T22:40:39.011572,BTC,Mean Reversion,shadow,long,78616.35,78550.51,78574.08,78616.35,-18.37,-108.4,134,low_vol
,2026-04-22T22:40:57.540057,BTC,Mean Reversion,paper,long,78575.94,78576.47,78575.94,78575.94,0.07,0.1,2753,ranging
,2026-04-22T22:40:57.540858,BTC,Mean Reversion,shadow,long,78628.31,78557.27,78580.85,78628.31,-19.03,-109.0,3064,ranging
,2026-04-22T22:41:13.889119,BTC,Mean Reversion,paper,short,78584.5,78578.34,78584.5,78584.5,0.78,0.8,1762,trending
,2026-04-22T22:41:13.889805,BTC,Mean Reversion,shadow,short,78576.46,78600.45,78576.88,78576.46,-13.05,-103.1,1276,trending
,2026-04-22T22:41:24.128019,BTC,Mean Reversion,paper,long,78551.08,78559.75,78551.08,78551.08,1.1,1.1,3263,ranging
,2026-04-22T22:41:24.128808,BTC,Mean Reversion,shadow,long,78625.61,78542.69,78566.26,78625.61,-20.55,-110.5,172,ranging
,2026-04-22T22:41:34.421360,BTC,Mean Reversion,paper,long,78568.57,78563.6,78568.57,78568.57,-0.63,-0.6,229,ranging
,2026-04-22T22:41:34.422185,BTC,Mean Reversion,shadow,long,78621.16,78539.04,78562.61,78621.16,-20.45,-110.4,351,ranging
,2026-04-22T22:41:59.094092,BTC,Mean Reversion,paper,long,78577.02,78562.28,78577.02,78577.02,-1.88,-1.9,2128,high_vol
,2026-04-22T22:41:59.094652,BTC,Mean Reversion,shadow,long,78622.76,78549.22,78572.79,78622.76,-19.35,-109.4,917,high_vol
,2026-04-22T22:42:03.254462,ETH,Mean Reversion,paper,long,2396.18,2397.01,2396.18,2396.18,3.47,3.5,3595,ranging
,2026-04-22T22:42:03.255257,ETH,Mean Reversion,shadow,long,2398.49,2395.89,2396.61,2398.49,-20.87,-110.9,364,ranging
,2026-04-22T22:42:38.394566,ETH,Mean Reversion,paper,long,2398.19,2398.03,2398.19,2398.19,-0.66,-0.7,3470,high_vol
,2026-04-22T22:42:38.395403,ETH,Mean Reversion,shadow,long,2399.5,2397.58,2398.3,2399.5,-18.03,-108.0,197,high_vol
,2026-04-22T22:42:50.784788,ETH,Mean Reversion,paper,short,2397.9,2398.04,2397.9,2397.9,-0.6,-0.6,998,ranging
,2026-04-22T22:42:50.785556,ETH,Mean Reversion,shadow,short,2398.58,2399.01,2398.3,2398.58,-11.81,-101.8,362,ranging
,2026-04-22T22:43:17.342479,BTC,Mean Reversion,paper,long,78586.87,78580.15,78586.87,78586.87,-0.85,-0.9,410,ranging
,2026-04-22T22:43:17.343299,BTC,Mean Reversion,shadow,long,78624.98,78550.81,78574.39,78624.98,-19.43,-109.4,492,ranging
,2026-04-22T22:43:48.296966,ETH,Mean Reversion,paper,short,2398.22,2397.62,2398.22,2398.22,2.47,2.5,565,trending
,2026-04-22T22:43:48.297745,ETH,Mean Reversion,shadow,short,2398.36,2398.81,2398.1,2398.36,-11.91,-101.9,3202,trending
,2026-04-22T22:44:00.688837,ETH,Mean Reversion,paper,short,2397.67,2398.13,2397.67,2397.67,-1.9,-1.9,1634,high_vol
,2026-04-22T22:44:00.689368,ETH,Mean Reversion,shadow,short,2397.91,2398.62,2397.9,2397.91,-12.97,-103.0,3502,high_vol
,2026-04-22T22:44:02.766956,BTC,Mean Reversion,paper,long,78586.02,78560.24,78586.02,78586.02,-3.28,-3.3,2839,ranging
,2026-04-22T22:44:02.767704,BTC,Mean Reversion,shadow,long,78633.26,78550.81,78574.39,78633.26,-20.48,-110.5,559,ranging
,2026-04-22T22:44:10.958192,ETH,Mean Reversion,paper,long,2397.75,2398.19,2397.75,2397.75,1.86,1.9,2371,high_vol
,2026-04-22T22:44:10.958910,ETH,Mean Reversion,shadow,long,2399.32,2397.09,2397.81,2399.32,-19.31,-109.3,2950,high_vol
,2026-04-22T22:44:21.316928,BTC,Mean Reversion,paper,long,78545.38,78565.69,78545.38,78545.38,2.59,2.6,2290,trending
,2026-04-22T22:44:21.317670,BTC,Mean Reversion,shadow,long,78606.44,78532.38,78555.95,78606.44,-19.42,-109.4,326,trending
,2026-04-22T22:44:25.388671,ETH,Mean Reversion,paper,long,2396.87,2397.08,2396.87,2396.87,0.85,0.9,3096,ranging
,2026-04-22T22:44:25.389465,ETH,Mean Reversion,shadow,long,2398.33,2396.39,2397.11,2398.33,-18.1,-108.1,1758,ranging
,2026-04-22T22:44:33.581850,BTC,Mean Reversion,paper,short,78542.62,78552.81,78542.62,78542.62,-1.3,-1.3,3186,low_vol
,2026-04-22T22:44:33.582690,BTC,Mean Reversion,shadow,short,78541.63,78564.27,78540.71,78541.63,-12.88,-102.9,637,low_vol
,2026-04-22T22:44:45.975070,BTC,Mean Reversion,paper,long,78525.68,78525.59,78525.68,78525.68,-0.01,-0.0,2075,low_vol
,2026-04-22T22:44:45.975733,BTC,Mean Reversion,shadow,long,78582.76,78517.08,78540.64,78582.76,-18.36,-108.4,505,low_vol
,2026-04-22T22:45:04.375720,ETH,Mean Reversion,paper,long,2395.81,2395.58,2395.81,2395.81,-0.94,-0.9,2357,trending
,2026-04-22T22:45:04.377244,ETH,Mean Reversion,shadow,long,2397.77,2395.18,2395.9,2397.77,-20.78,-110.8,3184,trending
,2026-04-22T22:45:14.758019,ETH,Mean Reversion,paper,long,2395.7,2396.51,2395.7,2395.7,3.39,3.4,1254,trending
,2026-04-22T22:45:14.758794,ETH,Mean Reversion,shadow,long,2397.44,2395.38,2396.1,2397.44,-18.62,-108.6,1263,trending
,2026-04-22T22:45:29.242357,ETH,Mean Reversion,paper,long,2396.91,2396.7,2396.91,2396.91,-0.9,-0.9,1290,ranging
,2026-04-22T22:45:29.243137,ETH,Mean Reversion,shadow,long,2398.7,2396.27,2396.99,2398.7,-20.15,-110.1,2360,ranging
,2026-04-22T22:45:37.425688,ETH,Mean Reversion,paper,short,2397.96,2397.81,2397.96,2397.96,0.6,0.6,3160,low_vol
,2026-04-22T22:45:37.426492,ETH,Mean Reversion,shadow,short,2398.0,2398.41,2397.69,2398.0,-11.71,-101.7,724,low_vol
,2026-04-22T22:45:39.508378,BTC,Mean Reversion,paper,short,78562.69,78560.42,78562.69,78562.69,0.29,0.3,3016,ranging
,2026-04-22T22:45:39.508962,BTC,Mean Reversion,shadow,short,78550.76,78577.86,78554.29,78550.76,-13.45,-103.5,2881,ranging
,2026-04-22T22:45:51.746714,BTC,Mean Reversion,paper,short,78567.64,78540.87,78567.64,78567.64,3.41,3.4,2037,high_vol
,2026-04-22T22:45:51.747543,BTC,Mean Reversion,shadow,short,78550.8,78577.5,78553.93,78550.8,-13.4,-103.4,2946,high_vol
,2026-04-22T22:46:01.929427,BTC,Mean Reversion,paper,short,78557.22,78567.35,78557.22,78557.22,-1.29,-1.3,3337,low_vol
,2026-04-22T22:46:01.930241,BTC,Mean Reversion,shadow,short,78567.97,78595.43,78571.86,78567.97,-13.49,-103.5,2350,low_vol
,2026-04-22T22:46:22.399904,BTC,Mean Reversion,paper,long,78585.71,78573.23,78585.71,78585.71,-1.59,-1.6,780,trending
,2026-04-22T22:46:22.400549,BTC,Mean Reversion,shadow,long,78626.75,78555.05,78578.62,78626.75,-19.12,-109.1,3222,trending
,2026-04-22T22:46:24.481426,BTC,Mean Reversion,paper,short,78587.97,78592.79,78587.97,78587.97,-0.61,-0.6,3253,low_vol
,2026-04-22T22:46:24.482162,BTC,Mean Reversion,shadow,short,78578.82,78602.07,78578.49,78578.82,-12.96,-103.0,2316,low_vol
,2026-04-22T22:46:38.866092,BTC,Mean Reversion,paper,short,78589.82,78585.21,78589.82,78589.82,0.59,0.6,688,low_vol
,2026-04-22T22:46:38.866763,BTC,Mean Reversion,shadow,short,78581.83,78598.28,78574.71,78581.83,-12.09,-102.1,360,low_vol
,2026-04-22T22:47:22.071698,ETH,Mean Reversion,paper,short,2396.68,2396.49,2396.68,2396.68,0.79,0.8,1811,ranging
,2026-04-22T22:47:22.073149,ETH,Mean Reversion,shadow,short,2397.42,2397.67,2396.95,2397.42,-11.08,-101.1,1751,ranging
,2026-04-22T22:47:32.320619,ETH,Mean Reversion,paper,long,2397.13,2396.42,2397.13,2397.13,-2.93,-2.9,3220,high_vol
,2026-04-22T22:47:32.321269,ETH,Mean Reversion,shadow,long,2398.65,2396.1,2396.82,2398.65,-20.66,-110.7,1053,high_vol
,2026-04-22T22:47:36.435358,ETH,Mean Reversion,paper,short,2397.06,2396.36,2397.06,2397.06,2.95,3.0,1339,trending
,2026-04-22T22:47:36.435970,ETH,Mean Reversion,shadow,short,2396.81,2397.53,2396.82,2396.81,-13.03,-103.0,1772,trending
,2026-04-22T22:47:38.516636,ETH,Mean Reversion,paper,short,2396.67,2396.6,2396.67,2396.67,0.28,0.3,2389,low_vol
,2026-04-22T22:47:38.517274,ETH,Mean Reversion,shadow,short,2396.82,2397.53,2396.82,2396.82,-12.98,-103.0,2374,low_vol
,2026-04-22T22:47:54.819165,ETH,Mean Reversion,paper,long,2397.25,2396.67,2397.25,2397.25,-2.41,-2.4,1957,low_vol
,2026-04-22T22:47:54.819871,ETH,Mean Reversion,shadow,long,2398.59,2396.16,2396.88,2398.59,-20.17,-110.2,1505,low_vol
,2026-04-22T22:47:58.924390,ETH,Mean Reversion,paper,long,2396.75,2396.39,2396.75,2396.75,-1.5,-1.5,486,ranging
,2026-04-22T22:47:58.925221,ETH,Mean Reversion,shadow,long,2398.35,2396.11,2396.82,2398.35,-19.37,-109.4,2208,ranging
,2026-04-22T22:48:15.388631,BTC,Mean Reversion,paper,long,78527.69,78536.33,78527.69,78527.69,1.1,1.1,3080,low_vol
,2026-04-22T22:48:15.389883,BTC,Mean Reversion,shadow,long,78568.55,78500.42,78523.98,78568.55,-18.67,-108.7,1142,low_vol
,2026-04-22T22:48:17.418807,BTC,Mean Reversion,paper,short,78529.87,78519.33,78529.87,78529.87,1.34,1.3,2079,trending
,2026-04-22T22:48:17.419606,BTC,Mean Reversion,shadow,short,78530.07,78542.36,78518.8,78530.07,-11.57,-101.6,3102,trending
,2026-04-22T22:48:46.132595,BTC,Mean Reversion,paper,long,78494.96,78496.54,78494.96,78494.96,0.2,0.2,1501,high_vol
,2026-04-22T22:48:46.133055,BTC,Mean Reversion,shadow,long,78543.34,78464.89,78488.44,78543.34,-19.99,-110.0,3091,high_vol
,2026-04-22T22:49:00.458716,ETH,Mean Reversion,paper,short,2395.62,2395.67,2395.62,2395.62,-0.2,-0.2,3304,high_vol
,2026-04-22T22:49:00.459504,ETH,Mean Reversion,shadow,short,2395.2,2396.02,2395.31,2395.2,-13.43,-103.4,2724,high_vol
,2026-04-22T22:49:33.153759,ETH,Mean Reversion,paper,long,2396.43,2396.55,2396.43,2396.43,0.53,0.5,1165,trending
,2026-04-22T22:49:33.154556,ETH,Mean Reversion,shadow,long,2398.5,2395.89,2396.61,2398.5,-20.91,-110.9,1158,trending
,2026-04-22T22:49:41.339338,BTC,Mean Reversion,paper,short,78518.53,78516.07,78518.53,78518.53,0.31,0.3,2427,trending
,2026-04-22T22:49:41.340097,BTC,Mean Reversion,shadow,short,78527.14,78553.3,78529.74,78527.14,-13.33,-103.3,943,trending
,2026-04-22T22:49:55.775025,ETH,Mean Reversion,paper,short,2396.84,2396.72,2396.84,2396.84,0.51,0.5,268,trending
,2026-04-22T22:49:55.775801,ETH,Mean Reversion,shadow,short,2396.81,2397.23,2396.52,2396.81,-11.79,-101.8,1797,trending
,2026-04-22T22:49:57.791604,BTC,Mean Reversion,paper,short,78552.68,78547.03,78552.68,78552.68,0.72,0.7,2447,trending
,2026-04-22T22:49:57.792186,BTC,Mean Reversion,shadow,short,78539.61,78561.55,78537.99,78539.61,-12.79,-102.8,2128,trending
,2026-04-22T22:50:03.913077,BTC,Mean Reversion,paper,long,78553.5,78541.19,78553.5,78553.5,-1.57,-1.6,2343,high_vol
,2026-04-22T22:50:03.913863,BTC,Mean Reversion,shadow,long,78595.83,78514.42,78537.99,78595.83,-20.36,-110.4,2083,high_vol
,2026-04-22T22:50:18.258704,BTC,Mean Reversion,paper,long,78542.08,78553.75,78542.08,78542.08,1.49,1.5,1360,low_vol
,2026-04-22T22:50:18.259498,BTC,Mean Reversion,shadow,long,78593.39,78519.0,78542.57,78593.39,-19.46,-109.5,3003,low_vol
,2026-04-22T22:50:26.491465,BTC,Mean Reversion,paper,long,78551.51,78554.42,78551.51,78551.51,0.37,0.4,1189,ranging
,2026-04-22T22:50:26.491948,BTC,Mean Reversion,shadow,long,78583.32,78519.58,78543.14,78583.32,-18.11,-108.1,641,ranging
,2026-04-22T22:50:30.600002,ETH,Mean Reversion,paper,short,2397.45,2396.92,2397.45,2397.45,2.2,2.2,435,ranging
,2026-04-22T22:50:30.600805,ETH,Mean Reversion,shadow,short,2396.85,2397.74,2397.03,2396.85,-13.73,-103.7,1856,ranging
,2026-04-22T22:50:40.808579,BTC,Mean Reversion,paper,long,78523.34,78516.93,78523.34,78523.34,-0.82,-0.8,3355,high_vol
,2026-04-22T22:50:40.809364,BTC,Mean Reversion,shadow,long,78565.63,78501.0,78524.55,78565.63,-18.23,-108.2,241,high_vol
,2026-04-22T22:50:51.086206,ETH,Mean Reversion,paper,long,2396.3,2395.79,2396.3,2396.3,-2.09,-2.1,2227,high_vol
,2026-04-22T22:50:51.086667,ETH,Mean Reversion,shadow,long,2397.87,2395.49,2396.2,2397.87,-19.95,-110.0,1511,high_vol
,2026-04-22T22:50:55.162033,BTC,Mean Reversion,paper,short,78517.47,78530.49,78517.47,78517.47,-1.66,-1.7,1489,high_vol
,2026-04-22T22:50:55.162829,BTC,Mean Reversion,shadow,short,78533.58,78553.3,78529.74,78533.58,-12.51,-102.5,882,high_vol
,2026-04-22T22:50:57.241905,ETH,Mean Reversion,paper,long,2396.78,2396.72,2396.78,2396.78,-0.22,-0.2,2763,low_vol
,2026-04-22T22:50:57.242679,ETH,Mean Reversion,shadow,long,2397.86,2395.88,2396.6,2397.86,-18.26,-108.3,1312,low_vol
,2026-04-22T22:50:59.325217,BTC,Mean Reversion,paper,short,78532.78,78552.4,78532.78,78532.78,-2.5,-2.5,227,trending
,2026-04-22T22:50:59.325999,BTC,Mean Reversion,shadow,short,78535.86,78560.61,78537.04,78535.86,-13.15,-103.2,3251,trending
,2026-04-22T22:51:05.499387,BTC,Mean Reversion,paper,long,78542.64,78547.26,78542.64,78542.64,0.59,0.6,2296,low_vol
,2026-04-22T22:51:05.500168,BTC,Mean Reversion,shadow,long,78580.02,78511.9,78535.46,78580.02,-18.67,-108.7,3454,low_vol
,2026-04-22T22:51:09.658290,BTC,Mean Reversion,paper,long,78547.15,78533.14,78547.15,78547.15,-1.78,-1.8,3419,ranging
,2026-04-22T22:51:09.659123,BTC,Mean Reversion,shadow,long,78581.26,78511.9,78535.46,78581.26,-18.83,-108.8,2917,ranging
,2026-04-22T22:51:13.777980,ETH,Mean Reversion,paper,short,2396.03,2396.37,2396.03,2396.03,-1.4,-1.4,620,high_vol
,2026-04-22T22:51:13.778765,ETH,Mean Reversion,shadow,short,2396.09,2396.98,2396.27,2396.09,-13.74,-103.7,2833,high_vol
,2026-04-22T22:51:30.258506,BTC,Mean Reversion,paper,long,78527.29,78548.6,78527.29,78527.29,2.71,2.7,289,low_vol
,2026-04-22T22:51:30.259257,BTC,Mean Reversion,shadow,long,78587.09,78511.9,78535.46,78587.09,-19.57,-109.6,1488,low_vol
,2026-04-22T22:51:36.341797,BTC,Mean Reversion,paper,short,78548.09,78524.63,78548.09,78548.09,2.99,3.0,1912,low_vol
,2026-04-22T22:51:36.342342,BTC,Mean Reversion,shadow,short,78543.72,78559.17,78535.61,78543.72,-11.97,-102.0,2995,low_vol
,2026-04-22T22:51:44.570425,BTC,Mean Reversion,paper,short,78552.64,78546.11,78552.64,78552.64,0.83,0.8,980,ranging
,2026-04-22T22:51:44.571124,BTC,Mean Reversion,shadow,short,78532.51,78562.63,78539.07,78532.51,-13.83,-103.8,2526,ranging
,2026-04-22T22:51:59.020700,ETH,Mean Reversion,paper,long,2397.7,2396.92,2397.7,2397.7,-3.26,-3.3,3576,trending
,2026-04-22T22:51:59.021527,ETH,Mean Reversion,shadow,long,2399.14,2396.53,2397.24,2399.14,-20.88,-110.9,1158,trending
,2026-04-22T22:52:01.041808,BTC,Mean Reversion,paper,short,78567.26,78559.5,78567.26,78567.26,0.99,1.0,2253,low_vol
,2026-04-22T22:52:01.042591,BTC,Mean Reversion,shadow,short,78551.61,78579.56,78555.99,78551.61,-13.56,-103.6,1045,low_vol
,2026-04-22T22:52:21.275113,BTC,Mean Reversion,paper,long,78562.52,78541.76,78562.52,78562.52,-2.64,-2.6,805,trending
,2026-04-22T22:52:21.275898,BTC,Mean Reversion,shadow,long,78609.85,78532.43,78555.99,78609.85,-19.85,-109.8,323,trending
,2026-04-22T22:52:33.675576,ETH,Mean Reversion,paper,long,2398.21,2397.36,2398.21,2398.21,-3.52,-3.5,3169,low_vol
,2026-04-22T22:52:33.676349,ETH,Mean Reversion,shadow,long,2399.51,2397.08,2397.8,2399.51,-20.13,-110.1,103,low_vol
,2026-04-22T22:52:43.991735,ETH,Mean Reversion,paper,long,2398.5,2398.12,2398.5,2398.5,-1.56,-1.6,2319,low_vol
,2026-04-22T22:52:43.992555,ETH,Mean Reversion,shadow,long,2400.02,2397.69,2398.41,2400.02,-19.69,-109.7,3420,low_vol
,2026-04-22T22:52:46.054033,ETH,Mean Reversion,paper,short,2397.97,2398.69,2397.97,2397.97,-2.99,-3.0,3599,ranging
,2026-04-22T22:52:46.054873,ETH,Mean Reversion,shadow,short,2398.39,2399.14,2398.43,2398.39,-13.13,-103.1,1966,ranging
,2026-04-22T22:53:19.034612,BTC,Mean Reversion,paper,long,78598.46,78577.76,78598.46,78598.46,-2.63,-2.6,2346,high_vol
,2026-04-22T22:53:19.035352,BTC,Mean Reversion,shadow,long,78628.92,78565.72,78589.29,78628.92,-18.04,-108.0,2982,high_vol
,2026-04-22T22:53:42.116105,BTC,Mean Reversion,paper,short,78574.11,78581.6,78574.11,78574.11,-0.95,-1.0,2457,ranging
,2026-04-22T22:53:42.116923,BTC,Mean Reversion,shadow,short,78594.56,78604.43,78580.86,78594.56,-11.26,-101.3,2406,ranging
,2026-04-22T22:53:48.275946,ETH,Mean Reversion,paper,short,2396.46,2396.64,2396.46,2396.46,-0.77,-0.8,1600,low_vol
,2026-04-22T22:53:48.276752,ETH,Mean Reversion,shadow,short,2396.65,2397.41,2396.69,2396.65,-13.17,-103.2,3421,low_vol
,2026-04-22T22:53:54.596151,BTC,Mean Reversion,paper,long,78536.29,78539.89,78536.29,78536.29,0.46,0.5,3420,high_vol
,2026-04-22T22:53:54.596948,BTC,Mean Reversion,shadow,long,78601.12,78520.78,78544.35,78601.12,-20.22,-110.2,835,high_vol
,2026-04-22T22:54:09.542714,ETH,Mean Reversion,paper,long,2396.89,2397.22,2396.89,2396.89,1.36,1.4,1058,ranging
,2026-04-22T22:54:09.543506,ETH,Mean Reversion,shadow,long,2398.49,2396.15,2396.86,2398.49,-19.79,-109.8,3355,ranging
,2026-04-22T22:54:15.953765,ETH,Mean Reversion,paper,short,2397.36,2397.41,2397.36,2397.36,-0.19,-0.2,1335,trending
,2026-04-22T22:54:15.954564,ETH,Mean Reversion,shadow,short,2397.53,2397.96,2397.24,2397.53,-11.81,-101.8,1362,trending
,2026-04-22T22:54:20.086336,BTC,Mean Reversion,paper,long,78559.17,78555.96,78559.17,78559.17,-0.41,-0.4,1387,trending
,2026-04-22T22:54:20.087002,BTC,Mean Reversion,shadow,long,78605.06,78538.83,78562.39,78605.06,-18.43,-108.4,1917,trending
,2026-04-22T22:54:22.093127,BTC,Mean Reversion,paper,short,78580.79,78563.55,78580.79,78580.79,2.19,2.2,232,low_vol
,2026-04-22T22:54:22.093759,BTC,Mean Reversion,shadow,short,78567.0,78593.46,78569.89,78567.0,-13.37,-103.4,1859,low_vol
,2026-04-22T22:54:26.382724,ETH,Mean Reversion,paper,long,2397.53,2397.27,2397.53,2397.53,-1.07,-1.1,107,trending
,2026-04-22T22:54:26.383531,ETH,Mean Reversion,shadow,long,2398.99,2396.73,2397.44,2398.99,-19.43,-109.4,2754,trending
,2026-04-22T22:54:45.475871,ETH,Mean Reversion,paper,short,2398.06,2398.22,2398.06,2398.06,-0.65,-0.7,3510,ranging
,2026-04-22T22:54:45.476671,ETH,Mean Reversion,shadow,short,2397.83,2398.52,2397.81,2397.83,-12.88,-102.9,407,ranging
,2026-04-22T22:54:58.058299,BTC,Mean Reversion,paper,long,78596.45,78585.43,78596.45,78596.45,-1.4,-1.4,593,trending
,2026-04-22T22:54:58.067294,BTC,Mean Reversion,shadow,long,78635.85,78559.93,78583.51,78635.85,-19.65,-109.7,904,trending
,2026-04-22T22:55:02.365441,ETH,Mean Reversion,paper,short,2398.64,2398.83,2398.64,2398.64,-0.79,-0.8,2072,trending
,2026-04-22T22:55:02.366181,ETH,Mean Reversion,shadow,short,2398.23,2399.12,2398.4,2398.23,-13.74,-103.7,3400,trending
,2026-04-22T22:55:19.059767,BTC,Mean Reversion,paper,long,78612.14,78586.64,78612.14,78612.14,-3.24,-3.2,2463,trending
,2026-04-22T22:55:19.060349,BTC,Mean Reversion,shadow,long,78661.05,78578.52,78602.11,78661.05,-20.49,-110.5,243,trending
,2026-04-22T22:55:21.209139,ETH,Mean Reversion,paper,long,2398.63,2398.56,2398.63,2398.63,-0.26,-0.3,958,high_vol
,2026-04-22T22:55:21.209928,ETH,Mean Reversion,shadow,long,2399.79,2397.49,2398.2,2399.79,-19.62,-109.6,3201,high_vol
,2026-04-22T22:55:37.928111,ETH,Mean Reversion,paper,short,2398.53,2398.25,2398.53,2398.53,1.16,1.2,378,trending
,2026-04-22T22:55:37.929768,ETH,Mean Reversion,shadow,short,2398.52,2399.15,2398.43,2398.52,-12.66,-102.7,407,trending
,2026-04-22T22:55:48.432648,BTC,Mean Reversion,paper,short,78595.91,78574.99,78595.91,78595.91,2.66,2.7,1858,ranging
,2026-04-22T22:55:48.433294,BTC,Mean Reversion,shadow,short,78578.03,78605.59,78582.01,78578.03,-13.51,-103.5,3470,ranging
,2026-04-22T22:56:13.784663,BTC,Mean Reversion,paper,long,78571.85,78581.0,78571.85,78571.85,1.16,1.2,3584,high_vol
,2026-04-22T22:56:13.785513,BTC,Mean Reversion,shadow,long,78630.83,78546.33,78569.9,78630.83,-20.75,-110.7,2554,high_vol
,2026-04-22T22:56:24.282539,ETH,Mean Reversion,paper,short,2397.4,2397.31,2397.4,2397.4,0.36,0.4,2303,high_vol
,2026-04-22T22:56:24.283352,ETH,Mean Reversion,shadow,short,2397.83,2398.23,2397.52,2397.83,-11.67,-101.7,2558,high_vol
,2026-04-22T22:56:57.946807,BTC,Mean Reversion,paper,short,78571.57,78577.01,78571.57,78571.57,-0.69,-0.7,1161,ranging
,2026-04-22T22:56:57.947661,BTC,Mean Reversion,shadow,short,78575.45,78604.43,78580.86,78575.45,-13.69,-103.7,2301,ranging
,2026-04-22T22:57:06.358971,ETH,Mean Reversion,paper,short,2397.52,2397.22,2397.52,2397.52,1.25,1.2,933,ranging
,2026-04-22T22:57:06.359742,ETH,Mean Reversion,shadow,short,2397.35,2398.27,2397.56,2397.35,-13.84,-103.8,2199,ranging
,2026-04-22T22:57:23.129810,BTC,Mean Reversion,paper,short,78590.99,78603.28,78590.99,78590.99,-1.56,-1.6,1096,trending
,2026-04-22T22:57:23.130544,BTC,Mean Reversion,shadow,short,78613.49,78624.93,78601.35,78613.49,-11.45,-101.5,800,trending
,2026-04-22T22:57:39.752830,ETH,Mean Reversion,paper,short,2398.32,2398.01,2398.32,2398.32,1.32,1.3,3337,ranging
,2026-04-22T22:57:39.753658,ETH,Mean Reversion,shadow,short,2398.2,2398.73,2398.02,2398.2,-12.24,-102.2,3060,ranging
,2026-04-22T22:57:46.076570,ETH,Mean Reversion,paper,short,2397.97,2398.28,2397.97,2397.97,-1.29,-1.3,420,trending
,2026-04-22T22:57:46.077285,ETH,Mean Reversion,shadow,short,2397.93,2398.76,2398.05,2397.93,-13.47,-103.5,1494,trending
,2026-04-22T22:58:07.081930,ETH,Mean Reversion,paper,short,2397.86,2398.09,2397.86,2397.86,-0.97,-1.0,1733,low_vol
,2026-04-22T22:58:07.082557,ETH,Mean Reversion,shadow,short,2398.26,2398.92,2398.2,2398.26,-12.76,-102.8,1916,low_vol
,2026-04-22T22:58:13.543359,BTC,Mean Reversion,paper,short,78594.08,78577.16,78594.08,78594.08,2.15,2.2,3279,trending
,2026-04-22T22:58:13.544152,BTC,Mean Reversion,shadow,short,78603.5,78615.79,78592.21,78603.5,-11.56,-101.6,3221,trending
,2026-04-22T22:58:17.725358,ETH,Mean Reversion,paper,long,2398.16,2398.41,2398.16,2398.16,1.02,1.0,1073,high_vol
,2026-04-22T22:58:17.726349,ETH,Mean Reversion,shadow,long,2399.9,2397.68,2398.39,2399.9,-19.28,-109.3,1343,high_vol
,2026-04-22T22:59:00.546671,BTC,Mean Reversion,paper,short,78631.3,78633.54,78631.3,78631.3,-0.29,-0.3,1121,ranging
,2026-04-22T22:59:00.548330,BTC,Mean Reversion,shadow,short,78618.09,78647.59,78624.01,78618.09,-13.75,-103.8,1157,ranging
,2026-04-22T22:59:10.905097,BTC,Mean Reversion,paper,long,78636.32,78625.01,78636.32,78636.32,-1.44,-1.4,3412,trending
,2026-04-22T22:59:10.905853,BTC,Mean Reversion,shadow,long,78681.96,78600.42,78624.01,78681.96,-20.36,-110.4,2213,trending
,2026-04-22T22:59:17.362526,BTC,Mean Reversion,paper,long,78623.83,78613.18,78623.83,78623.83,-1.35,-1.4,3259,ranging
,2026-04-22T22:59:17.363337,BTC,Mean Reversion,shadow,long,78681.83,78600.42,78624.01,78681.83,-20.35,-110.3,3316,ranging
,2026-04-22T22:59:21.530129,ETH,Mean Reversion,paper,long,2400.15,2400.08,2400.15,2400.15,-0.27,-0.3,82,high_vol
,2026-04-22T22:59:21.530894,ETH,Mean Reversion,shadow,long,2401.11,2399.17,2399.89,2401.11,-18.12,-108.1,529,high_vol
,2026-04-22T22:59:25.640059,ETH,Mean Reversion,paper,short,2399.89,2400.26,2399.89,2399.89,-1.57,-1.6,507,ranging
,2026-04-22T22:59:25.640887,ETH,Mean Reversion,shadow,short,2399.78,2400.71,2399.99,2399.78,-13.9,-103.9,2172,ranging
,2026-04-22T22:59:36.181331,BTC,Mean Reversion,paper,long,78675.86,78657.34,78675.86,78675.86,-2.35,-2.4,2900,trending
,2026-04-22T22:59:36.182107,BTC,Mean Reversion,shadow,long,78709.0,78637.55,78661.14,78709.0,-19.08,-109.1,1825,trending
,2026-04-22T23:04:36.483755,BTC,Mean Reversion,paper,short,78654.97,78662.48,78654.97,78654.97,-0.95,-1.0,1633,trending
,2026-04-22T23:04:36.485327,BTC,Mean Reversion,shadow,short,78651.92,78681.99,78658.39,78651.92,-13.82,-103.8,2932,trending
,2026-04-22T23:04:38.641557,ETH,Mean Reversion,paper,short,2401.73,2401.82,2401.73,2401.73,-0.38,-0.4,1764,high_vol
,2026-04-22T23:04:38.642187,ETH,Mean Reversion,shadow,short,2402.06,2402.33,2401.61,2402.06,-11.1,-101.1,1571,high_vol
,2026-04-22T23:04:49.213260,ETH,Mean Reversion,paper,long,2401.5,2401.15,2401.5,2401.5,-1.43,-1.4,3130,ranging
,2026-04-22T23:04:49.213884,ETH,Mean Reversion,shadow,long,2402.85,2400.88,2401.61,2402.85,-18.16,-108.2,1747,ranging
,2026-04-22T23:04:51.310798,ETH,Mean Reversion,paper,short,2401.9,2401.38,2401.9,2401.9,2.19,2.2,3384,low_vol
,2026-04-22T23:04:51.311246,ETH,Mean Reversion,shadow,short,2401.61,2402.33,2401.61,2401.61,-12.97,-103.0,1624,low_vol
,2026-04-22T23:04:57.767914,ETH,Mean Reversion,paper,short,2401.3,2401.89,2401.3,2401.3,-2.48,-2.5,324,trending
,2026-04-22T23:04:57.768567,ETH,Mean Reversion,shadow,short,2401.63,2402.33,2401.61,2401.63,-12.89,-102.9,385,trending
,2026-04-22T23:05:10.455968,ETH,Mean Reversion,paper,long,2401.51,2401.38,2401.51,2401.51,-0.56,-0.6,3255,low_vol
,2026-04-22T23:05:10.456560,ETH,Mean Reversion,shadow,long,2403.18,2400.88,2401.61,2403.18,-19.53,-109.5,1404,low_vol
,2026-04-22T23:05:16.858440,BTC,Mean Reversion,paper,long,78668.13,78669.79,78668.13,78668.13,0.21,0.2,292,ranging
,2026-04-22T23:05:16.859084,BTC,Mean Reversion,shadow,long,78705.4,78634.8,78658.39,78705.4,-18.97,-109.0,3029,ranging
,2026-04-22T23:06:31.990864,ETH,Mean Reversion,paper,short,2401.67,2401.92,2401.67,2401.67,-1.05,-1.1,3485,trending
,2026-04-22T23:06:31.991307,ETH,Mean Reversion,shadow,short,2401.59,2402.33,2401.61,2401.59,-13.05,-103.1,2402,trending
